timestamp,servo_xp,servo_xn,servo_yp,servo_yn,nmpc_solver_time,heading_deg,pitch,roll,yaw,accel_x,accel_y,accel_z,gyro_x,gyro_y,gyro_z,height_tof_mm_filtered,gyro_temp,height_tof_mm,height_baro_m,battery_main_voltage,battery_edf_voltage,temperature,pressure,humidity,edf_percent
245775,0.0,0.0,0.0,0.0,7685.60400390625,250.21548461914062,3.2431349754333496,0.9765788912773132,0.0,-0.017333984375,0.056884765625,1.0546875,0.2977099120616913,-0.030534351244568825,-2.1603052616119385,0.0010378764709457755,2244,0,98,1188,10,3070,100752,26,90
245792,-1.1971640586853027,1.3531732559204102,3.6574900150299072,-3.694783926010132,7849.787109375,251.13766479492188,3.24570631980896,0.9732682108879089,0.0,-0.016357421875,0.066650390625,1.05322265625,0.45038166642189026,0.06106870248913765,-2.2290077209472656,0.0010378764709457755,2245,0,98,1188,10,3070,100752,26,90
245812,-2.065476179122925,2.438493251800537,10.978422164916992,-11.015913963317871,7945.93115234375,250.7581787109375,3.250742197036743,0.9850823879241943,0.0,-0.02294921875,0.06005859375,1.051025390625,0.25954198837280273,-0.015267175622284412,-2.2977099418640137,0.0010378764709457755,2245,0,98,1188,10,3070,100752,26,89
245835,-1.9804575443267822,2.5019984245300293,11.500176429748535,-11.69090747833252,7971.78955078125,251.64111328125,3.240645408630371,0.9843412637710571,0.0,-0.01708984375,0.0576171875,1.05810546875,0.290076345205307,-0.04580152779817581,-2.3129770755767822,0.0010378764709457755,2245,0,98,1186,10,3070,100751,26,86
245852,-2.2192163467407227,2.7279534339904785,11.839003562927246,-12.17266845703125,7988.0908203125,251.44642639160156,3.2816169261932373,0.9863539934158325,0.0,-0.0302734375,0.066650390625,1.053955078125,0.19083969295024872,0.022900763899087906,-2.14503812789917,0.0010378764709457755,2245,0,98,1186,10,3070,100751,26,84
245872,-2.2117886543273926,2.677720546722412,11.953120231628418,-12.359105110168457,7999.51025390625,251.56283569335938,3.272853136062622,0.9572510719299316,0.0,-0.007568359375,0.0322265625,1.048828125,0.37404578924179077,-0.038167938590049744,-1.9007633924484253,0.0010378764709457755,2245,0,98,1186,10,3070,100751,26,85
245893,-2.3212177753448486,2.7871882915496826,12.022269248962402,-12.517314910888672,8007.71728515625,250.5535125732422,3.3064043521881104,0.9622141718864441,0.0,-0.02001953125,0.083251953125,1.056640625,0.7633587718009949,-0.10687022656202316,-2.1526718139648438,0.0010378764709457755,2245,0,98,1186,11,3070,100751,26,87
245912,-2.2304935455322266,2.674281597137451,12.77934455871582,-13.199929237365723,8014.17626953125,250.78631591796875,3.252246141433716,0.9854673743247986,0.0,-0.027099609375,0.015380859375,1.056640625,0.19847328960895538,0.28244274854660034,-1.3129770755767822,0.001021950040012598,2245,0,98,1186,12,3070,100751,26,87
245935,-2.1227450370788574,2.5653581619262695,10.596628189086914,-10.270659446716309,8018.3212890625,249.78897094726562,3.2214925289154053,1.055703043937683,0.0,-0.039306640625,0.060791015625,1.053955078125,0.25954198837280273,-0.2748091518878937,-2.2977099418640137,0.001021950040012598,2245,0,98,1186,12,3070,100751,26,87
245952,-2.222153902053833,2.7820358276367188,11.602433204650879,-11.671631813049316,8022.06005859375,250.3940887451172,3.21509051322937,1.0629712343215942,0.0,-0.017578125,0.05078125,1.05322265625,0.3358778655529022,-0.007633587811142206,-2.419847249984741,0.001021950040012598,2245,0,98,1186,12,3070,100751,26,87
245975,-2.1319446563720703,2.6708996295928955,11.750262260437012,-12.032951354980469,8058.46630859375,249.9306640625,3.1657803058624268,1.048844337463379,0.0,-0.02001953125,0.052978515625,1.05322265625,0.3435114622116089,0.18320611119270325,-2.251908302307129,0.001021950040012598,2245,0,98,1186,12,3070,100751,26,87
245992,-2.2173075675964355,2.7214152812957764,11.833295822143555,-12.250974655151367,8062.7568359375,250.90914916992188,3.197861671447754,1.0477426052093506,0.0,-0.016357421875,0.076171875,1.0546875,0.35877862572669983,-0.022900763899087906,-2.2061069011688232,0.001021950040012598,2245,0,98,1186,12,3070,100751,26,87
246012,-2.167872905731201,2.6696083545684814,12.095342636108398,-12.618099212646484,8054.1044921875,250.60855102539062,3.213376760482788,1.0414949655532837,0.0,-0.01806640625,0.071533203125,1.052490234375,0.06106870248913765,-0.0,-2.3435113430023193,0.001021950040012598,2245,0,98,1186,12,3070,100751,26,87
246032,-2.2035326957702637,2.7090137004852295,12.776344299316406,-13.291833877563477,8054.81787109375,250.95236206054688,3.231151580810547,1.0418719053268433,0.0,-0.01953125,0.0595703125,1.058349609375,0.21374045312404633,0.1221374049782753,-2.1526718139648438,0.001021950040012598,2245,0,98,1187,11,3070,100752,26,87
246055,-2.0496864318847656,2.54882550239563,8.997309684753418,-8.927180290222168,8055.0439453125,249.98085021972656,3.211904287338257,1.0265350341796875,0.0,-0.017333984375,0.05322265625,1.0498046875,0.23664122819900513,-0.08396946638822556,-2.2290077209472656,0.001021950040012598,2245,0,98,1188,11,3070,100752,26,87
246072,-2.526918649673462,3.065927505493164,11.708537101745605,-11.94019603729248,8055.56884765625,250.54995727539062,3.222700595855713,1.025559902191162,0.0,-0.0205078125,0.064453125,1.048583984375,0.17557251453399658,0.05343511328101158,-2.114503860473633,0.001021950040012598,2245,0,98,1188,11,3070,100751,26,87
246093,-2.1099190711975098,2.5985748767852783,11.82376766204834,-12.207708358764648,8055.2529296875,251.13519287109375,3.2471373081207275,1.024018406867981,0.0,-0.0205078125,0.071044921875,1.053955078125,0.35114502906799316,0.022900763899087906,-2.1297709941864014,0.001021950040012598,2245,0,98,1188,11,3070,100751,26,87
246115,-2.254664182662964,2.7423720359802246,12.074068069458008,-12.573230743408203,8054.81005859375,249.74522399902344,3.249234437942505,1.0189754962921143,0.0,-0.017333984375,0.053466796875,1.04736328125,0.16030533611774445,-0.04580152779817581,-2.2748091220855713,0.0010096973273903131,2245,0,98,1189,10,3070,100751,26,87
246132,-2.2345166206359863,2.741241455078125,12.712544441223145,-13.288936614990234,8055.0576171875,251.16006469726562,3.255574941635132,1.0054064989089966,0.0,-0.012939453125,0.062255859375,1.05322265625,0.25954198837280273,0.15267175436019897,-2.3053436279296875,0.0010096973273903131,2245,0,98,1189,10,3070,100751,26,87
246152,-2.1291725635528564,2.6475117206573486,9.497590065002441,-9.128990173339844,8055.203125,250.85162353515625,3.2669599056243896,1.0031993389129639,0.0,-0.016357421875,0.062744140625,1.05615234375,0.4885496199131012,0.022900763899087906,-2.2061069011688232,0.0010096973273903131,2245,0,98,1189,10,3070,100751,26,87
246172,-2.4861268997192383,3.0519955158233643,11.721214294433594,-11.839317321777344,8055.78759765625,250.98629760742188,3.2780818939208984,0.9972619414329529,0.0,-0.0166015625,0.063720703125,1.055419921875,0.21374045312404633,-0.007633587811142206,-2.282442808151245,0.0010096973273903131,2245,0,98,1188,10,3070,100751,26,87
246195,-2.127446413040161,2.6458189487457275,11.754877090454102,-12.110505104064941,8055.46240234375,251.52943420410156,3.268526792526245,0.9961928725242615,0.0,-0.017333984375,0.051513671875,1.05029296875,0.442748099565506,-0.038167938590049744,-2.244274854660034,0.0010096973273903131,2245,0,98,1188,10,3070,100751,26,87
246212,-2.327622175216675,2.8268091678619385,11.930096626281738,-12.398421287536621,8055.2392578125,251.24191284179688,3.2790772914886475,0.99698805809021,0.0,-0.019287109375,0.066162109375,1.047119140625,0.48091602325439453,-0.1221374049782753,-2.2671756744384766,0.0010096973273903131,2245,0,98,1188,10,3070,100751,26,87
246232,-2.2267940044403076,2.7356486320495605,12.349852561950684,-12.939253807067871,8055.31787109375,250.7890625,3.2630860805511475,0.9810646176338196,0.0,-0.00927734375,0.055419921875,1.052978515625,0.15267175436019897,0.10687022656202316,-2.3664121627807617,0.0010096973273903131,2245,0,98,1189,10,3070,100751,26,87
246252,-2.2862884998321533,2.8279285430908203,13.79339599609375,-13.48598861694336,8054.80078125,249.97598266601562,3.2817611694335938,0.9744398593902588,0.0,-0.014892578125,0.06982421875,1.056396484375,0.2977099120616913,-0.07633587718009949,-2.2671756744384766,0.0010096973273903131,2244,0,98,1189,10,3070,100752,26,87
246275,-1.955538272857666,2.4920425415039062,6.501730442047119,-7.32512903213501,8054.1435546875,250.649169921875,3.277951955795288,0.9815687537193298,0.0,-0.015625,0.0673828125,1.051513671875,0.18320611119270325,0.038167938590049744,-2.213740348815918,0.0010096973273903131,2245,0,98,1189,9,3070,100752,26,87
246293,-1.9080175161361694,2.399597644805908,10.745867729187012,-11.15473747253418,8054.90087890625,250.6602783203125,3.289583921432495,0.9784387350082397,0.0,-0.01708984375,0.068359375,1.05712890625,0.3358778655529022,0.038167938590049744,-2.4045801162719727,0.0010096973273903131,2244,0,98,1189,9,3070,100751,26,89
246312,-2.098257303237915,2.590618848800659,10.80146598815918,-11.283632278442383,8054.6591796875,250.55734252929688,3.2939388751983643,0.975269079208374,0.0,-0.012451171875,0.060302734375,1.062255859375,0.37404578924179077,0.015267175622284412,-2.29007625579834,0.00020974481594748795,2245,0,98,1189,10,3070,100751,26,90
246335,-2.0816478729248047,2.591740131378174,11.035707473754883,-11.571625709533691,8054.4697265625,250.8090362548828,3.2955243587493896,0.9833930730819702,0.0,-0.012939453125,0.06005859375,1.051513671875,0.37404578924179077,-0.06870228797197342,-2.213740348815918,0.00020974481594748795,2245,0,98,1189,11,3070,100751,26,90
246352,-2.0749709606170654,2.574786901473999,11.106566429138184,-11.67524528503418,8054.1162109375,249.8570556640625,3.2869746685028076,0.9794076681137085,0.0,-0.01708984375,0.05810546875,1.05078125,0.5038167834281921,0.022900763899087906,-2.076335906982422,0.00020974481594748795,2245,0,98,1189,11,3070,100751,26,90
246372,-1.9970223903656006,2.4935853481292725,11.0081148147583,-11.613550186157227,8054.3896484375,250.94515991210938,3.2709219455718994,0.9808272123336792,0.0,-0.015625,0.04931640625,1.055419921875,0.30534350872039795,0.022900763899087906,-2.1603052616119385,0.00020974481594748795,2245,0,98,1189,11,3070,100751,26,90
246395,-1.957289695739746,2.4689621925354004,11.027836799621582,-11.650757789611816,8054.3544921875,250.84185791015625,3.2894787788391113,0.983705997467041,0.0,-0.0126953125,0.063720703125,1.050537109375,0.3435114622116089,-0.06106870248913765,-2.137404680252075,0.00020974481594748795,2245,0,98,1188,12,3070,100751,26,90
246412,-2.058140754699707,2.536741018295288,11.26998519897461,-11.898722648620605,8055.2919921875,250.99822998046875,3.2643072605133057,0.9829074740409851,0.0,-0.016845703125,0.048095703125,1.052490234375,0.4198473393917084,-0.09160305559635162,-2.0839693546295166,0.00020974481594748795,2244,0,98,1188,12,3070,100751,26,87
246432,-2.137786388397217,2.6355204582214355,11.372222900390625,-12.025947570800781,8055.15771484375,251.01022338867188,3.2582273483276367,0.9860859513282776,0.0,-0.01904296875,0.0615234375,1.05322265625,0.221374049782753,0.04580152779817581,-2.328244209289551,0.00020974481594748795,2245,0,98,1188,13,3070,100751,26,84
246452,-2.1244091987609863,2.640378713607788,11.430962562561035,-12.06958293914795,8055.17578125,251.09063720703125,3.260823965072632,0.9967067241668701,0.0,-0.01953125,0.060302734375,1.054443359375,0.5343511700630188,0.015267175622284412,-2.2366411685943604,0.00020974481594748795,2245,0,98,1188,12,3070,100751,26,81
246472,-2.1546356678009033,2.660707473754883,11.46821117401123,-12.110668182373047,8055.2646484375,251.1749267578125,3.265141487121582,0.9948710799217224,0.0,-0.019287109375,0.068115234375,1.04296875,0.3358778655529022,-0.030534351244568825,-2.2290077209472656,0.00020974481594748795,2245,0,98,1188,13,3070,100751,26,81
246493,-2.1833789348602295,2.6849045753479004,11.93452262878418,-12.5972318649292,8054.28271484375,251.4644775390625,3.259417772293091,0.9935356974601746,0.0,-0.02001953125,0.0537109375,1.052734375,0.3206106722354889,0.007633587811142206,-2.183206081390381,0.00020974481594748795,2245,0,98,1188,13,3070,100751,26,82
246512,-2.285378932952881,2.781125783920288,12.262558937072754,-12.858482360839844,8055.29541015625,250.47640991210938,3.259754180908203,0.9898397922515869,0.0,-0.020263671875,0.065185546875,1.0546875,0.442748099565506,0.13740457594394684,-2.1984732151031494,0.0007393401465378702,2245,0,98,1188,12,3070,100751,26,83
246532,-2.2910244464874268,2.7989964485168457,12.799991607666016,-13.313948631286621,8055.68994140625,250.600830078125,3.246608257293701,0.9930422306060791,0.0,-0.022705078125,0.05078125,1.053955078125,0.25190839171409607,0.06870228797197342,-2.2366411685943604,0.0007393401465378702,2245,0,98,1189,11,3070,100751,26,83
246552,-2.3995625972747803,2.945117473602295,15.335299491882324,-15.025891304016113,8055.7138671875,250.93966674804688,3.24682879447937,0.9952185153961182,0.0,-0.017333984375,0.061767578125,1.0537109375,0.3435114622116089,-0.09923664480447769,-2.2977099418640137,0.0007393401465378702,2245,0,98,1189,11,3070,100751,26,83
246572,-2.084594488143921,2.65325665473938,7.938371181488037,-7.629135608673096,8055.72021484375,250.41671752929688,3.256220579147339,0.9874963760375977,0.0,-0.01318359375,0.056884765625,1.05078125,0.40458014607429504,-0.015267175622284412,-2.2061069011688232,0.0007393401465378702,2245,0,98,1189,11,3070,100751,26,83
246592,-2.4155304431915283,2.9902143478393555,11.750608444213867,-11.924969673156738,8055.94140625,250.84580993652344,3.279778242111206,0.987713098526001,0.0,-0.012451171875,0.084228515625,1.0439453125,0.42748090624809265,-0.030534351244568825,-2.2061069011688232,0.0007393401465378702,2245,0,98,1189,10,3070,100751,26,83
246612,-2.1819007396698,2.691638946533203,11.984529495239258,-12.308852195739746,8055.3759765625,250.63827514648438,3.2598464488983154,0.9582859873771667,0.0,-0.0087890625,0.05322265625,1.062255859375,0.2442748099565506,0.04580152779817581,-2.1221373081207275,0.0007393401465378702,2245,0,98,1189,10,3070,100751,26,83
246632,-2.2282254695892334,2.7409374713897705,12.166970252990723,-12.641246795654297,8054.83349609375,250.92926025390625,3.273052215576172,0.9445064067840576,0.0,-0.009521484375,0.074951171875,1.05615234375,0.25954198837280273,-0.11450381577014923,-2.4503817558288574,0.0007393401465378702,2245,0,98,1189,10,3070,100751,26,83
246655,-2.1968932151794434,2.7235007286071777,12.715554237365723,-13.293279647827148,8055.3759765625,250.27159118652344,3.260901927947998,0.941498339176178,0.0,-0.016357421875,0.056396484375,1.056396484375,0.16030533611774445,0.1450381726026535,-2.244274854660034,0.0007393401465378702,2245,0,98,1189,9,3071,100751,26,83
246672,-2.3042430877685547,2.866990089416504,15.154306411743164,-14.22665023803711,8054.76025390625,250.90647888183594,3.2694907188415527,0.9345479011535645,0.0,-0.015625,0.063232421875,1.05859375,0.3129771053791046,0.06870228797197342,-2.282442808151245,0.0007393401465378702,2245,0,98,1189,9,3071,100751,26,83
246693,-1.9193204641342163,2.534116506576538,7.757853031158447,-6.8304948806762695,8055.6748046875,250.57302856445312,3.2717695236206055,0.9317991137504578,0.0,-0.01611328125,0.0595703125,1.052734375,0.4351145029067993,0.007633587811142206,-2.114503860473633,0.0007393401465378702,2245,0,98,1189,10,3071,100751,26,82
246712,-2.0870068073272705,2.69460129737854,11.40544319152832,-11.432154655456543,8055.48828125,250.95828247070312,3.2809603214263916,0.93075031042099,0.0,-0.01318359375,0.0712890625,1.055419921875,0.290076345205307,0.030534351244568825,-2.320610761642456,0.00016816111747175455,2245,0,98,1188,10,3071,100751,26,81
246735,-2.028959274291992,2.5543155670166016,11.51042366027832,-11.737473487854004,8054.8310546875,250.42025756835938,3.251936435699463,0.9166396856307983,0.0,-0.01806640625,0.037353515625,1.051025390625,0.35877862572669983,-0.08396946638822556,-1.9236640930175781,0.00016816111747175455,2245,0,98,1188,10,3071,100751,26,81
246752,-2.078321695327759,2.566812753677368,11.446739196777344,-11.854715347290039,8054.59765625,251.03656005859375,3.250934600830078,0.9202830791473389,0.0,-0.011962890625,0.061279296875,1.052978515625,0.4351145029067993,-0.12977099418640137,-2.14503812789917,0.00016816111747175455,2245,0,98,1188,10,3071,100752,26,81
246776,-2.0621674060821533,2.5571818351745605,11.524459838867188,-12.01181697845459,8054.60302734375,251.0372772216797,3.2557942867279053,0.909504234790802,0.0,-0.009033203125,0.063720703125,1.04931640625,0.3893129825592041,0.13740457594394684,-2.0458016395568848,0.00016816111747175455,2245,0,98,1187,11,3071,100752,26,81
246794,-2.05074143409729,2.551041841506958,11.502602577209473,-12.074069023132324,8054.03759765625,251.47793579101562,3.2694685459136963,0.910886824131012,0.0,-0.021240234375,0.062255859375,1.050537109375,0.30534350872039795,-0.19847328960895538,-2.328244209289551,0.00016816111747175455,2245,0,98,1187,12,3071,100752,26,81
246812,-1.9696718454360962,2.4808950424194336,11.572661399841309,-12.16858959197998,8054.2197265625,250.18179321289062,3.258634090423584,0.9071044325828552,0.0,-0.01220703125,0.0537109375,1.048828125,0.16030533611774445,-0.04580152779817581,-2.114503860473633,0.00016816111747175455,2245,0,98,1187,12,3071,100752,26,81
246835,-2.0160624980926514,2.510610818862915,11.57885456085205,-12.188766479492188,8054.86572265625,250.65521240234375,3.242704391479492,0.9146106243133545,0.0,-0.0205078125,0.05615234375,1.05029296875,0.4122137427330017,-0.1221374049782753,-2.1908397674560547,0.00016816111747175455,2245,0,98,1188,11,3071,100752,26,81
246852,-2.020071506500244,2.514421224594116,11.612321853637695,-12.21060848236084,8054.94677734375,250.6820526123047,3.238419771194458,0.9170176982879639,0.0,-0.016357421875,0.05517578125,1.051025390625,0.28244274854660034,-0.06870228797197342,-2.0839693546295166,0.00016816111747175455,2245,0,98,1188,11,3071,100752,26,81
246873,-2.024848222732544,2.518829345703125,11.644980430603027,-12.257197380065918,8055.5693359375,250.84664916992188,3.2260165214538574,0.9139735698699951,0.0,-0.017578125,0.05615234375,1.05419921875,0.45038166642189026,-0.007633587811142206,-2.2366411685943604,0.00016816111747175455,2245,0,98,1188,11,3071,100752,26,81
246892,-2.0663137435913086,2.5704543590545654,11.676042556762695,-12.27914047241211,8055.58349609375,250.40109252929688,3.216723918914795,0.9218249917030334,0.0,-0.018798828125,0.0556640625,1.050537109375,0.5114504098892212,0.007633587811142206,-2.1984732151031494,-7.530358743679244e-06,2245,0,98,1188,11,3071,100751,26,81
246915,-2.0180933475494385,2.526028633117676,11.707554817199707,-12.323732376098633,8054.85400390625,250.73040771484375,3.1967079639434814,0.928943395614624,0.0,-0.02001953125,0.06494140625,1.0595703125,0.3129771053791046,0.030534351244568825,-2.2748091220855713,-7.530358743679244e-06,2245,0,98,1188,11,3071,100751,26,81
246932,-1.969198226928711,2.487154483795166,11.779428482055664,-12.386224746704102,8055.75927734375,250.73910522460938,3.2063419818878174,0.9290191531181335,0.0,-0.01611328125,0.06640625,1.05517578125,0.290076345205307,0.06870228797197342,-2.3129770755767822,-7.530358743679244e-06,2245,0,98,1188,11,3071,100751,26,81
246955,-2.0206801891326904,2.5414798259735107,11.88071346282959,-12.467950820922852,8055.9921875,251.26768493652344,3.202521324157715,0.9443159103393555,0.0,-0.015380859375,0.052734375,1.048828125,0.442748099565506,0.015267175622284412,-2.2977099418640137,-7.530358743679244e-06,2245,0,98,1189,11,3071,100751,26,81
246972,-2.0328781604766846,2.5508065223693848,12.164283752441406,-12.69722843170166,8055.6328125,250.57794189453125,3.1936914920806885,0.9558160305023193,0.0,-0.020751953125,0.05517578125,1.050048828125,0.30534350872039795,-0.007633587811142206,-2.1908397674560547,-7.530358743679244e-06,2245,0,98,1189,11,3071,100751,26,81
246995,-2.088627815246582,2.6189868450164795,13.083215713500977,-13.494335174560547,8055.9208984375,249.91375732421875,3.222141981124878,0.9559674859046936,0.0,-0.0205078125,0.06884765625,1.0595703125,0.4351145029067993,-0.06870228797197342,-2.3816792964935303,-7.530358743679244e-06,2245,0,98,1189,11,3071,100751,26,81
247012,-1.877457857131958,2.4074630737304688,6.715749263763428,-7.204389572143555,8056.05322265625,250.37979125976562,3.203139543533325,0.9536430239677429,0.0,-0.016845703125,0.0537109375,1.048583984375,0.35877862572669983,-0.05343511328101158,-2.106870174407959,-7.530358743679244e-06,2245,0,98,1189,11,3071,100751,26,81
247032,-2.0687026977539062,2.589273691177368,11.178385734558105,-11.592838287353516,8056.27880859375,250.44146728515625,3.2014222145080566,0.9566907286643982,0.0,-0.02099609375,0.051513671875,1.04833984375,0.21374045312404633,0.04580152779817581,-2.2061069011688232,-7.530358743679244e-06,2245,0,98,1189,11,3071,100751,26,81
247052,-1.9681599140167236,2.4619603157043457,11.33922004699707,-11.813188552856445,8056.203125,250.40948486328125,3.194263219833374,0.9659596681594849,0.0,-0.03271484375,0.04443359375,1.057373046875,0.4351145029067993,0.1679389327764511,-2.0610687732696533,-7.530358743679244e-06,2245,0,98,1188,12,3071,100751,26,81
247073,-2.0564329624176025,2.5399441719055176,11.380610466003418,-11.911510467529297,8056.1298828125,250.85696411132812,3.235886335372925,0.9728477001190186,0.0,-0.02294921875,0.05126953125,1.053466796875,0.37404578924179077,-0.04580152779817581,-2.0839693546295166,-7.530358743679244e-06,2245,0,98,1188,11,3071,100751,26,81
247095,-1.932205080986023,2.4287140369415283,11.445405960083008,-12.040870666503906,8055.4248046875,250.17318725585938,3.230682849884033,0.9736611843109131,0.0,-0.021484375,0.051513671875,1.0595703125,0.07633587718009949,0.06870228797197342,-2.2671756744384766,-5.536807293538004e-05,2245,0,98,1188,12,3071,100751,26,81
247112,-1.9200289249420166,2.4265596866607666,11.471308708190918,-12.079020500183105,8055.7626953125,250.52481079101562,3.241572141647339,0.9626508951187134,0.0,-0.01318359375,0.06884765625,1.05224609375,0.19847328960895538,0.04580152779817581,-2.1908397674560547,-5.536807293538004e-05,2245,0,98,1188,12,3071,100751,26,81
247135,-2.005788564682007,2.5037665367126465,11.495416641235352,-12.110381126403809,8054.83349609375,250.57530212402344,3.232571601867676,0.9725378155708313,0.0,-0.01708984375,0.0546875,1.05517578125,0.4122137427330017,0.05343511328101158,-2.2061069011688232,-5.536807293538004e-05,2245,0,98,1188,11,3071,100751,26,81
247152,-1.9885026216506958,2.5046064853668213,11.514261245727539,-12.172111511230469,8054.87646484375,250.86790466308594,3.23006534576416,0.9767194390296936,0.0,-0.021484375,0.07275390625,1.054931640625,0.25190839171409607,0.06870228797197342,-2.4885497093200684,-5.536807293538004e-05,2245,0,98,1188,11,3071,100751,26,81
247175,-1.9476380348205566,2.4797778129577637,11.506871223449707,-12.132407188415527,8054.55078125,250.52975463867188,3.2493996620178223,0.975176215171814,0.0,-0.016357421875,0.0751953125,1.0546875,0.23664122819900513,-0.04580152779817581,-2.29007625579834,-5.536807293538004e-05,2245,0,98,1188,12,3071,100751,26,81
247192,-1.9557701349258423,2.4706194400787354,11.564291954040527,-12.193037033081055,8055.22412109375,250.45135498046875,3.257763147354126,0.9748003482818604,0.0,-0.0146484375,0.056396484375,1.05078125,0.22900763154029846,0.12977099418640137,-2.29007625579834,-5.536807293538004e-05,2245,0,98,1188,12,3071,100751,26,81
247215,-2.014899253845215,2.518784761428833,11.568028450012207,-12.16504192352295,8054.60546875,250.48231506347656,3.2179408073425293,0.9670728445053101,0.0,-0.01513671875,0.0556640625,1.053466796875,0.42748090624809265,0.05343511328101158,-2.114503860473633,-5.536807293538004e-05,2245,0,98,1188,12,3071,100751,26,81
247232,-1.993558645248413,2.493654489517212,11.563596725463867,-12.192142486572266,8054.40771484375,250.6698455810547,3.2214503288269043,0.964453935623169,0.0,-0.01806640625,0.060546875,1.054443359375,0.1679389327764511,-0.038167938590049744,-2.3053436279296875,-5.536807293538004e-05,2245,0,98,1188,12,3071,100751,26,81
247255,-1.9427546262741089,2.4505441188812256,11.604767799377441,-12.193939208984375,8054.1162109375,250.27218627929688,3.214177131652832,0.9586047530174255,0.0,-0.013671875,0.05712890625,1.056640625,0.221374049782753,0.022900763899087906,-2.1221373081207275,-5.536807293538004e-05,2245,0,98,1188,12,3071,100751,26,81
247273,-2.0890843868255615,2.5844600200653076,12.094473838806152,-12.735315322875977,8054.1767578125,250.94744873046875,3.1976418495178223,0.9525526165962219,0.0,-0.014892578125,0.052734375,1.05126953125,0.35877862572669983,0.04580152779817581,-2.2671756744384766,-5.536807293538004e-05,2245,0,98,1188,12,3071,100751,26,82
247292,-2.15215802192688,2.6583006381988525,12.681883811950684,-13.093356132507324,8054.00537109375,250.42889404296875,3.203568696975708,0.9556504487991333,0.0,-0.0166015625,0.061767578125,1.049072265625,0.25190839171409607,0.038167938590049744,-2.14503812789917,0.000749940169043839,2245,0,98,1188,12,3071,100751,26,83
247312,-2.260875701904297,2.7644946575164795,14.564677238464355,-15.145021438598633,8052.84619140625,250.41470336914062,3.181544780731201,0.9456825256347656,0.0,-0.014404296875,0.05419921875,1.05810546875,0.3358778655529022,0.05343511328101158,-2.29007625579834,0.000749940169043839,2245,0,98,1188,12,3071,100751,26,83
247332,-1.9839776754379272,2.4797070026397705,7.167985439300537,-7.748333930969238,8053.46484375,250.30198669433594,3.168722629547119,0.9526525139808655,0.0,-0.01513671875,0.05078125,1.049560546875,0.2442748099565506,-0.030534351244568825,-2.213740348815918,0.000749940169043839,2245,0,98,1188,12,3071,100751,26,83
247355,-2.2245543003082275,2.7495810985565186,11.57597827911377,-12.018569946289062,8053.3564453125,249.66909790039062,3.182016611099243,0.9474161267280579,0.0,-0.02001953125,0.06640625,1.057373046875,0.19847328960895538,0.17557251453399658,-2.1908397674560547,0.000749940169043839,2245,0,98,1188,11,3071,100751,26,83
247372,-2.069690465927124,2.560681104660034,11.828094482421875,-12.321070671081543,8053.0322265625,250.42874145507812,3.181966543197632,0.9555371999740601,0.0,-0.025390625,0.044677734375,1.058837890625,0.3206106722354889,-0.04580152779817581,-2.1526718139648438,0.000749940169043839,2245,0,98,1188,11,3071,100751,26,83
247392,-2.151965379714966,2.64585542678833,12.057891845703125,-12.636589050292969,8052.47412109375,250.55908203125,3.178036689758301,0.9589627385139465,0.0,-0.0302734375,0.077880859375,1.0458984375,0.2977099120616913,-0.2442748099565506,-2.2748091220855713,0.000749940169043839,2245,0,98,1188,11,3071,100750,26,83
247415,-2.086794137954712,2.5916240215301514,12.772218704223633,-13.256503105163574,8052.73583984375,250.5546875,3.1993961334228516,0.9418084621429443,0.0,-0.020263671875,0.0625,1.0498046875,0.07633587718009949,0.11450381577014923,-2.1221373081207275,0.000749940169043839,2245,0,98,1188,12,3071,100750,26,83
247432,-2.225738525390625,2.766662836074829,14.559793472290039,-13.719326972961426,8052.1845703125,249.79124450683594,3.2318172454833984,0.944210946559906,0.0,-0.017578125,0.078369140625,1.055419921875,0.48091602325439453,-0.06870228797197342,-2.282442808151245,0.000749940169043839,2245,0,98,1188,12,3071,100751,26,83
247452,-1.9453893899917603,2.5448663234710693,7.163254261016846,-6.941190719604492,8052.6884765625,250.978271484375,3.2728028297424316,0.9269305467605591,0.0,-0.011962890625,0.064208984375,1.055419921875,0.37404578924179077,-0.1450381726026535,-2.3740458488464355,0.000749940169043839,2245,0,98,1188,11,3071,100751,26,83
247473,-2.043195962905884,2.636765718460083,11.406843185424805,-11.638031005859375,8052.33349609375,250.70993041992188,3.2936782836914062,0.9197641015052795,0.0,-0.007568359375,0.054443359375,1.0498046875,0.2977099120616913,0.07633587718009949,-2.3740458488464355,0.000749940169043839,2245,0,98,1188,11,3071,100751,26,82
247492,-1.915008783340454,2.443465232849121,11.387917518615723,-11.781951904296875,8052.6806640625,250.72430419921875,3.2653534412384033,0.906417727470398,0.0,-0.014892578125,0.04931640625,1.062255859375,0.35114502906799316,0.04580152779817581,-2.2290077209472656,0.00023852787853684276,2245,0,98,1188,11,3071,100750,26,81
247515,-1.9627419710159302,2.493560791015625,11.329622268676758,-11.858230590820312,8053.2998046875,250.56051635742188,3.2827162742614746,0.935356855392456,0.0,-0.025634765625,0.063232421875,1.053466796875,0.32824426889419556,-0.19083969295024872,-2.5496182441711426,0.00023852787853684276,2245,0,98,1188,11,3071,100750,26,81
247532,-1.8559162616729736,2.4077439308166504,11.446639060974121,-12.04074478149414,8052.64990234375,250.38560485839844,3.2648327350616455,0.9436801075935364,0.0,-0.012451171875,0.063232421875,1.061279296875,0.09923664480447769,0.221374049782753,-2.4503817558288574,0.00023852787853684276,2245,0,98,1188,11,3071,100751,26,81
247552,-1.9162911176681519,2.452625274658203,11.410837173461914,-12.029141426086426,8052.5595703125,250.7950439453125,3.2624011039733887,0.9322665929794312,0.0,-0.01123046875,0.05322265625,1.046142578125,0.32824426889419556,-0.1450381726026535,-2.389312982559204,0.00023852787853684276,2245,0,98,1188,11,3071,100751,26,81
247575,-1.9162448644638062,2.4383809566497803,11.45744800567627,-12.08625316619873,8052.71337890625,250.45272827148438,3.2387309074401855,0.9211742877960205,0.0,-0.01416015625,0.057373046875,1.053466796875,0.19847328960895538,-0.007633587811142206,-2.2671756744384766,0.00023852787853684276,2245,0,98,1189,11,3071,100751,26,81
247592,-1.9267723560333252,2.4335412979125977,11.501142501831055,-12.117907524108887,8052.41552734375,250.8704376220703,3.2508559226989746,0.93058842420578,0.0,-0.01806640625,0.070556640625,1.05419921875,0.38167938590049744,0.11450381577014923,-2.1908397674560547,0.00023852787853684276,2245,0,98,1189,11,3071,100751,26,81
247615,-1.9370958805084229,2.4279849529266357,11.46899700164795,-12.066821098327637,8052.6083984375,250.51318359375,3.2615315914154053,0.938835084438324,0.0,-0.0263671875,0.059326171875,1.05029296875,0.1679389327764511,-0.13740457594394684,-2.038167953491211,0.00023852787853684276,2245,0,98,1188,11,3071,100751,26,81
247632,-1.8918629884719849,2.387737512588501,11.504410743713379,-12.140210151672363,8052.8359375,250.18197631835938,3.252756118774414,0.9382580518722534,0.0,-0.02099609375,0.05810546875,1.050048828125,0.23664122819900513,-0.015267175622284412,-2.3664121627807617,0.00023852787853684276,2244,0,98,1188,11,3071,100751,26,81
247655,-1.9583635330200195,2.4772777557373047,11.51974868774414,-12.141911506652832,8052.3544921875,250.56512451171875,3.255685567855835,0.9421488046646118,0.0,-0.0107421875,0.061767578125,1.05517578125,0.45038166642189026,-0.007633587811142206,-2.2977099418640137,0.00023852787853684276,2245,0,98,1189,11,3071,100751,26,81
247673,-2.1377413272857666,2.7357919216156006,11.486038208007812,-12.303142547607422,8052.9638671875,250.87109375,3.2883083820343018,0.9691998362541199,0.0,-0.05078125,0.1162109375,1.023193359375,1.1679389476776123,-0.12977099418640137,-3.824427366256714,0.00023852787853684276,2245,0,98,1189,11,3071,100751,26,81
247692,-1.9920748472213745,2.6089909076690674,11.710081100463867,-12.184401512145996,8052.18212890625,250.21762084960938,3.2381560802459717,0.9805658459663391,0.0,-0.021484375,0.051513671875,1.038330078125,0.11450381577014923,0.06870228797197342,-1.4885495901107788,2.962806320283562e-05,2245,0,98,1189,10,3071,100751,26,81
247712,-2.0585832595825195,2.5365054607391357,11.666172981262207,-12.279728889465332,8052.8349609375,250.3032989501953,3.2616403102874756,0.9757980108261108,0.0,-0.021484375,0.070068359375,1.0556640625,0.7557252049446106,-0.3358778655529022,-2.503816843032837,2.962806320283562e-05,2245,0,98,1189,10,3071,100751,26,81
247732,-2.091090202331543,2.5859832763671875,12.094505310058594,-12.513750076293945,8053.75244140625,250.4408721923828,3.2750279903411865,1.0154732465744019,0.0,-0.020263671875,0.04638671875,1.048095703125,0.39694657921791077,0.19847328960895538,-1.5419846773147583,2.962806320283562e-05,2245,0,98,1188,11,3071,100751,26,81
247752,-2.07532000541687,2.5744404792785645,12.416640281677246,-13.11169147491455,8054.40380859375,250.54953002929688,3.2948553562164307,0.9854353666305542,0.0,-0.01171875,0.0556640625,1.0537109375,0.39694657921791077,-0.1450381726026535,-2.8473281860351562,2.962806320283562e-05,2245,0,98,1188,11,3071,100751,26,81
247776,-1.9763691425323486,2.615527391433716,14.615440368652344,-11.025118827819824,8054.87744140625,250.7620849609375,3.3032004833221436,0.973753809928894,0.0,-0.00927734375,0.0654296875,1.044921875,0.0,0.09923664480447769,-1.9312976598739624,2.962806320283562e-05,2245,0,98,1188,11,3071,100751,26,81
247794,-1.7663872241973877,2.3586432933807373,7.2260541915893555,-12.455633163452148,8054.9755859375,251.02883911132812,3.285783290863037,0.979388952255249,0.0,-0.03173828125,0.055419921875,1.0537109375,0.2671755850315094,-0.06106870248913765,-2.572519063949585,2.962806320283562e-05,2245,0,98,1188,12,3071,100751,26,81
247812,-2.331958293914795,2.6055355072021484,10.369826316833496,-12.873262405395508,8054.81884765625,250.83633422851562,3.272064447402954,0.9978224635124207,0.0,-0.03125,0.0390625,1.056640625,0.49618321657180786,-0.038167938590049744,-1.572519063949585,2.962806320283562e-05,2245,0,98,1188,12,3071,100751,26,81
247832,-1.8984359502792358,2.2933812141418457,10.781311988830566,-10.331521034240723,8055.04052734375,250.12722778320312,3.2340829372406006,0.955772340297699,0.0,-0.012939453125,0.040283203125,1.058349609375,0.13740457594394684,-0.21374045312404633,-2.603053331375122,2.962806320283562e-05,2245,0,98,1188,12,3071,100751,26,81
247852,-1.9710637331008911,2.5592546463012695,11.387377738952637,-11.35678768157959,8054.95947265625,250.22964477539062,3.240706205368042,0.9662461876869202,0.0,-0.021240234375,0.067138671875,1.050537109375,0.30534350872039795,0.16030533611774445,-2.1526718139648438,2.962806320283562e-05,2245,0,98,1187,13,3071,100751,26,81
247873,-2.0075571537017822,2.5581183433532715,11.791889190673828,-11.994644165039062,8054.4189453125,250.59490966796875,3.2154293060302734,0.9373932480812073,0.0,-0.011474609375,0.053955078125,1.058349609375,0.1679389327764511,-0.09923664480447769,-2.4732823371887207,2.962806320283562e-05,2245,0,98,1187,14,3071,100751,26,82
247892,-2.1006321907043457,2.639127254486084,11.984743118286133,-12.334399223327637,8055.12255859375,251.40283203125,3.2159512042999268,0.9639449119567871,0.0,-0.031494140625,0.05517578125,1.05029296875,0.5038167834281921,0.11450381577014923,-2.14503812789917,0.0007236422970890999,2245,0,98,1187,14,3071,100751,26,83
247912,-2.1905815601348877,2.7030858993530273,12.170344352722168,-12.658989906311035,8055.2548828125,250.73129272460938,3.1901235580444336,0.9421817064285278,0.0,-0.018798828125,0.05859375,1.057373046875,0.42748090624809265,0.007633587811142206,-2.4427480697631836,0.0007236422970890999,2245,0,98,1187,14,3071,100751,26,83
247932,-2.1164519786834717,2.643500566482544,12.664434432983398,-13.258074760437012,8055.3095703125,251.16957092285156,3.2135214805603027,0.9682071805000305,0.0,-0.01953125,0.072021484375,1.05419921875,0.1450381726026535,0.06870228797197342,-2.2595419883728027,0.0007236422970890999,2245,0,98,1188,14,3071,100751,26,83
247952,-2.2368059158325195,2.8172390460968018,15.53730583190918,-14.005908012390137,8054.72265625,250.46728515625,3.2169435024261475,0.9236244559288025,0.0,-0.007568359375,0.05859375,1.055419921875,0.40458014607429504,0.038167938590049744,-2.282442808151245,0.0007236422970890999,2245,0,98,1188,14,3071,100752,26,83
247972,-1.8785115480422974,2.545699119567871,8.140477180480957,-6.609496116638184,8054.7001953125,251.1846466064453,3.2287611961364746,0.9630786180496216,0.0,-0.028076171875,0.061767578125,1.051025390625,0.18320611119270325,-0.04580152779817581,-2.2366411685943604,0.0007236422970890999,2245,0,98,1188,13,3071,100752,26,83
247995,-2.1366281509399414,2.784050941467285,11.83882999420166,-11.65463638305664,8054.1015625,251.00588989257812,3.1977806091308594,0.9611542820930481,0.0,-0.033447265625,0.0400390625,1.05712890625,0.3129771053791046,-0.015267175622284412,-2.2595419883728027,0.0007236422970890999,2245,0,98,1188,12,3071,100752,26,83
248012,-2.060788154602051,2.625884771347046,11.93054485321045,-12.108846664428711,8053.5830078125,249.617431640625,3.2221567630767822,0.9591454267501831,0.0,-0.0185546875,0.06982421875,1.051025390625,0.39694657921791077,-0.06870228797197342,-2.679389238357544,0.0007236422970890999,2244,0,98,1188,12,3071,100752,26,83
248035,-2.020230531692505,2.579949378967285,12.12751293182373,-12.501107215881348,8053.18115234375,250.70916748046875,3.2107434272766113,0.9340121150016785,0.0,-0.012451171875,0.04443359375,1.049560546875,0.08396946638822556,0.47328245639801025,-2.1908397674560547,0.0007236422970890999,2245,0,98,1188,12,3071,100751,26,83
248052,-2.0573816299438477,2.5927727222442627,12.315709114074707,-12.848841667175293,8053.7099609375,251.0763397216797,3.1964008808135986,0.9700038433074951,0.0,-0.019287109375,0.08056640625,1.053955078125,0.290076345205307,0.25190839171409607,-2.748091697692871,0.0007236422970890999,2245,0,98,1188,12,3071,100751,26,83
248073,-2.141242742538452,2.6739449501037598,13.025660514831543,-13.55417537689209,8054.48583984375,250.89498901367188,3.1721794605255127,0.9700555205345154,0.0,-0.009033203125,0.044677734375,1.048828125,0.2671755850315094,0.221374049782753,-1.9160305261611938,0.0007236422970890999,2245,0,98,1188,11,3071,100751,26,83
248092,-2.134979009628296,2.674816370010376,11.389246940612793,-10.279182434082031,8054.45068359375,250.12078857421875,3.168365240097046,0.9548546671867371,0.0,-0.00830078125,0.057373046875,1.0546875,0.19847328960895538,-0.16030533611774445,-2.320610761642456,0.0010040078777819872,2245,0,98,1188,11,3071,100751,26,83
248115,-2.022921323776245,2.6254796981811523,11.999408721923828,-11.598653793334961,8054.35009765625,250.43145751953125,3.1731460094451904,0.9553002715110779,0.0,-0.00634765625,0.0791015625,1.0537109375,0.06106870248913765,-0.08396946638822556,-2.106870174407959,0.0010040078777819872,2245,0,98,1187,11,3071,100751,26,83
248132,-2.040654420852661,2.5799176692962646,11.870746612548828,-12.033129692077637,8053.9501953125,250.60818481445312,3.160304546356201,0.9487791657447815,0.0,-0.021484375,0.0546875,1.052978515625,0.32824426889419556,0.09923664480447769,-2.282442808151245,0.0010040078777819872,2244,0,98,1187,11,3071,100751,26,83
248155,-2.1524391174316406,2.655527353286743,11.943652153015137,-12.275309562683105,8053.88916015625,250.85665893554688,3.179987907409668,0.9383178949356079,0.0,-0.010498046875,0.067626953125,1.05859375,0.37404578924179077,-0.022900763899087906,-1.9541984796524048,0.0010040078777819872,2245,0,98,1187,11,3071,100751,26,83
248172,-2.1831607818603516,2.6886789798736572,12.113015174865723,-12.630390167236328,8053.20849609375,250.29637145996094,3.1613354682922363,0.9474130868911743,0.0,-0.025634765625,0.0498046875,1.05419921875,0.45038166642189026,-0.1679389327764511,-2.6870229244232178,0.0010040078777819872,2245,0,98,1187,11,3071,100751,26,83
248195,-2.235081911087036,2.7531237602233887,12.753364562988281,-13.273221015930176,8053.74072265625,250.14501953125,3.1700360774993896,0.9509854316711426,0.0,-0.01123046875,0.060791015625,1.05029296875,0.442748099565506,-0.1679389327764511,-1.85496187210083,0.0010040078777819872,2245,0,98,1187,12,3071,100751,26,83
248212,-2.2438108921051025,2.7701330184936523,11.717609405517578,-10.549520492553711,8054.06005859375,250.49514770507812,3.1754345893859863,0.9503726959228516,0.0,-0.01953125,0.058837890625,1.049560546875,0.35114502906799316,-0.2671755850315094,-2.1908397674560547,0.0010040078777819872,2245,0,98,1187,12,3071,100751,26,83
248235,-2.1748032569885254,2.76457142829895,12.066076278686523,-11.51051139831543,8054.54931640625,250.53933715820312,3.186826229095459,0.9678183794021606,0.0,-0.016357421875,0.068359375,1.0537109375,0.47328245639801025,-0.3358778655529022,-2.068702220916748,0.0010040078777819872,2245,0,98,1188,11,3071,100752,26,83
248252,-2.2642316818237305,2.795408010482788,11.212594032287598,-11.864351272583008,8054.06494140625,250.7710418701172,3.187865972518921,0.9609796404838562,0.0,-0.011962890625,0.0654296875,1.04736328125,0.8320610523223877,-0.5038167834281921,-2.435114622116089,0.0010040078777819872,2245,0,98,1188,11,3071,100752,26,83
248273,-2.3026328086853027,2.812202215194702,11.471484184265137,-12.122304916381836,8052.890625,250.12982177734375,3.2041735649108887,0.9715386033058167,0.0,-0.01708984375,0.061279296875,1.045654296875,0.5343511700630188,-0.32824426889419556,-2.2977099418640137,0.0010040078777819872,2245,0,98,1188,12,3071,100752,26,83
248292,-2.222302198410034,2.6789567470550537,11.673210144042969,-12.201886177062988,8052.5556640625,250.45053100585938,3.279197931289673,0.9254902601242065,0.0,-0.007568359375,0.109130859375,1.05859375,0.3206106722354889,-0.3435114622116089,-1.3816794157028198,0.0010600890964269638,2245,0,98,1187,12,3071,100752,26,83
248314,-2.34765887260437,2.726050615310669,11.827085494995117,-12.313748359680176,8051.78125,250.45053100585938,3.163201093673706,0.9808586239814758,0.0,-0.025146484375,0.031494140625,1.047119140625,0.572519063949585,-0.4885496199131012,-1.465648889541626,0.0010600890964269638,2245,0,98,1188,13,3071,100752,26,83
248332,-2.3492369651794434,2.8088154792785645,12.290672302246094,-12.968378067016602,8051.92724609375,250.65438842773438,3.1649951934814453,0.9568544030189514,0.0,-0.009765625,0.0546875,1.06494140625,0.5419847369194031,0.07633587718009949,-2.885496139526367,0.0010600890964269638,2245,0,98,1188,13,3071,100752,26,83
248352,-2.6044859886169434,3.1564128398895264,14.019397735595703,-13.109342575073242,8052.59228515625,250.59332275390625,3.13033127784729,0.8456564545631409,0.0,0.0673828125,-0.017822265625,1.196533203125,1.2977099418640137,-0.3893129825592041,-1.9007633924484253,0.0010600890964269638,2245,0,98,1188,12,3071,100752,26,83
248375,-2.532688617706299,3.3214492797851562,6.623718738555908,-7.414326190948486,8053.24609375,249.8323974609375,3.3497843742370605,0.5915313363075256,0.0,0.012939453125,0.184814453125,1.146728515625,2.4122138023376465,-2.244274854660034,-6.778625965118408,0.0010600890964269638,2245,0,98,1188,12,3071,100752,26,83
248392,-3.666118621826172,4.531343936920166,9.999168395996094,-10.749606132507324,8053.67431640625,251.02804565429688,3.396695613861084,0.6402419209480286,0.0,-0.026123046875,0.11279296875,1.080078125,4.167938709259033,-4.671755790710449,-3.9541983604431152,0.0010600890964269638,2245,0,98,1188,12,3071,100752,26,83
248412,-4.368721961975098,5.148394584655762,9.931124687194824,-10.689850807189941,8053.9033203125,251.56085205078125,3.154524087905884,0.5867622494697571,0.0,0.020263671875,0.025146484375,1.0576171875,5.885496139526367,-4.923664093017578,-3.648854970932007,0.0010600890964269638,2245,0,98,1188,12,3071,100752,26,83
248432,-4.246893882751465,5.267588138580322,9.1610689163208,-10.596619606018066,8054.3291015625,249.88742065429688,3.092458486557007,0.6205210089683533,0.0,-0.009521484375,0.08642578125,1.07666015625,4.618320465087891,-5.748091697692871,-7.206106662750244,0.0010600890964269638,2245,0,98,1188,13,3071,100752,26,83
248453,-4.480729579925537,5.569497585296631,7.525487422943115,-7.72286319732666,8054.5634765625,251.12034606933594,3.0420587062835693,0.755908727645874,0.0,-0.03125,0.07958984375,1.076416015625,6.450381755828857,-5.809160232543945,-5.465648651123047,0.0010600890964269638,2245,0,98,1187,13,3071,100752,26,82
248472,-5.136653900146484,6.256640911102295,7.33068323135376,-8.225773811340332,8054.46484375,251.33599853515625,2.9546608924865723,0.8182189464569092,0.0,-0.028076171875,0.010986328125,1.044677734375,6.4122138023376465,-6.70992374420166,-5.946564674377441,0.0002869676100090146,2245,0,98,1188,12,3071,100752,26,81
248492,-4.800027370452881,6.005159378051758,7.025979518890381,-8.161454200744629,8054.68505859375,251.97442626953125,2.822197675704956,0.9911173582077026,0.0,-0.054443359375,0.03759765625,1.03076171875,5.641221523284912,-5.732824325561523,-6.56488561630249,0.0002869676100090146,2245,0,98,1188,11,3071,100752,26,81
248515,-4.731132507324219,5.741101264953613,7.349788188934326,-8.351269721984863,8054.7099609375,251.73020935058594,2.5937390327453613,1.2205702066421509,0.0,-0.033203125,-0.027587890625,1.0185546875,4.633587837219238,-4.007633686065674,-4.244274616241455,0.0002869676100090146,2245,0,98,1188,11,3071,100752,26,81
248532,-4.425985336303711,5.405135154724121,7.633703708648682,-8.688541412353516,8055.1640625,251.44418334960938,2.4197587966918945,1.2910507917404175,0.0,-0.021484375,-0.022216796875,0.990234375,3.4885497093200684,-2.8702290058135986,-5.190839767456055,0.0002869676100090146,2245,0,98,1188,11,3071,100752,26,81
248553,-3.140195608139038,4.354705810546875,7.952656269073486,-9.264686584472656,8054.6123046875,250.79324340820312,2.2367749214172363,1.3649661540985107,0.0,-0.0498046875,0.007568359375,0.9951171875,0.18320611119270325,-0.847328245639801,-7.717557430267334,0.0002869676100090146,2245,0,98,1188,11,3071,100752,26,81
248572,-2.49725604057312,3.778930902481079,8.35722827911377,-9.583526611328125,8055.3515625,251.15606689453125,2.1393344402313232,1.4946659803390503,0.0,-0.0595703125,0.0078125,1.02734375,-1.305343508720398,-0.7862595319747925,-5.56488561630249,0.0002869676100090146,2245,0,98,1188,11,3071,100752,26,81
248592,-2.3939740657806396,3.5244641304016113,8.0629301071167,-9.273771286010742,8055.328125,251.60791015625,2.1609513759613037,1.5680698156356812,0.0,-0.055419921875,0.0439453125,1.07080078125,-1.4580153226852417,-1.7022900581359863,-5.6259541511535645,0.0002869676100090146,2245,0,98,1188,12,3071,100752,26,81
248612,-2.866741895675659,3.9955227375030518,7.858329772949219,-9.072149276733398,8055.1044921875,252.14761352539062,2.336789131164551,1.6735590696334839,0.0,-0.05859375,0.078857421875,1.07861328125,0.45038166642189026,-1.4503816366195679,-5.717557430267334,0.0002869676100090146,2245,0,98,1188,12,3071,100752,26,81
248632,-3.471219301223755,4.615861892700195,7.842657089233398,-9.080133438110352,8054.07275390625,252.04153442382812,2.495420217514038,1.7609367370605469,0.0,-0.0458984375,0.08154296875,1.078125,1.610687017440796,-1.0229008197784424,-5.923664093017578,0.0002869676100090146,2245,0,98,1189,11,3071,100752,26,81
248653,-4.392236709594727,5.446023464202881,8.803924560546875,-9.78630256652832,8053.64208984375,251.81375122070312,2.5687296390533447,1.7728949785232544,0.0,-0.033935546875,0.059814453125,1.081298828125,1.961832046508789,-2.893129825592041,-4.343511581420898,0.0002869676100090146,2245,0,98,1189,12,3071,100752,26,84
248672,-4.923935890197754,5.7437920570373535,8.623617172241211,-9.357175827026367,8054.0302734375,251.59317016601562,2.5989112854003906,1.7801172733306885,0.0,-0.01123046875,0.052490234375,1.08203125,0.7022900581359863,-5.129770755767822,-1.9007633924484253,0.011078507639467716,2245,0,98,1189,12,3071,100752,26,87
248692,-5.146921634674072,5.458891868591309,2.7977542877197266,-3.2481260299682617,8053.9990234375,252.50184631347656,2.5685367584228516,1.7125507593154907,0.0,0.007080078125,0.031005859375,1.0888671875,-0.4198473393917084,-7.717557430267334,-1.4045801162719727,0.011078507639467716,2245,0,98,1188,13,3071,100752,26,84
248712,-4.6817626953125,5.017505168914795,7.904914855957031,-8.083494186401367,8054.4208984375,252.8472900390625,2.5712904930114746,1.7256361246109009,0.0,0.00146484375,0.03125,1.08056640625,0.1221374049782753,-9.335877418518066,-1.7404580116271973,0.011078507639467716,2245,0,98,1188,13,3071,100752,26,81
248735,-5.30502986907959,5.627727031707764,2.0101518630981445,-2.250149726867676,8053.71484375,252.83119201660156,2.5369553565979004,1.8036705255508423,0.0,-0.01318359375,0.04638671875,1.052734375,0.40458014607429504,-9.702290534973145,-2.2748091220855713,0.011078507639467716,2245,0,98,1187,14,3071,100752,26,78
248752,-5.758305549621582,6.119298934936523,6.3263044357299805,-6.677238941192627,8053.7861328125,253.20632934570312,2.489656686782837,1.8745747804641724,0.0,-0.026123046875,0.012451171875,1.0693359375,0.2442748099565506,-9.893129348754883,-2.7709922790527344,0.011078507639467716,2245,0,98,1187,14,3071,100752,26,75
248776,-3.475494861602783,3.7470009326934814,1.5387697219848633,-1.8058934211730957,8053.53369140625,253.77114868164062,2.5146729946136475,1.92569899559021,0.0,-0.0322265625,0.06982421875,1.07958984375,0.9923664331436157,-11.389312744140625,-3.282442808151245,0.011078507639467716,2245,0,98,1187,14,3071,100752,26,72
248794,-6.305731773376465,6.761054992675781,4.200371265411377,-4.716056823730469,8053.39453125,253.36990356445312,2.4661636352539062,2.0067427158355713,0.0,-0.027099609375,0.0263671875,1.06787109375,0.9465649127960205,-12.702290534973145,-3.106870174407959,0.011078507639467716,2245,0,98,1187,13,3071,100752,26,69
248812,-4.9304304122924805,5.314728736877441,1.6587777137756348,-2.075838327407837,8054.5087890625,253.515625,2.4176652431488037,2.1658709049224854,0.0,-0.048583984375,0.02978515625,1.04736328125,0.25954198837280273,-13.748091697692871,-3.251908302307129,0.011078507639467716,2245,0,98,1187,13,3071,100752,26,67
248835,-4.759522438049316,5.06641149520874,0.6208016872406006,-0.9723182916641235,8055.18603515625,254.72567749023438,2.4889893531799316,2.599461555480957,0.0,-0.072509765625,0.06884765625,1.047119140625,-1.587786316871643,-14.48854923248291,-0.8549618124961853,0.011078507639467716,2245,0,98,1187,13,3071,100751,26,64
248853,-5.494290828704834,5.694657802581787,0.7213207483291626,-0.9805526733398438,8056.01708984375,255.23995971679688,2.5180652141571045,2.799238920211792,0.0,-0.07470703125,0.061279296875,1.0478515625,-1.3435114622116089,-14.320611000061035,-1.4045801162719727,0.011078507639467716,2244,0,98,1187,13,3071,100751,26,66
248872,-5.304500579833984,5.5084333419799805,0.23444902896881104,-0.5117168426513672,8055.74853515625,255.18927001953125,2.4776246547698975,2.990417003631592,0.0,-0.0869140625,0.009521484375,1.059814453125,-0.42748090624809265,-12.862595558166504,-1.503816843032837,0.02186204493045807,2245,0,98,1187,13,3071,100752,26,69
248892,-5.69225549697876,5.8923020362854,0.061980366706848145,-0.3436506986618042,8056.0390625,254.98635864257812,2.4638965129852295,3.250614881515503,0.0,-0.0859375,0.027587890625,1.043701171875,0.5572519302368164,-13.274808883666992,-2.14503812789917,0.02186204493045807,2245,0,98,1187,13,3071,100752,26,67
248915,-4.923959255218506,5.097324848175049,-0.7096701264381409,0.487247109413147,8056.6181640625,255.7777099609375,2.442704439163208,3.6644458770751953,0.0,-0.094970703125,0.03759765625,1.050537109375,0.580152690410614,-12.954198837280273,-2.2671756744384766,0.02186204493045807,2245,0,98,1188,11,3071,100752,26,70
248932,-5.643583297729492,5.832439422607422,-0.9158255457878113,0.6677424907684326,8056.9521484375,256.109375,2.4451987743377686,3.900944232940674,0.0,-0.10986328125,0.054443359375,1.041015625,0.3206106722354889,-12.77862548828125,-2.572519063949585,0.02186204493045807,2245,0,98,1188,11,3071,100752,26,67
248952,-6.467597484588623,6.669056415557861,-1.2413482666015625,0.9735307097434998,8056.74853515625,256.6790771484375,2.4372754096984863,4.290984153747559,0.0,-0.12060546875,0.0576171875,1.027099609375,-0.3435114622116089,-12.38167953491211,-1.6030534505844116,0.02186204493045807,2245,0,98,1189,11,3071,100752,26,64
248972,-6.512696266174316,6.720216274261475,-1.3561692237854004,1.0916143655776978,8056.34228515625,256.8331298828125,2.452542543411255,4.627918720245361,0.0,-0.122802734375,0.05224609375,1.022216796875,-0.5496183037757874,-11.442748069763184,-1.9541984796524048,0.02186204493045807,2245,0,98,1188,11,3071,100752,26,67
248993,-6.220972061157227,6.43259334564209,-1.2723331451416016,1.017778754234314,8056.2568359375,257.3106689453125,2.47452449798584,4.953194618225098,0.0,-0.140380859375,0.05908203125,1.02978515625,0.18320611119270325,-9.587786674499512,-2.6946563720703125,0.02186204493045807,2245,0,98,1188,12,3071,100752,26,70
249012,-5.123659133911133,5.339604377746582,-1.1603305339813232,0.919251024723053,8055.49755859375,257.5277404785156,2.514115333557129,5.321691513061523,0.0,-0.15087890625,0.052001953125,1.01904296875,1.0534350872039795,-7.877862453460693,-3.007633686065674,0.02186204493045807,2245,0,98,1188,12,3071,100752,26,69
249032,-5.9599289894104,6.17118501663208,-0.7970223426818848,0.5443663597106934,8054.91943359375,257.7877502441406,2.4663641452789307,5.676829814910889,0.0,-0.15625,0.036865234375,1.020751953125,0.4198473393917084,-7.366412162780762,-2.564885377883911,0.02186204493045807,2245,0,98,1188,12,3071,100752,26,67
249053,-6.480426788330078,6.661026954650879,-0.30874064564704895,0.09302449226379395,8053.6630859375,258.3222351074219,2.477813243865967,5.988414287567139,0.0,-0.151611328125,0.033935546875,1.01318359375,0.15267175436019897,-5.671755790710449,-1.732824444770813,0.02186204493045807,2245,0,98,1189,12,3071,100752,26,70
249072,-7.220761299133301,7.352850914001465,0.4670813977718353,-0.6314109563827515,8053.68212890625,258.74932861328125,2.496819019317627,6.161196708679199,0.0,-0.1611328125,0.0595703125,1.02685546875,-0.572519063949585,-4.221374034881592,-1.610687017440796,0.042846210300922394,2245,0,98,1189,12,3071,100752,26,73
249092,-7.439499378204346,7.561456680297852,0.7510181665420532,-0.9045673608779907,8053.890625,258.2948303222656,2.533426523208618,6.324231147766113,0.0,-0.140380859375,0.044189453125,1.030517578125,-0.290076345205307,-3.106870174407959,-1.7786259651184082,0.042846210300922394,2245,0,98,1189,12,3071,100752,26,70
249112,-6.34689998626709,6.44578742980957,1.0318135023117065,-1.152008056640625,8053.8759765625,258.1964416503906,2.5070040225982666,6.400491237640381,0.0,-0.12109375,0.040283203125,1.056396484375,1.0610686540603638,-2.320610761642456,-2.4732823371887207,0.042846210300922394,2245,0,98,1188,13,3071,100752,26,73
249132,-7.641381740570068,7.744417190551758,1.4552596807479858,-1.5811634063720703,8053.92578125,258.19451904296875,2.461427927017212,6.3964667320251465,0.0,-0.108642578125,0.040771484375,1.05078125,2.1221373081207275,-2.068702220916748,-3.4809160232543945,0.042846210300922394,2245,0,98,1188,14,3071,100752,26,76
249155,-9.362862586975098,9.453927993774414,2.1008317470550537,-2.2100653648376465,8054.0224609375,258.8387756347656,2.5019943714141846,6.464109897613525,0.0,-0.120849609375,0.05615234375,1.04052734375,0.48091602325439453,-2.465648889541626,-2.5267176628112793,0.042846210300922394,2245,0,98,1188,14,3071,100752,26,73
249172,-12.882059097290039,12.949922561645508,3.5890743732452393,-3.7261321544647217,8054.4130859375,258.6772766113281,2.480689525604248,6.498942852020264,0.0,-0.119873046875,0.04638671875,1.051025390625,-0.35114502906799316,-2.786259651184082,-1.3969465494155884,0.042846210300922394,2245,0,98,1188,14,3071,100752,26,70
249192,-14.780526161193848,14.857728004455566,3.825181722640991,-3.963582754135132,8054.4697265625,258.08868408203125,2.4800517559051514,6.520517826080322,0.0,-0.109619140625,0.03369140625,1.05908203125,-1.1526718139648438,-2.885496139526367,-0.9847328066825867,0.042846210300922394,2245,0,98,1188,14,3071,100751,26,67
249215,-14.85428524017334,14.907065391540527,4.173697471618652,-4.285730838775635,8054.4580078125,258.41925048828125,2.5376956462860107,6.467609882354736,0.0,-0.099609375,0.05224609375,1.07666015625,0.06106870248913765,-3.503816843032837,-2.0610687732696533,0.042846210300922394,2245,0,98,1188,13,3071,100751,26,70
249232,-13.053422927856445,13.108197212219238,3.50972843170166,-3.612300157546997,8054.81884765625,258.5528564453125,2.5554158687591553,6.454288005828857,0.0,-0.108154296875,0.0537109375,1.071044921875,0.9312977194786072,-3.786259651184082,-2.610687017440796,0.042846210300922394,2245,0,98,1188,13,3071,100751,26,67
249253,-15.472569465637207,15.52843189239502,3.793330192565918,-3.9129929542541504,8056.13525390625,258.0649108886719,2.4225707054138184,6.452521324157715,0.0,-0.093994140625,0.08154296875,1.0751953125,0.6870229244232178,-5.114503860473633,-2.5267176628112793,0.042846210300922394,2245,0,98,1187,13,3071,100751,26,70
249275,-16.512508392333984,16.564300537109375,4.00439977645874,-4.141666889190674,8056.5810546875,258.49322509765625,2.3882405757904053,6.505646228790283,0.0,-0.10986328125,0.05078125,1.05224609375,0.5190839767456055,-6.396946430206299,-3.465648889541626,0.05237363278865814,2245,0,98,1187,14,3071,100751,26,68
249292,-15.984393119812012,16.050355911254883,2.7248916625976562,-2.9103281497955322,8056.6982421875,258.3245849609375,2.381786346435547,6.580784320831299,0.0,-0.135009765625,0.075927734375,1.0498046875,0.42748090624809265,-6.496183395385742,-3.1526718139648438,0.05237363278865814,2245,0,98,1187,14,3071,100751,26,65
249315,-15.322149276733398,15.404743194580078,2.3448781967163086,-2.5558042526245117,8056.32275390625,258.0836486816406,2.382755994796753,6.804461479187012,0.0,-0.15283203125,0.04345703125,1.016845703125,0.06106870248913765,-6.114503860473633,-2.358778715133667,0.05237363278865814,2245,0,98,1187,13,3071,100751,26,67
249332,-15.9384765625,16.013351440429688,2.066922903060913,-2.3072569370269775,8055.9482421875,258.18878173828125,2.378511428833008,6.94474983215332,0.0,-0.156982421875,0.02001953125,1.020751953125,-0.49618321657180786,-6.14503812789917,-1.9465649127960205,0.05237363278865814,2245,0,98,1187,13,3071,100752,26,70
249352,-14.610145568847656,14.728347778320312,2.14544415473938,-2.3695645332336426,8056.33203125,258.9761047363281,2.4626870155334473,7.144583225250244,0.0,-0.15576171875,0.05078125,1.040771484375,-0.5877862572669983,-4.793893337249756,-1.2900763750076294,0.05237363278865814,2245,0,98,1187,13,3071,100752,26,68
249372,-16.03854751586914,16.12339210510254,2.7525899410247803,-2.980618476867676,8056.1044921875,258.3851623535156,2.443850040435791,7.216938495635986,0.0,-0.131591796875,0.04541015625,1.052001953125,-0.007633587811142206,-4.030534267425537,-1.7404580116271973,0.05237363278865814,2245,0,98,1187,13,3071,100752,26,65
249394,-15.689847946166992,15.721724510192871,2.7669029235839844,-2.9818735122680664,8056.0029296875,258.3851623535156,2.413567304611206,7.339488983154297,0.0,-0.14404296875,0.0390625,1.056640625,-0.17557251453399658,-5.213740348815918,-2.068702220916748,0.05237363278865814,2245,0,98,1188,12,3071,100752,26,68
249412,-15.225350379943848,15.270329475402832,2.5716981887817383,-2.7739782333374023,8056.66796875,258.9653015136719,2.4280166625976562,7.420382976531982,0.0,-0.147705078125,0.056640625,1.04296875,0.09160305559635162,-4.877862453460693,-2.2595419883728027,0.05237363278865814,2245,0,98,1188,12,3071,100752,26,68
249432,-13.644882202148438,13.717318534851074,2.000053644180298,-2.192868709564209,8056.9638671875,259.3497314453125,2.420027017593384,7.5579705238342285,0.0,-0.156005859375,0.040283203125,1.044677734375,0.5572519302368164,-4.717557430267334,-2.786259651184082,0.05237363278865814,2245,0,98,1189,12,3071,100752,26,65
249453,-13.593413352966309,13.69648551940918,1.6781080961227417,-1.8685840368270874,8056.6318359375,259.0739440917969,2.4112164974212646,7.74072265625,0.0,-0.157958984375,0.039794921875,1.022705078125,1.160305380821228,-3.5572519302368164,-2.4427480697631836,0.05237363278865814,2245,0,98,1189,12,3071,100752,26,68
249472,-14.730130195617676,14.81773853302002,2.488776683807373,-2.678581714630127,8056.61328125,259.1988525390625,2.413717031478882,7.783651828765869,0.0,-0.144775390625,0.05419921875,1.04345703125,0.47328245639801025,-3.328244209289551,-2.8473281860351562,0.05552729219198227,2245,0,98,1189,12,3071,100752,26,66
249495,-17.26581573486328,17.337907791137695,3.3207831382751465,-3.486262321472168,8056.578125,258.3620300292969,2.39632248878479,7.893509864807129,0.0,-0.142333984375,0.0498046875,1.0390625,0.6793892979621887,-3.923664093017578,-2.534351110458374,0.05552729219198227,2245,0,98,1189,12,3071,100752,26,68
249512,-18.243343353271484,18.29390525817871,3.836127758026123,-3.976104736328125,8057.26416015625,258.80328369140625,2.4263341426849365,7.921117305755615,0.0,-0.136962890625,0.049560546875,1.043212890625,0.22900763154029846,-4.183206081390381,-2.3740458488464355,0.05552729219198227,2245,0,98,1189,12,3071,100752,26,69
249535,-16.508827209472656,16.52020835876465,3.662804365158081,-3.7870213985443115,8057.37744140625,259.67041015625,2.433446168899536,8.041216850280762,0.0,-0.154541015625,0.040771484375,1.039794921875,0.5343511700630188,-3.465648889541626,-2.3816792964935303,0.05552729219198227,2245,0,98,1189,11,3071,100752,26,69
249552,-20.502967834472656,20.5172061920166,4.525259017944336,-4.626911640167236,8056.99853515625,259.7002258300781,2.444338798522949,8.104698181152344,0.0,-0.156494140625,0.04931640625,1.034912109375,0.6183205842971802,-3.419847249984741,-2.7022900581359863,0.05552729219198227,2245,0,98,1189,11,3071,100752,26,71
249575,-18.671253204345703,18.690143585205078,4.734424591064453,-4.846739768981934,8056.95556640625,259.7341003417969,2.414121627807617,8.347649574279785,0.0,-0.181396484375,0.047119140625,1.011474609375,0.5648854970932007,-2.3053436279296875,-2.29007625579834,0.05552729219198227,2245,0,98,1189,10,3071,100752,26,69
249592,-19.709877014160156,19.72287368774414,4.9428324699401855,-5.084305763244629,8057.20849609375,259.55792236328125,2.4337942600250244,8.459306716918945,0.0,-0.18017578125,0.0478515625,1.0078125,0.10687022656202316,-1.5572519302368164,-2.0534350872039795,0.05552729219198227,2245,0,98,1189,10,3071,100751,26,71
249615,-13.082283973693848,13.103793144226074,4.502195358276367,-4.608295917510986,8056.97021484375,259.96820068359375,2.4389891624450684,8.663871765136719,0.0,-0.193603515625,0.04296875,1.024658203125,-0.09923664480447769,0.9389312863349915,-1.7786259651184082,0.05552729219198227,2245,0,98,1188,10,3071,100751,26,68
249632,-17.388891220092773,17.400827407836914,6.006696701049805,-6.109550952911377,8057.01806640625,260.0802917480469,2.4722959995269775,8.712278366088867,0.0,-0.176025390625,0.06201171875,1.027099609375,0.12977099418640137,1.9083969593048096,-1.6488549709320068,0.05552729219198227,2245,0,98,1188,10,3071,100751,26,69
249653,-20.27158546447754,20.290281295776367,6.619504451751709,-6.715017318725586,8057.71728515625,259.5478210449219,2.4459946155548096,8.768425941467285,0.0,-0.1796875,0.0439453125,1.029296875,-0.05343511328101158,2.5190839767456055,-2.2748091220855713,0.05552729219198227,2245,0,98,1189,10,3071,100751,26,68
249672,-17.37034034729004,17.393091201782227,6.882178783416748,-6.957510471343994,8058.22509765625,259.7144775390625,2.427152633666992,8.797547340393066,0.0,-0.177001953125,0.044677734375,1.026611328125,0.5343511700630188,3.5877861976623535,-2.328244209289551,0.0590442530810833,2245,0,98,1189,9,3071,100751,26,71
249695,-21.851930618286133,21.869308471679688,7.834690093994141,-7.922957897186279,8057.4208984375,260.38299560546875,2.4806292057037354,8.808886528015137,0.0,-0.17333984375,0.04443359375,1.019287109375,0.5954198241233826,4.687022686004639,-2.0458016395568848,0.0590442530810833,2245,0,98,1189,9,3071,100751,26,68
249712,-19.620346069335938,19.63462257385254,8.812874794006348,-8.89628791809082,8056.25927734375,259.49676513671875,2.4878933429718018,8.792349815368652,0.0,-0.173583984375,0.041259765625,1.03564453125,0.19847328960895538,5.3740458488464355,-1.893129825592041,0.0590442530810833,2245,0,98,1189,9,3071,100751,26,71
249732,-15.967079162597656,16.00376319885254,7.734873294830322,-7.801388263702393,8056.4013671875,259.63421630859375,2.494893789291382,8.686628341674805,0.0,-0.154541015625,0.034423828125,1.042236328125,0.17557251453399658,5.923664093017578,-1.961832046508789,0.0590442530810833,2245,0,98,1188,10,3071,100751,26,68
249752,-20.94456672668457,20.962846755981445,12.163981437683105,-12.185771942138672,8056.41796875,258.8929748535156,2.435851812362671,8.574231147766113,0.0,-0.152587890625,0.034423828125,1.049072265625,0.885496199131012,6.007633686065674,-2.9847328662872314,0.0590442530810833,2245,0,98,1189,10,3071,100751,26,65
249776,-20.91324806213379,20.920093536376953,11.26395320892334,-11.364930152893066,8056.7265625,258.8663330078125,2.430349588394165,8.530096054077148,0.0,-0.145751953125,0.04443359375,1.049072265625,1.3206106424331665,6.5877861976623535,-2.6335878372192383,0.0590442530810833,2245,0,98,1188,10,3071,100751,26,68
249794,-20.07709503173828,20.09331512451172,10.94133472442627,-11.067570686340332,8056.7685546875,259.27593994140625,2.414872884750366,8.454204559326172,0.0,-0.150146484375,0.057373046875,1.037841796875,1.412213683128357,6.809160232543945,-3.0458016395568848,0.0590442530810833,2245,0,98,1187,11,3072,100752,26,68
249812,-15.558392524719238,15.630873680114746,7.110264778137207,-7.250229358673096,8056.47412109375,259.55303955078125,2.44962477684021,8.389354705810547,0.0,-0.151123046875,0.07421875,1.031494140625,0.7862595319747925,7.0,-2.8473281860351562,0.0590442530810833,2245,0,98,1187,11,3072,100752,26,66
249832,-18.447952270507812,18.5187931060791,9.302046775817871,-9.438769340515137,8055.703125,259.4223327636719,2.471113681793213,8.270024299621582,0.0,-0.14013671875,0.05908203125,1.030029296875,1.2519084215164185,7.007633686065674,-2.2290077209472656,0.0590442530810833,2245,0,98,1188,11,3072,100751,26,68
249855,-13.313775062561035,13.317955017089844,7.003612518310547,-7.116074562072754,8054.84130859375,259.4223327636719,2.473914861679077,8.128561019897461,0.0,-0.136962890625,0.057861328125,1.033935546875,0.694656491279602,8.610687255859375,-2.0610687732696533,0.0590442530810833,2245,0,98,1186,12,3072,100751,26,70
249872,-18.221139907836914,18.22635841369629,9.545899391174316,-9.647378921508789,8054.87109375,259.10357666015625,2.506013870239258,8.01203727722168,0.0,-0.124755859375,0.081787109375,1.042236328125,0.694656491279602,8.893129348754883,-2.14503812789917,0.05561165139079094,2245,0,98,1186,12,3072,100751,26,72
249892,-20.629146575927734,20.63323974609375,12.647313117980957,-12.68378734588623,8054.8349609375,258.78631591796875,2.483402967453003,7.777672290802002,0.0,-0.115234375,0.039794921875,1.053466796875,0.3893129825592041,9.213740348815918,-2.030534267425537,0.05561165139079094,2245,0,98,1186,13,3072,100751,26,75
249915,-22.052988052368164,22.051788330078125,13.81619644165039,-13.883728981018066,8054.4658203125,258.88330078125,2.475574493408203,7.4893717765808105,0.0,-0.107666015625,0.046875,1.0595703125,0.3206106722354889,8.80152702331543,-2.0,0.05561165139079094,2244,0,98,1187,12,3072,100751,26,78
249934,-20.05694007873535,20.063692092895508,14.1274995803833,-14.183836936950684,8054.375,258.88330078125,2.49631667137146,7.274319171905518,0.0,-0.10546875,0.049560546875,1.058349609375,0.09923664480447769,7.984732627868652,-1.3969465494155884,0.05561165139079094,2245,0,98,1186,13,3072,100751,26,75
249952,-12.68555736541748,12.692305564880371,6.967476844787598,-7.000168800354004,8054.8564453125,258.4630432128906,2.4899532794952393,7.111344814300537,0.0,-0.09912109375,0.0322265625,1.05859375,-0.1221374049782753,7.496183395385742,-1.1145038604736328,0.05561165139079094,2245,0,98,1186,13,3072,100751,26,72
249972,-20.066730499267578,20.073488235473633,14.346845626831055,-14.379545211791992,8054.7412109375,257.8837890625,2.469338893890381,6.841895580291748,0.0,-0.0869140625,0.059326171875,1.070556640625,-0.20610687136650085,6.8015265464782715,-1.893129825592041,0.05561165139079094,2245,0,98,1187,12,3072,100751,26,75
249995,-21.337018966674805,21.339876174926758,15.368861198425293,-15.417383193969727,8054.7119140625,258.0040283203125,2.391282796859741,6.536892414093018,0.0,-0.0810546875,0.023193359375,1.06787109375,1.1145038604736328,4.893129825592041,-2.572519063949585,0.05561165139079094,2245,0,98,1186,12,3072,100751,26,72
250012,-20.545516967773438,20.53962516784668,14.52806568145752,-14.604400634765625,8054.54443359375,257.1794738769531,2.322767972946167,6.3665337562561035,0.0,-0.07275390625,0.019775390625,1.0830078125,1.4503816366195679,4.458015441894531,-2.748091697692871,0.05561165139079094,2245,0,98,1186,12,3072,100751,26,70
250033,-21.216703414916992,22.676286697387695,12.024734497070312,-12.07136344909668,8054.5869140625,257.533935546875,2.2834901809692383,6.142373085021973,0.0,-0.07666015625,0.03173828125,1.0703125,0.9694656729698181,3.496183156967163,-2.755725145339966,0.05561165139079094,2245,0,98,1187,11,3072,100751,26,68
250053,-20.19198226928711,18.12516975402832,12.103161811828613,-12.164040565490723,8054.54296875,256.7076110839844,2.254542589187622,5.9301438331604,0.0,-0.06787109375,0.037841796875,1.072021484375,0.8396946787834167,2.320610761642456,-2.778625965118408,0.05561165139079094,2245,0,98,1187,11,3072,100752,26,65
250072,-15.145146369934082,21.465272903442383,10.863325119018555,-10.877277374267578,8054.33203125,257.2457275390625,2.2315261363983154,5.84116268157959,0.0,-0.08544921875,0.035400390625,1.071533203125,0.6183205842971802,1.0076335668563843,-2.251908302307129,0.05061608925461769,2244,0,98,1187,11,3072,100752,26,68
250095,-19.317171096801758,20.419408798217773,13.093939781188965,-13.0465669631958,8054.60400390625,256.9976806640625,2.2675158977508545,5.706875324249268,0.0,-0.089111328125,0.0546875,1.064697265625,-0.25954198837280273,-0.04580152779817581,-2.0610687732696533,0.05061608925461769,2245,0,98,1186,12,3072,100752,26,69
250112,-19.982574462890625,19.794118881225586,11.604325294494629,-11.623526573181152,8055.11865234375,257.07818603515625,2.2846121788024902,5.640084743499756,0.0,-0.073974609375,0.04931640625,1.06884765625,-0.3358778655529022,-0.5267175436019897,-1.7557251453399658,0.05061608925461769,2245,0,98,1186,12,3072,100752,26,66
250135,-19.997831344604492,19.97356605529785,11.977801322937012,-12.016302108764648,8054.92041015625,256.61651611328125,2.2392001152038574,5.536497592926025,0.0,-0.074951171875,0.026611328125,1.08349609375,0.10687022656202316,-2.0992367267608643,-2.183206081390381,0.05061608925461769,2245,0,98,1186,12,3072,100752,26,68
250152,-13.518030166625977,13.54378890991211,6.367064952850342,-6.403558731079102,8055.00537109375,256.875244140625,2.244612216949463,5.492158889770508,0.0,-0.078125,0.03759765625,1.081298828125,0.030534351244568825,-2.641221284866333,-1.9847328662872314,0.05061608925461769,2245,0,98,1186,12,3072,100752,26,65
250172,-16.988433837890625,17.007566452026367,8.529379844665527,-8.580276489257812,8055.0537109375,256.7296142578125,2.226543426513672,5.466291904449463,0.0,-0.08251953125,0.04248046875,1.060791015625,0.7175572514533997,-3.534351110458374,-2.572519063949585,0.05061608925461769,2245,0,98,1187,12,3072,100752,26,68
250192,-18.433149337768555,18.45242691040039,9.317667961120605,-9.3631591796875,8055.3681640625,256.550048828125,2.1837809085845947,5.494740962982178,0.0,-0.096923828125,0.0205078125,1.0595703125,0.2442748099565506,-4.14503812789917,-2.6870229244232178,0.05061608925461769,2245,0,98,1187,12,3072,100752,26,65
250215,-14.182637214660645,14.214637756347656,6.6823039054870605,-6.738652229309082,8054.8740234375,257.3865661621094,2.2725493907928467,5.617063522338867,0.0,-0.1123046875,0.0634765625,1.04736328125,0.2748091518878937,-5.442748069763184,-2.580152750015259,0.05061608925461769,2245,0,98,1187,13,3072,100752,26,68
250233,-18.152454376220703,18.16261863708496,9.112536430358887,-9.095404624938965,8055.04931640625,257.07159423828125,2.321263074874878,5.655148506164551,0.0,-0.102783203125,0.048583984375,1.064453125,0.2977099120616913,-5.511450290679932,-1.6183205842971802,0.05061608925461769,2245,0,98,1187,13,3072,100752,26,70
250252,-17.341171264648438,17.33942222595215,6.008031368255615,-6.07881498336792,8054.9423828125,257.3416748046875,2.3135650157928467,5.69182825088501,0.0,-0.101318359375,0.017333984375,1.06005859375,0.09923664480447769,-5.648854732513428,-2.4885497093200684,0.0512431338429451,2245,0,98,1187,13,3072,100752,26,67
250272,-19.614831924438477,19.615365982055664,8.033317565917969,-8.070961952209473,8054.94921875,257.58233642578125,2.313318967819214,5.7945475578308105,0.0,-0.102783203125,0.04736328125,1.048095703125,0.4198473393917084,-5.946564674377441,-2.5496182441711426,0.0512431338429451,2245,0,98,1187,13,3072,100752,26,68
250292,-19.003803253173828,19.013229370117188,8.262591361999512,-8.31129264831543,8055.07958984375,257.81268310546875,2.313422441482544,5.9318766593933105,0.0,-0.11279296875,0.06103515625,1.048828125,0.038167938590049744,-6.053435325622559,-2.358778715133667,0.0512431338429451,2244,0,98,1187,13,3072,100752,26,65
250312,-18.853017807006836,18.86976432800293,7.773508548736572,-7.879536151885986,8055.24365234375,258.23687744140625,2.3359687328338623,6.0826416015625,0.0,-0.125,0.034912109375,1.05224609375,-0.3206106722354889,-6.809160232543945,-1.961832046508789,0.0512431338429451,2245,0,98,1187,13,3072,100752,26,67
250332,-17.780864715576172,17.793581008911133,6.195428848266602,-6.336559772491455,8055.35009765625,258.0004577636719,2.335935115814209,6.219455242156982,0.0,-0.12841796875,0.040771484375,1.0419921875,-0.4885496199131012,-6.8015265464782715,-1.893129825592041,0.0512431338429451,2245,0,98,1187,14,3072,100752,26,69
250352,-17.92721176147461,17.977493286132812,5.123852252960205,-5.295910358428955,8054.76953125,258.4686279296875,2.3519561290740967,6.374422073364258,0.0,-0.130126953125,0.041259765625,1.039794921875,-0.10687022656202316,-6.129770755767822,-1.9847328662872314,0.0512431338429451,2245,0,98,1187,13,3072,100752,26,66
250372,-17.363616943359375,17.422122955322266,5.123390197753906,-5.284082889556885,8054.82568359375,258.8455810546875,2.3696391582489014,6.526262283325195,0.0,-0.137451171875,0.04541015625,1.048583984375,0.06870228797197342,-5.9083967208862305,-2.106870174407959,0.0512431338429451,2245,0,98,1187,13,3072,100752,26,69
250393,-18.67161750793457,18.702306747436523,5.442660808563232,-5.597151279449463,8054.46337890625,258.29595947265625,2.3347854614257812,6.623592376708984,0.0,-0.130859375,0.0341796875,1.0458984375,0.7022900581359863,-5.770992279052734,-2.580152750015259,0.0512431338429451,2245,0,98,1188,13,3072,100752,26,66
250412,-19.28822898864746,19.306230545043945,5.788082122802734,-5.934260845184326,8055.3427734375,257.9608459472656,2.2975375652313232,6.724650859832764,0.0,-0.129638671875,0.041015625,1.04150390625,0.4885496199131012,-5.931297779083252,-2.6564886569976807,0.0512431338429451,2245,0,98,1188,13,3072,100752,26,69
250433,-18.33446502685547,18.36128044128418,5.354170799255371,-5.471606731414795,8056.0830078125,258.67205810546875,2.2948262691497803,6.87187385559082,0.0,-0.139892578125,0.03759765625,1.03955078125,-0.015267175622284412,-6.167938709259033,-2.213740348815918,0.0512431338429451,2245,0,98,1188,14,3072,100752,26,68
250452,-17.058027267456055,17.080102920532227,4.907412052154541,-4.997853755950928,8056.7861328125,259.0109558105469,2.310516595840454,6.991689205169678,0.0,-0.1494140625,0.04296875,1.04296875,-0.3129771053791046,-6.106870174407959,-1.85496187210083,0.05400346592068672,2245,0,98,1188,13,3072,100752,26,70
250474,-17.94586944580078,17.963138580322266,4.982579231262207,-5.0696539878845215,8056.78125,259.0109558105469,2.3229382038116455,7.132133483886719,0.0,-0.130126953125,0.039794921875,1.048095703125,0.04580152779817581,-5.755725383758545,-2.3358778953552246,0.05400346592068672,2245,0,98,1188,13,3072,100752,26,68
250492,-11.523616790771484,11.549531936645508,3.7143170833587646,-3.7509002685546875,8057.1083984375,258.9440612792969,2.324826955795288,7.1722846031188965,0.0,-0.124755859375,0.046142578125,1.0576171875,0.8015267252922058,-5.992366313934326,-2.885496139526367,0.05400346592068672,2245,0,98,1188,13,3072,100752,26,70
250515,-17.77714729309082,17.777318954467773,5.258364200592041,-5.301892280578613,8057.3515625,259.2901611328125,2.2911641597747803,7.341245651245117,0.0,-0.144287109375,0.025146484375,1.034423828125,1.1832060813903809,-6.3053436279296875,-2.923664093017578,0.05400346592068672,2245,0,98,1188,13,3072,100752,26,68
250532,-19.891714096069336,19.901166915893555,4.750311374664307,-4.855620861053467,8057.2822265625,259.33880615234375,2.3165323734283447,7.444207191467285,0.0,-0.138916015625,0.062255859375,1.03515625,0.5648854970932007,-6.473282337188721,-2.8091602325439453,0.05400346592068672,2245,0,98,1188,13,3072,100752,26,71
250555,-18.566089630126953,18.612548828125,3.4188854694366455,-3.5860726833343506,8057.85693359375,259.3680114746094,2.197746753692627,7.683444976806641,0.0,-0.16015625,-0.018310546875,1.04248046875,-0.17557251453399658,-6.251908302307129,-1.732824444770813,0.05400346592068672,2245,0,98,1186,13,3072,100752,26,68
250572,-19.011751174926758,18.976802825927734,3.429560661315918,-3.608927011489868,8057.4169921875,259.2581787109375,2.2153384685516357,7.781898021697998,0.0,-0.150634765625,0.076904296875,1.0419921875,-0.21374045312404633,-6.122137546539307,-2.4122138023376465,0.05400346592068672,2245,0,98,1186,13,3072,100752,26,67
250595,-17.97428321838379,18.112455368041992,3.301898241043091,-3.445255994796753,8057.11328125,259.08721923828125,2.1073968410491943,7.864649772644043,0.0,-0.12744140625,0.023681640625,1.052978515625,0.1450381726026535,-6.122137546539307,-2.564885377883911,0.05400346592068672,2245,0,98,1187,13,3072,100752,26,70
250612,-18.937110900878906,18.952964782714844,3.663116931915283,-3.7907838821411133,8056.6796875,259.3119201660156,2.160858392715454,7.913627624511719,0.0,-0.140869140625,0.085205078125,1.060791015625,0.20610687136650085,-5.961832046508789,-2.3435113430023193,0.05400346592068672,2245,0,98,1187,13,3072,100752,26,67
250633,-15.63925838470459,15.683319091796875,2.8420472145080566,-2.950141191482544,8055.8486328125,258.9901123046875,2.178840160369873,8.038033485412598,0.0,-0.158203125,0.061279296875,1.045654296875,0.7175572514533997,-6.786259651184082,-3.1679389476776123,0.05400346592068672,2245,0,98,1187,13,3072,100752,26,70
250652,-20.02454376220703,20.066164016723633,2.75905704498291,-2.8542377948760986,8055.41015625,259.42816162109375,2.1993134021759033,8.138520240783691,0.0,-0.1591796875,0.03662109375,1.048583984375,0.732824444770813,-6.755725383758545,-2.5572519302368164,0.05581475794315338,2245,0,98,1187,13,3072,100752,26,72
250675,-18.409038543701172,18.410106658935547,3.358747720718384,-3.4396166801452637,8055.21875,259.41766357421875,2.2355434894561768,8.32314682006836,0.0,-0.166259765625,0.048583984375,1.041748046875,-0.04580152779817581,-7.007633686065674,-2.221374034881592,0.05581475794315338,2245,0,98,1187,12,3072,100752,26,70
250692,-19.80625343322754,19.81438636779785,2.8723464012145996,-2.981321096420288,8054.7744140625,259.4122314453125,2.23227596282959,8.423874855041504,0.0,-0.16748046875,0.04541015625,1.042724609375,-0.030534351244568825,-6.969465732574463,-2.137404680252075,0.05581475794315338,2245,0,98,1187,12,3072,100752,26,72
250715,-19.413461685180664,19.48526954650879,2.6763994693756104,-2.7832179069519043,8054.6845703125,259.68798828125,2.1986663341522217,8.597244262695312,0.0,-0.166259765625,0.016845703125,1.015625,0.13740457594394684,-6.175572395324707,-2.8091602325439453,0.05581475794315338,2245,0,98,1187,13,3072,100751,26,69
250732,-20.317737579345703,20.324390411376953,3.1085927486419678,-3.2023565769195557,8054.80322265625,259.541259765625,2.1960601806640625,8.660090446472168,0.0,-0.157958984375,0.05078125,1.049560546875,-0.39694657921791077,-7.259541988372803,-2.7404580116271973,0.05581475794315338,2245,0,98,1187,13,3072,100751,26,68
250755,-17.806861877441406,17.82148551940918,2.050537109375,-2.1281580924987793,8055.1298828125,259.84747314453125,2.229473829269409,8.856024742126465,0.0,-0.157958984375,0.0400390625,1.04345703125,0.8625954389572144,-6.748091697692871,-1.6335878372192383,0.05581475794315338,2245,0,98,1188,12,3072,100751,26,65
250777,-20.297840118408203,20.296175003051758,2.239966630935669,-2.3479676246643066,8055.3408203125,259.55596923828125,2.2180075645446777,8.899199485778809,0.0,-0.164306640625,0.032470703125,1.03466796875,0.4656488597393036,-7.656488418579102,-3.221374034881592,0.05581475794315338,2245,0,98,1188,12,3072,100751,26,68
250795,-19.246641159057617,19.2559814453125,2.130521774291992,-2.2466514110565186,8055.4970703125,259.7556457519531,2.2214913368225098,9.039941787719727,0.0,-0.18798828125,0.044189453125,1.03369140625,0.25190839171409607,-7.251908302307129,-2.0992367267608643,0.05581475794315338,2245,0,98,1188,12,3072,100751,26,68
250812,-15.402819633483887,15.439364433288574,1.1034018993377686,-1.2057137489318848,8055.48828125,260.18548583984375,2.2670819759368896,9.13607406616211,0.0,-0.168701171875,0.05859375,1.0234375,0.22900763154029846,-7.045801639556885,-1.8625954389572144,0.05581475794315338,2245,0,98,1188,12,3072,100751,26,65
250833,-19.51927375793457,19.550661087036133,1.6619203090667725,-1.7626612186431885,8055.68359375,260.181396484375,2.2584080696105957,9.34571361541748,0.0,-0.195556640625,0.048583984375,1.040771484375,0.030534351244568825,-6.595419883728027,-2.580152750015259,0.05581475794315338,2245,0,98,1188,13,3072,100751,26,68
250852,-18.874265670776367,18.87209701538086,2.1428356170654297,-2.215888261795044,8055.71484375,260.0165100097656,2.309597969055176,9.450074195861816,0.0,-0.187255859375,0.067138671875,1.046875,0.022900763899087906,-6.43511438369751,-1.9083969593048096,0.06007800251245499,2245,0,98,1187,13,3072,100751,26,67
250872,-20.277801513671875,20.28037452697754,2.178906202316284,-2.2684998512268066,8055.5263671875,260.34661865234375,2.282066583633423,9.574390411376953,0.0,-0.17333984375,0.0234375,1.0341796875,0.11450381577014923,-6.541984558105469,-2.007633686065674,0.06007800251245499,2245,0,98,1187,14,3072,100751,26,70
250892,-17.798948287963867,17.83064079284668,1.9996933937072754,-2.0714380741119385,8055.68603515625,259.850341796875,2.2910890579223633,9.744362831115723,0.0,-0.194580078125,0.030517578125,1.032470703125,0.08396946638822556,-6.503816604614258,-2.5572519302368164,0.06007800251245499,2245,0,98,1187,14,3072,100751,26,67
250912,-21.442270278930664,21.442678451538086,2.4408998489379883,-2.494896650314331,8055.92431640625,260.28460693359375,2.328155517578125,9.898579597473145,0.0,-0.1904296875,0.03955078125,1.0361328125,-0.06106870248913765,-5.961832046508789,-2.14503812789917,0.06007800251245499,2245,0,98,1187,14,3072,100751,26,69
250935,-21.102989196777344,21.105297088623047,2.63919734954834,-2.6887881755828857,8056.02978515625,260.71087646484375,2.326458215713501,10.134263038635254,0.0,-0.204345703125,0.03369140625,1.02978515625,0.17557251453399658,-5.832061290740967,-2.3816792964935303,0.06007800251245499,2245,0,98,1188,13,3072,100751,26,68
250953,-19.40104103088379,19.41413116455078,1.9147597551345825,-1.9887021780014038,8055.0419921875,260.46826171875,2.3185958862304688,10.23782730102539,0.0,-0.205078125,0.040283203125,1.03271484375,0.7786259651184082,-5.641221523284912,-2.3664121627807617,0.06007800251245499,2245,0,98,1188,13,3072,100751,26,65
250975,-20.822725296020508,20.822134017944336,1.981370210647583,-2.0894179344177246,8054.8154296875,260.7890319824219,2.3011667728424072,10.486567497253418,0.0,-0.216552734375,0.03125,1.016845703125,0.5038167834281921,-4.702290058135986,-2.496183156967163,0.06007800251245499,2245,0,98,1187,14,3072,100751,26,68
250992,-20.2802734375,20.28316307067871,2.4795262813568115,-2.596773862838745,8054.8076171875,260.958740234375,2.299207925796509,10.611725807189941,0.0,-0.21728515625,0.042236328125,1.006103515625,0.48091602325439453,-4.053435325622559,-2.8473281860351562,0.06007800251245499,2245,0,98,1187,14,3072,100751,26,69
251014,-20.728330612182617,20.736509323120117,2.6096975803375244,-2.7377312183380127,8055.2646484375,260.958740234375,2.2376551628112793,10.861108779907227,0.0,-0.22119140625,0.037353515625,1.005859375,0.4198473393917084,-2.6870229244232178,-2.503816843032837,0.06007800251245499,2245,0,98,1187,14,3072,100751,26,66
251033,-21.769493103027344,21.7773380279541,3.5132551193237305,-3.6714179515838623,8055.58349609375,260.8087158203125,2.2766716480255127,10.981167793273926,0.0,-0.22607421875,0.050537109375,1.002197265625,0.3206106722354889,-1.6793893575668335,-2.786259651184082,0.06007800251245499,2245,0,98,1187,14,3072,100751,26,69
251052,-20.178634643554688,20.21211051940918,3.6131932735443115,-3.7487916946411133,8055.40380859375,261.011962890625,2.300624370574951,11.113609313964844,0.0,-0.242431640625,0.04248046875,0.99951171875,0.221374049782753,-0.09923664480447769,-2.541984796524048,0.06454774737358093,2245,0,98,1188,14,3072,100751,26,67
251072,-15.572274208068848,15.531211853027344,2.7163021564483643,-2.8456408977508545,8055.3525390625,261.361572265625,2.3339319229125977,11.295238494873047,0.0,-0.249755859375,0.0556640625,1.008056640625,0.572519063949585,1.4732824563980103,-2.5954198837280273,0.06454774737358093,2245,0,98,1188,14,3072,100751,26,70
251092,-19.701175689697266,19.67098045349121,3.7065014839172363,-3.84965443611145,8055.3095703125,261.23358154296875,2.376317262649536,11.460370063781738,0.0,-0.24609375,0.053466796875,1.000244140625,0.45038166642189026,3.3129770755767822,-2.3358778953552246,0.06454774737358093,2245,0,98,1187,15,3072,100751,26,72
251113,-17.10030746459961,17.13750648498535,4.330082893371582,-4.442455768585205,8054.56787109375,261.44775390625,2.3839852809906006,11.559385299682617,0.0,-0.23779296875,0.04541015625,1.01513671875,0.06106870248913765,5.0,-2.076335906982422,0.06454774737358093,2245,0,98,1187,15,3072,100751,26,70
251132,-22.626127243041992,22.659910202026367,6.091773509979248,-6.196302890777588,8054.68212890625,260.55377197265625,2.351560592651367,11.581265449523926,0.0,-0.234619140625,0.042724609375,1.0068359375,0.5648854970932007,6.022900581359863,-2.137404680252075,0.06454774737358093,2245,0,98,1187,15,3072,100751,26,73
251152,-21.747995376586914,21.746971130371094,9.408576011657715,-9.463249206542969,8054.8125,261.0080871582031,2.378408908843994,11.57363224029541,0.0,-0.23388671875,0.04736328125,1.01220703125,0.35877862572669983,7.839694499969482,-2.282442808151245,0.06454774737358093,2245,0,98,1187,15,3072,100751,26,70
251175,-21.40589141845703,21.410255432128906,9.589153289794922,-9.679662704467773,8054.45458984375,261.0763244628906,2.3815457820892334,11.498305320739746,0.0,-0.221435546875,0.03857421875,1.026123046875,0.7709923386573792,9.320611000061035,-2.251908302307129,0.06454774737358093,2245,0,98,1186,14,3072,100751,26,67
251192,-21.751432418823242,21.749919891357422,9.101798057556152,-9.229242324829102,8054.8046875,261.38934326171875,2.384713649749756,11.451194763183594,0.0,-0.227783203125,0.029296875,1.00341796875,1.0305343866348267,10.015267372131348,-2.0152671337127686,0.06454774737358093,2245,0,98,1186,14,3072,100751,26,70
251215,-21.834516525268555,21.84518814086914,10.754117012023926,-10.82015609741211,8054.3447265625,261.1839599609375,2.441211700439453,11.227594375610352,0.0,-0.203369140625,0.05615234375,1.02001953125,1.122137427330017,11.38167953491211,-2.923664093017578,0.06454774737358093,2245,0,98,1187,13,3072,100751,26,67
251233,-21.797611236572266,21.7823543548584,12.357885360717773,-12.39819622039795,8053.74072265625,261.10211181640625,2.4473555088043213,11.067361831665039,0.0,-0.18115234375,0.062255859375,1.039794921875,1.0,11.70992374420166,-2.496183156967163,0.06454774737358093,2245,0,98,1187,13,3072,100751,26,70
251252,-21.644800186157227,21.64151382446289,12.985517501831055,-13.015196800231934,8053.5712890625,260.9185485839844,2.4582061767578125,10.920623779296875,0.0,-0.1728515625,0.0556640625,1.03271484375,1.0839694738388062,11.58015251159668,-2.427480936050415,0.06572415679693222,2245,0,98,1187,13,3072,100751,26,67
251275,-21.565773010253906,21.567434310913086,13.168096542358398,-13.209251403808594,8053.42431640625,260.4370422363281,2.385324478149414,10.53065299987793,0.0,-0.16162109375,0.012451171875,1.04541015625,0.8625954389572144,11.80152702331543,-2.2061069011688232,0.06572415679693222,2245,0,98,1187,13,3072,100751,26,70
251292,-21.647947311401367,21.613183975219727,13.253427505493164,-13.302734375,8053.25634765625,260.5965270996094,2.4003546237945557,10.312938690185547,0.0,-0.1484375,0.062255859375,1.04541015625,0.9694656729698181,11.458015441894531,-2.4809160232543945,0.06572415679693222,2245,0,98,1187,13,3072,100751,26,67
251312,-21.563119888305664,21.541419982910156,13.543367385864258,-13.587051391601562,8053.7294921875,260.6775207519531,2.3902177810668945,10.00716781616211,0.0,-0.14306640625,0.05517578125,1.05419921875,0.885496199131012,11.0,-2.5954198837280273,0.06572415679693222,2245,0,98,1188,12,3072,100751,26,70
251332,-21.594524383544922,21.571176528930664,13.887334823608398,-13.927441596984863,8053.51953125,259.6841125488281,2.3705084323883057,9.726200103759766,0.0,-0.14794921875,0.028076171875,1.049072265625,0.7633587718009949,10.664122581481934,-2.2748091220855713,0.06572415679693222,2245,0,98,1188,12,3072,100751,26,67
251355,-21.482267379760742,21.468807220458984,14.051900863647461,-14.0936861038208,8053.8544921875,259.9263610839844,2.3355205059051514,9.378750801086426,0.0,-0.1455078125,0.03955078125,1.0478515625,0.22900763154029846,10.351144790649414,-2.2366411685943604,0.06572415679693222,2245,0,98,1188,12,3072,100751,26,70
251373,-21.56324005126953,21.528324127197266,14.28604793548584,-14.32547378540039,8054.27587890625,259.33343505859375,2.3404464721679688,9.205127716064453,0.0,-0.1416015625,0.047119140625,1.0556640625,0.5877862572669983,10.206107139587402,-2.251908302307129,0.06572415679693222,2245,0,98,1189,13,3072,100751,26,67
251392,-21.463441848754883,21.440149307250977,14.412866592407227,-14.447844505310059,8054.17578125,259.7222900390625,2.328544855117798,8.954840660095215,0.0,-0.14208984375,0.041015625,1.05517578125,0.847328245639801,9.824427604675293,-2.068702220916748,0.06572415679693222,2245,0,98,1189,13,3072,100750,26,70
251412,-21.545452117919922,21.505720138549805,14.647610664367676,-14.678075790405273,8054.5693359375,259.02935791015625,2.317753553390503,8.721515655517578,0.0,-0.139404296875,0.044921875,1.04736328125,0.4351145029067993,9.603053092956543,-2.1679389476776123,0.06572415679693222,2245,0,98,1189,13,3072,100750,26,67
251433,-21.409839630126953,21.386505126953125,14.72057056427002,-14.752426147460938,8055.32421875,258.80523681640625,2.3306047916412354,8.522529602050781,0.0,-0.137939453125,0.04833984375,1.049072265625,0.45038166642189026,9.183206558227539,-2.183206081390381,0.06572415679693222,2245,0,98,1188,14,3072,100750,26,70
251452,-21.7486515045166,21.71551513671875,15.086023330688477,-15.113730430603027,8056.17041015625,258.9897155761719,2.3385825157165527,8.374703407287598,0.0,-0.134765625,0.047119140625,1.050537109375,0.5648854970932007,9.404580116271973,-1.8854961395263672,0.05788009613752365,2245,0,98,1188,14,3072,100750,26,67
251472,-21.589574813842773,21.563154220581055,15.337733268737793,-15.361894607543945,8056.99462890625,258.9532470703125,2.332237482070923,8.132669448852539,0.0,-0.121826171875,0.04150390625,1.05029296875,0.2977099120616913,9.526717185974121,-2.251908302307129,0.05788009613752365,2245,0,98,1188,14,3072,100750,26,70
251495,-22.105518341064453,22.080535888671875,16.11818504333496,-16.16376495361328,8057.21630859375,258.8224792480469,2.2989065647125244,7.8635101318359375,0.0,-0.1298828125,0.040771484375,1.05224609375,0.42748090624809265,8.83969497680664,-2.1297709941864014,0.05788009613752365,2245,0,98,1189,13,3072,100751,26,67
251512,-21.715848922729492,21.705801010131836,16.11444664001465,-16.148847579956055,8057.2548828125,258.7940673828125,2.30778169631958,7.71849250793457,0.0,-0.120849609375,0.053955078125,1.05419921875,0.7404580116271973,8.61832046508789,-2.221374034881592,0.05788009613752365,2245,0,98,1189,13,3072,100751,26,70
251532,-22.64605140686035,22.439123153686523,15.956395149230957,-15.999800682067871,8057.9580078125,258.7156982421875,2.2860004901885986,7.502460956573486,0.0,-0.120361328125,0.03369140625,1.053955078125,1.0,9.061068534851074,-2.778625965118408,0.05788009613752365,2245,0,98,1189,14,3072,100751,26,67
251554,-21.79903793334961,21.796632766723633,16.678333282470703,-16.72897720336914,8057.5546875,258.7156982421875,2.2794604301452637,7.216304302215576,0.0,-0.105224609375,0.04248046875,1.047607421875,0.9923664331436157,8.587786674499512,-2.4503817558288574,0.05788009613752365,2245,0,98,1189,13,3072,100751,26,70
251572,-21.398414611816406,21.415266036987305,17.39779281616211,-17.458654403686523,8057.22802734375,258.3869323730469,2.263582229614258,7.0710129737854,0.0,-0.1064453125,0.03466796875,1.056884765625,0.7786259651184082,7.793893337249756,-2.29007625579834,0.05788009613752365,2245,0,98,1189,13,3072,100751,26,67
251592,-17.950700759887695,17.884105682373047,10.07573413848877,-10.136604309082031,8056.7607421875,258.02911376953125,2.2205028533935547,6.866368293762207,0.0,-0.10498046875,0.035400390625,1.05615234375,0.9847328066825867,7.167938709259033,-2.137404680252075,0.05788009613752365,2245,0,98,1189,12,3072,100751,26,70
251613,-20.980932235717773,20.986675262451172,12.19721794128418,-12.265572547912598,8056.28759765625,257.7861022949219,2.2185750007629395,6.680830478668213,0.0,-0.103515625,0.0439453125,1.060302734375,0.6030534505844116,7.007633686065674,-2.1297709941864014,0.05788009613752365,2245,0,98,1189,13,3072,100751,26,72
251635,-17.20704460144043,17.226999282836914,12.370208740234375,-12.412368774414062,8055.7490234375,257.70489501953125,2.198133945465088,6.464526653289795,0.0,-0.0869140625,0.04931640625,1.0556640625,0.9007633328437805,6.053435325622559,-2.572519063949585,0.052025631070137024,2245,0,98,1188,12,3072,100751,26,70
251652,-22.4383544921875,22.444490432739258,15.18775463104248,-15.187032699584961,8055.9345703125,257.7477722167969,2.1875836849212646,6.30993127822876,0.0,-0.072265625,0.039794921875,1.079833984375,0.9618320465087891,5.2366414070129395,-2.175572633743286,0.052025631070137024,2245,0,98,1188,12,3072,100751,26,73
251675,-20.93931007385254,20.937480926513672,15.945054054260254,-15.933318138122559,8055.92333984375,257.6472473144531,2.193943977355957,6.023625373840332,0.0,-0.064208984375,0.05517578125,1.090087890625,1.3664121627807617,3.0916030406951904,-2.580152750015259,0.052025631070137024,2245,0,98,1188,12,3072,100751,26,70
251692,-15.89708423614502,15.88730239868164,8.60540771484375,-8.593671798706055,8056.49609375,257.38525390625,2.17391037940979,5.878805160522461,0.0,-0.0595703125,0.029296875,1.081298828125,1.572519063949585,2.328244209289551,-2.6259541511535645,0.052025631070137024,2245,0,98,1188,12,3072,100751,26,67
251715,-20.62114715576172,20.61298370361328,14.061714172363281,-14.045975685119629,8056.953125,256.75665283203125,2.1339192390441895,5.644792079925537,0.0,-0.0654296875,0.0234375,1.075439453125,1.2595419883728027,0.6488549709320068,-2.8778626918792725,0.052025631070137024,2245,0,98,1186,12,3072,100751,26,70
251732,-21.28231430053711,21.26749610900879,14.849753379821777,-14.835169792175293,8056.453125,256.80267333984375,2.0989010334014893,5.546048164367676,0.0,-0.06494140625,0.035400390625,1.06591796875,0.9694656729698181,-0.3664122223854065,-2.603053331375122,0.052025631070137024,2245,0,98,1186,12,3072,100751,26,67
251755,-20.670198440551758,20.675085067749023,13.440457344055176,-13.473288536071777,8056.2548828125,256.7840270996094,2.056345224380493,5.385278224945068,0.0,-0.048828125,0.055419921875,1.0966796875,-0.15267175436019897,-2.7404580116271973,-1.7480915784835815,0.052025631070137024,2245,0,98,1186,12,3072,100751,26,69
251777,-21.059234619140625,20.978214263916016,11.837890625,-11.896623611450195,8056.3271484375,257.13043212890625,2.076242208480835,5.3495378494262695,0.0,-0.056396484375,0.054443359375,1.080810546875,0.15267175436019897,-4.221374034881592,-2.29007625579834,0.052025631070137024,2245,0,98,1186,12,3072,100752,26,66
251795,-20.935392379760742,20.85612678527832,12.203645706176758,-12.280426979064941,8056.6982421875,257.0002746582031,2.0709786415100098,5.337315082550049,0.0,-0.09130859375,0.0234375,1.0751953125,0.08396946638822556,-5.3740458488464355,-2.221374034881592,0.052025631070137024,2245,0,98,1186,12,3072,100752,26,69
251813,-20.5390625,20.52839469909668,11.131689071655273,-11.233516693115234,8057.0751953125,256.578857421875,2.052298069000244,5.3275227546691895,0.0,-0.072021484375,0.0439453125,1.0615234375,0.38167938590049744,-6.893129825592041,-2.9083969593048096,0.052025631070137024,2245,0,98,1186,12,3072,100751,26,66
251835,-19.565534591674805,19.576152801513672,9.800721168518066,-9.906466484069824,8056.85546875,256.44525146484375,2.0472846031188965,5.36193323135376,0.0,-0.0849609375,0.0478515625,1.06298828125,0.3893129825592041,-8.503816604614258,-2.465648889541626,0.050266001373529434,2245,0,98,1187,12,3072,100751,26,69
251852,-19.17006492614746,19.192089080810547,8.558594703674316,-8.645451545715332,8055.76416015625,257.1661071777344,2.044386625289917,5.417874813079834,0.0,-0.09033203125,0.04150390625,1.064697265625,0.23664122819900513,-9.12977123260498,-2.70992374420166,0.050266001373529434,2245,0,98,1187,12,3072,100751,26,66
251875,-19.81572151184082,19.84027099609375,7.957810878753662,-8.078100204467773,8055.12646484375,256.87432861328125,2.03725004196167,5.62110710144043,0.0,-0.10546875,0.04052734375,1.05517578125,-0.007633587811142206,-10.114503860473633,-2.0610687732696533,0.050266001373529434,2245,0,98,1188,12,3072,100751,26,68
251892,-19.583383560180664,19.604631423950195,7.39188814163208,-7.4750165939331055,8054.72509765625,257.2218017578125,2.039663076400757,5.751837730407715,0.0,-0.12451171875,0.036376953125,1.0546875,-0.4351145029067993,-10.427480697631836,-2.175572633743286,0.050266001373529434,2245,0,98,1188,12,3072,100751,26,66
251912,-19.544252395629883,19.548498153686523,6.421334743499756,-6.512475490570068,8054.2783203125,257.626953125,2.092972755432129,5.946961402893066,0.0,-0.126220703125,0.046630859375,1.046875,-0.7557252049446106,-10.610687255859375,-1.9465649127960205,0.050266001373529434,2245,0,98,1188,12,3072,100751,26,69
251932,-19.630767822265625,19.641332626342773,5.571525573730469,-5.651277542114258,8054.0712890625,257.4053649902344,2.1294784545898438,6.143459320068359,0.0,-0.119873046875,0.033203125,1.051025390625,-1.0,-10.954198837280273,-1.6793893575668335,0.050266001373529434,2245,0,98,1188,13,3072,100751,26,66
251955,-19.328250885009766,19.33621597290039,4.858095169067383,-4.943005561828613,8054.2626953125,258.0980224609375,2.137523651123047,6.388421535491943,0.0,-0.12158203125,0.008544921875,1.0703125,-0.5038167834281921,-11.809160232543945,-1.7251908779144287,0.050266001373529434,2245,0,98,1188,13,3072,100751,26,69
251972,-19.32244110107422,19.331541061401367,3.791083812713623,-3.861415386199951,8054.81396484375,258.16876220703125,2.1276063919067383,6.5048933029174805,0.0,-0.12646484375,0.02587890625,1.065673828125,0.442748099565506,-12.030534744262695,-3.137404680252075,0.050266001373529434,2245,0,98,1188,13,3072,100751,26,66
251995,-19.195798873901367,19.212793350219727,3.0377984046936035,-3.1492302417755127,8054.79150390625,258.7604675292969,2.138922691345215,6.823884010314941,0.0,-0.145751953125,0.02783203125,1.0458984375,1.389312982559204,-12.755724906921387,-3.4503817558288574,0.050266001373529434,2245,0,98,1189,12,3072,100751,26,69
252013,-19.50281524658203,19.51818084716797,2.2256312370300293,-2.351632833480835,8054.84765625,258.8702087402344,2.1477856636047363,7.01312780380249,0.0,-0.14892578125,0.04638671875,1.034912109375,1.0229008197784424,-12.992366790771484,-3.183206081390381,0.050266001373529434,2245,0,98,1189,12,3072,100751,26,66
252032,-19.51325035095215,19.53424072265625,1.6560559272766113,-1.8213032484054565,8055.53662109375,259.2431945800781,2.13698673248291,7.246909141540527,0.0,-0.1708984375,0.029052734375,1.028564453125,-0.6412213444709778,-12.854961395263672,-2.6259541511535645,0.053296733647584915,2245,0,98,1189,11,3072,100751,26,69
252052,-19.351055145263672,19.372228622436523,1.1465721130371094,-1.333234429359436,8056.0224609375,259.2958984375,2.1916985511779785,7.520130634307861,0.0,-0.154296875,0.05029296875,1.040771484375,-0.9312977194786072,-12.61832046508789,-1.3969465494155884,0.053296733647584915,2245,0,98,1189,11,3072,100751,26,66
252075,-19.25705909729004,19.278684616088867,0.7239944934844971,-0.906423807144165,8056.43994140625,259.34710693359375,2.1819403171539307,7.918045997619629,0.0,-0.173095703125,0.019287109375,1.036865234375,-0.28244274854660034,-12.061068534851074,-2.221374034881592,0.053296733647584915,2244,0,98,1189,12,3072,100751,26,68
252093,-18.44426727294922,18.461421966552734,0.380082905292511,-0.5510603785514832,8055.99755859375,259.45245361328125,2.2219157218933105,8.127477645874023,0.0,-0.17919921875,0.057861328125,1.025390625,-0.4580152630805969,-11.679388999938965,-1.9465649127960205,0.053296733647584915,2245,0,98,1189,12,3072,100751,26,66
252115,-19.171689987182617,19.188241958618164,0.11946409940719604,-0.28573867678642273,8056.63037109375,259.36859130859375,2.2563509941101074,8.532569885253906,0.0,-0.185302734375,0.04345703125,1.03271484375,-0.49618321657180786,-11.183206558227539,-1.9083969593048096,0.053296733647584915,2245,0,98,1189,11,3072,100751,26,69
252132,-19.681013107299805,19.70649528503418,-0.08585070073604584,-0.07980935275554657,8056.65087890625,259.6957702636719,2.242910385131836,8.702460289001465,0.0,-0.176513671875,0.038330078125,1.037841796875,-0.30534350872039795,-10.755724906921387,-2.007633686065674,0.053296733647584915,2245,0,98,1189,11,3072,100751,26,66
252152,-19.609413146972656,19.627954483032227,-0.26721757650375366,0.09325437247753143,8056.75537109375,259.98980712890625,2.2576193809509277,8.921430587768555,0.0,-0.17626953125,0.045654296875,1.04443359375,0.5954198241233826,-10.572519302368164,-3.038167953491211,0.053296733647584915,2245,0,98,1190,11,3072,100751,26,69
252175,-18.306987762451172,18.32693862915039,-0.45310577750205994,0.27421054244041443,8056.4931640625,259.9944152832031,2.225703001022339,9.324647903442383,0.0,-0.214111328125,0.0361328125,1.020263671875,1.1755725145339966,-9.90839672088623,-3.3664121627807617,0.053296733647584915,2245,0,98,1189,12,3072,100751,26,66
252192,-18.07044792175293,18.136768341064453,-0.5981170535087585,0.42194223403930664,8056.69140625,260.13031005859375,2.209282875061035,9.556554794311523,0.0,-0.226318359375,0.045166015625,1.002685546875,1.1526718139648438,-9.167939186096191,-3.4809160232543945,0.053296733647584915,2245,0,98,1189,12,3072,100751,26,69
252213,-19.603464126586914,19.63250732421875,-0.28313544392585754,0.10258051753044128,8056.47119140625,260.0470886230469,2.1842827796936035,9.940282821655273,0.0,-0.239013671875,0.032470703125,0.998046875,0.6106870174407959,-7.618320465087891,-2.7938930988311768,0.053296733647584915,2245,0,98,1189,12,3072,100752,26,66
252235,-19.640090942382812,19.652610778808594,0.03778046369552612,-0.21749070286750793,8056.25,260.4346008300781,2.210219383239746,10.27344036102295,0.0,-0.240478515625,0.04638671875,0.9970703125,-0.3358778655529022,-4.72519063949585,-2.748091697692871,0.06085360422730446,2245,0,98,1188,13,3072,100752,26,68
252252,-17.20191764831543,17.260488510131836,0.7194682955741882,-0.8707051277160645,8056.1494140625,260.86566162109375,2.2406363487243652,10.506522178649902,0.0,-0.26123046875,0.05126953125,1.010009765625,-0.16030533611774445,-3.534351110458374,-2.5267176628112793,0.06085360422730446,2245,0,98,1188,13,3072,100752,26,66
252272,-21.033418655395508,21.091625213623047,1.5525661706924438,-1.6976027488708496,8055.93505859375,260.7658386230469,2.277860403060913,10.7587308883667,0.0,-0.240234375,0.047607421875,1.002197265625,0.7022900581359863,-1.9083969593048096,-2.435114622116089,0.06085360422730446,2245,0,98,1188,13,3072,100752,26,68
252292,-20.716995239257812,20.7183780670166,3.1451046466827393,-3.2727854251861572,8056.61328125,261.0595397949219,2.236968517303467,10.998793601989746,0.0,-0.248779296875,0.03466796875,0.99462890625,1.0458015203475952,0.4351145029067993,-2.816793918609619,0.06085360422730446,2245,0,98,1188,14,3072,100752,26,66
252315,-20.888601303100586,20.900066375732422,3.847827672958374,-4.009966850280762,8055.3173828125,261.3272399902344,2.264352798461914,11.25003433227539,0.0,-0.25439453125,0.056640625,0.98681640625,0.5877862572669983,3.389312982559204,-2.679389238357544,0.06085360422730446,2245,0,98,1188,14,3072,100752,26,68
252332,-19.79915428161621,19.81580924987793,4.545815944671631,-4.731593608856201,8055.5048828125,260.74053955078125,2.2573466300964355,11.370781898498535,0.0,-0.263671875,0.023681640625,0.992431640625,0.05343511328101158,4.893129825592041,-2.1679389476776123,0.06085360422730446,2245,0,98,1188,14,3072,100752,26,67
252355,-15.707073211669922,15.750360488891602,3.8491594791412354,-4.013401508331299,8055.0830078125,261.06903076171875,2.287724018096924,11.430429458618164,0.0,-0.228515625,0.0595703125,1.006591796875,0.25190839171409607,7.206106662750244,-1.9389313459396362,0.06085360422730446,2245,0,98,1187,15,3072,100751,26,69
252372,-18.20304298400879,18.246591567993164,4.920891761779785,-5.087985992431641,8054.94677734375,260.9178466796875,2.309234142303467,11.42796802520752,0.0,-0.234619140625,0.05322265625,1.014892578125,0.6259542107582092,8.603053092956543,-2.221374034881592,0.06085360422730446,2245,0,98,1187,15,3072,100751,26,72
252395,-14.265949249267578,14.345792770385742,5.937899112701416,-6.0741071701049805,8054.41943359375,261.1392822265625,2.272609233856201,11.30077838897705,0.0,-0.2041015625,0.041259765625,1.013671875,1.0916030406951904,10.465648651123047,-2.6641221046447754,0.06085360422730446,2245,0,98,1187,14,3072,100751,26,70
252413,-18.989486694335938,19.01138687133789,8.467419624328613,-8.539705276489258,8053.84619140625,261.0597229003906,2.3031277656555176,11.206942558288574,0.0,-0.206298828125,0.059814453125,1.0146484375,1.2137404680252075,11.305343627929688,-2.6335878372192383,0.06085360422730446,2245,0,98,1187,14,3072,100751,26,67
252433,-20.91169548034668,20.908531188964844,9.042838096618652,-9.110437393188477,8053.7958984375,260.8924865722656,2.265340566635132,11.077449798583984,0.0,-0.187255859375,0.026123046875,1.031005859375,0.7175572514533997,12.442748069763184,-1.8702290058135986,0.06418243795633316,2245,0,98,1186,15,3072,100751,26,70
252452,-22.611648559570312,22.61173439025879,12.025433540344238,-12.067042350769043,8053.47802734375,260.7017517089844,2.253586769104004,10.851949691772461,0.0,-0.17822265625,0.034423828125,1.028076171875,0.42748090624809265,12.824427604675293,-1.9541984796524048,0.06418243795633316,2245,0,98,1186,15,3072,100751,26,72
252475,-21.48967170715332,21.49198341369629,12.79977798461914,-12.833943367004395,8053.52197265625,260.970458984375,2.257502794265747,10.487467765808105,0.0,-0.17236328125,0.0419921875,1.041015625,0.7938931584358215,13.587786674499512,-2.1984732151031494,0.06418243795633316,2245,0,98,1187,13,3072,100751,26,70
252492,-21.55600929260254,21.547744750976562,13.295607566833496,-13.338671684265137,8052.9892578125,260.5012512207031,2.2668039798736572,10.279159545898438,0.0,-0.15576171875,0.042236328125,1.03125,0.8778625726699829,13.687023162841797,-1.9541984796524048,0.06418243795633316,2245,0,98,1187,13,3072,100751,26,67
252515,-21.440397262573242,21.44086456298828,13.758540153503418,-13.80713176727295,8053.43212890625,259.995361328125,2.2853779792785645,9.874239921569824,0.0,-0.139892578125,0.056396484375,1.04296875,1.0534350872039795,13.595419883728027,-2.4732823371887207,0.06418243795633316,2245,0,98,1187,12,3072,100751,26,70
252532,-21.45529556274414,21.4341983795166,14.015191078186035,-14.063764572143555,8053.4658203125,259.9574279785156,2.283104658126831,9.655702590942383,0.0,-0.145751953125,0.023193359375,1.04296875,0.9770992398262024,13.16030502319336,-1.9160305261611938,0.06418243795633316,2245,0,98,1187,12,3072,100751,26,67
252555,-21.366403579711914,21.355871200561523,14.291240692138672,-14.335384368896484,8053.5947265625,259.9589538574219,2.2931361198425293,9.197866439819336,0.0,-0.133544921875,0.0703125,1.048095703125,1.6488549709320068,12.480916023254395,-3.0534350872039795,0.06418243795633316,2245,0,98,1188,11,3072,100751,26,70
252572,-21.408260345458984,21.39165496826172,14.546676635742188,-14.593718528747559,8054.0283203125,259.7294921875,2.2809219360351562,8.966887474060059,0.0,-0.117431640625,0.0546875,1.04736328125,1.587786316871643,12.16030502319336,-2.641221284866333,0.06418243795633316,2245,0,98,1188,11,3072,100751,26,67
252592,-21.305849075317383,21.29237174987793,14.662944793701172,-14.710678100585938,8054.21728515625,259.64892578125,2.25348162651062,8.685460090637207,0.0,-0.1220703125,0.0419921875,1.052490234375,0.6793892979621887,11.51145076751709,-2.358778715133667,0.06418243795633316,2245,0,98,1188,11,3072,100751,26,70
252613,-21.343917846679688,21.312652587890625,14.871095657348633,-14.917407035827637,8054.6572265625,259.3550109863281,2.2211222648620605,8.400282859802246,0.0,-0.125732421875,0.036376953125,1.04541015625,0.5343511700630188,11.259541511535645,-1.8244274854660034,0.06418243795633316,2245,0,98,1188,12,3072,100751,26,67
252632,-21.19707489013672,21.17959976196289,14.878626823425293,-14.926539421081543,8054.54931640625,259.41448974609375,2.2099151611328125,8.190650939941406,0.0,-0.116943359375,0.037353515625,1.062255859375,0.6564885377883911,11.106870651245117,-2.282442808151245,0.05933939665555954,2245,0,98,1189,11,3072,100751,26,70
252652,-21.25139617919922,21.206226348876953,14.886608123779297,-14.936871528625488,8054.8671875,258.7455749511719,2.2093803882598877,7.9118242263793945,0.0,-0.116455078125,0.03369140625,1.052978515625,0.9160305261611938,11.22137451171875,-2.114503860473633,0.05933939665555954,2245,0,98,1189,11,3072,100751,26,67
252674,-21.148347854614258,21.12131690979004,15.046540260314941,-15.105401992797852,8054.02197265625,258.7455749511719,2.200345754623413,7.571972846984863,0.0,-0.111572265625,0.051025390625,1.060546875,0.7404580116271973,10.0,-2.221374034881592,0.05933939665555954,2245,0,98,1189,12,3072,100751,26,70
252692,-21.52703094482422,21.479591369628906,15.460564613342285,-15.511707305908203,8054.2158203125,258.7687072753906,2.192741632461548,7.407930374145508,0.0,-0.11376953125,0.04150390625,1.056884765625,0.7938931584358215,9.793892860412598,-2.503816843032837,0.05933939665555954,2245,0,98,1189,12,3072,100751,26,67
252715,-21.317617416381836,21.26053810119629,15.630806922912598,-15.672320365905762,8054.3291015625,258.6969909667969,2.165748357772827,7.106199264526367,0.0,-0.103271484375,0.02880859375,1.047607421875,0.5343511700630188,9.938931465148926,-1.85496187210083,0.05933939665555954,2245,0,98,1189,12,3072,100751,26,70
252732,-21.897172927856445,21.858034133911133,16.57413673400879,-16.629085540771484,8054.2822265625,257.88665771484375,2.149658441543579,6.949880599975586,0.0,-0.10498046875,0.03564453125,1.053466796875,0.20610687136650085,9.648855209350586,-2.0152671337127686,0.05933939665555954,2245,0,98,1189,12,3072,100751,26,67
252752,-21.407678604125977,21.40022850036621,16.584360122680664,-16.623958587646484,8054.6875,258.0148010253906,2.1785857677459717,6.709904193878174,0.0,-0.0966796875,0.04833984375,1.0576171875,0.221374049782753,9.022900581359863,-1.8854961395263672,0.05933939665555954,2245,0,98,1189,13,3072,100751,26,70
252776,-22.122037887573242,21.956594467163086,16.54454231262207,-16.591447830200195,8054.90380859375,258.07275390625,2.1711935997009277,6.61391544342041,0.0,-0.081787109375,0.036376953125,1.059326171875,0.7786259651184082,8.938931465148926,-1.9770991802215576,0.05933939665555954,2245,0,98,1189,13,3072,100751,26,67
252794,-21.427261352539062,21.43583869934082,16.761560440063477,-16.81194305419922,8055.24072265625,258.0694274902344,2.1565866470336914,6.410306930541992,0.0,-0.0703125,0.037109375,1.0693359375,0.7099236845970154,8.038167953491211,-2.503816843032837,0.05933939665555954,2245,0,98,1189,13,3072,100751,26,69
252813,-21.14337921142578,21.162006378173828,17.484310150146484,-17.541683197021484,8054.74853515625,257.2651062011719,2.151413679122925,6.213975429534912,0.0,-0.066162109375,0.05517578125,1.08447265625,0.9312977194786072,7.213740348815918,-2.564885377883911,0.05933939665555954,2245,0,98,1189,13,3072,100751,26,67
252832,-16.702266693115234,16.69432258605957,10.101025581359863,-10.158402442932129,8055.1181640625,257.2279357910156,2.1652331352233887,6.002534866333008,0.0,-0.051025390625,0.05029296875,1.084228515625,0.8702290058135986,5.381679534912109,-2.4122138023376465,0.05129416286945343,2245,0,98,1189,13,3072,100751,26,69
252855,-21.009096145629883,21.008729934692383,13.788026809692383,-13.852190017700195,8055.0859375,257.0903015136719,2.151437997817993,5.623044490814209,0.0,-0.0458984375,0.048828125,1.08642578125,0.5877862572669983,2.931297779083252,-2.1984732151031494,0.05129416286945343,2245,0,98,1187,13,3072,100751,26,72
252872,-20.349571228027344,20.3494930267334,13.66523551940918,-13.713357925415039,8055.6943359375,256.87200927734375,2.1641082763671875,5.464753150939941,0.0,-0.051513671875,0.05859375,1.09033203125,0.6717557311058044,1.8625954389572144,-2.2290077209472656,0.05129416286945343,2245,0,98,1187,13,3072,100751,26,70
252892,-20.540000915527344,20.542484283447266,14.121391296386719,-14.162071228027344,8055.6416015625,256.8926696777344,2.125336170196533,5.314113140106201,0.0,-0.0458984375,0.063232421875,1.067626953125,0.6641221642494202,0.32824426889419556,-2.2671756744384766,0.05129416286945343,2245,0,98,1187,13,3072,100751,26,67
252912,-19.72446060180664,19.733434677124023,12.957074165344238,-13.004152297973633,8055.5537109375,256.76373291015625,2.051520586013794,5.202665328979492,0.0,-0.05126953125,0.033935546875,1.09375,0.3893129825592041,-1.0763359069824219,-2.9160306453704834,0.05129416286945343,2245,0,98,1187,13,3072,100752,26,68
252935,-18.134538650512695,18.122663497924805,9.61298656463623,-9.646681785583496,8055.52587890625,256.6101379394531,2.075676918029785,5.074108600616455,0.0,-0.065185546875,0.045654296875,1.06396484375,0.09160305559635162,-2.6946563720703125,-1.9923664331436157,0.05129416286945343,2245,0,98,1187,14,3072,100752,26,65
252952,-19.365442276000977,19.369600296020508,10.363698959350586,-10.404417991638184,8055.33349609375,256.49761962890625,2.0641820430755615,5.050298690795898,0.0,-0.074951171875,0.044921875,1.06640625,-0.4122137427330017,-3.282442808151245,-2.2290077209472656,0.05129416286945343,2245,0,98,1187,14,3072,100752,26,67
252975,-17.38680076599121,17.4114933013916,9.660079956054688,-9.673144340515137,8054.9384765625,256.8606262207031,2.0781643390655518,5.137270927429199,0.0,-0.100341796875,0.033935546875,1.052978515625,-0.7557252049446106,-4.175572395324707,-1.8091603517532349,0.05129416286945343,2245,0,98,1186,14,3072,100752,26,70
252992,-20.12400245666504,20.133220672607422,10.890813827514648,-10.86147689819336,8054.60791015625,256.6484680175781,2.0780231952667236,5.207251071929932,0.0,-0.10400390625,0.03515625,1.034912109375,-0.7404580116271973,-4.007633686065674,-1.7633588314056396,0.05129416286945343,2245,0,98,1186,14,3072,100752,26,67
253013,-19.95937728881836,19.96249008178711,11.078947067260742,-11.077256202697754,8055.5966796875,256.7597961425781,2.049701690673828,5.354798793792725,0.0,-0.11865234375,0.022216796875,1.040771484375,-0.5343511700630188,-3.358778715133667,-1.694656491279602,0.05129416286945343,2245,0,98,1187,13,3072,100752,26,70
253035,-19.714189529418945,19.71910285949707,10.386940002441406,-10.435210227966309,8055.57568359375,257.08544921875,2.0408966541290283,5.5270538330078125,0.0,-0.13720703125,0.024169921875,1.03271484375,0.19083969295024872,-1.801526665687561,-2.1984732151031494,0.04773944988846779,2245,0,98,1187,13,3072,100752,26,67
253052,-19.3541316986084,19.293867111206055,9.872745513916016,-9.964975357055664,8055.68505859375,256.93157958984375,2.0407516956329346,5.633909225463867,0.0,-0.136962890625,0.03662109375,1.026611328125,0.2977099120616913,-1.3129770755767822,-2.5190839767456055,0.04773944988846779,2245,0,98,1187,13,3072,100752,26,70
253072,-19.7249813079834,19.6218318939209,10.049487113952637,-10.167472839355469,8055.90625,257.44195556640625,2.0367226600646973,5.787745475769043,0.0,-0.137939453125,0.05078125,1.020263671875,0.4351145029067993,0.007633587811142206,-2.320610761642456,0.04773944988846779,2245,0,98,1188,13,3072,100752,26,67
253095,-19.45063591003418,19.464128494262695,10.506377220153809,-10.640825271606445,8056.19775390625,257.07830810546875,2.0471391677856445,5.950255393981934,0.0,-0.142333984375,0.048583984375,1.024169921875,0.2977099120616913,1.6641221046447754,-2.3053436279296875,0.04773944988846779,2245,0,98,1188,13,3072,100752,26,70
253112,-19.577293395996094,19.54063606262207,10.829132080078125,-10.974967002868652,8056.3994140625,257.0356750488281,2.071200370788574,6.025238037109375,0.0,-0.14453125,0.048095703125,1.020263671875,0.30534350872039795,2.458015203475952,-2.0534350872039795,0.04773944988846779,2245,0,98,1188,13,3072,100752,26,67
253132,-19.20201873779297,19.157949447631836,11.002256393432617,-11.14816951751709,8056.3486328125,256.6170349121094,2.087466239929199,6.078509330749512,0.0,-0.13916015625,0.03564453125,1.025390625,0.38167938590049744,3.992366313934326,-2.213740348815918,0.04773944988846779,2245,0,98,1189,14,3072,100752,26,70
253155,-19.68255043029785,19.61602783203125,11.65568733215332,-11.812345504760742,8056.38916015625,256.69207763671875,2.1143150329589844,6.080029010772705,0.0,-0.12353515625,0.047607421875,1.02587890625,0.9312977194786072,5.732824325561523,-2.4885497093200684,0.04773944988846779,2245,0,98,1189,13,3072,100752,26,67
253172,-18.897829055786133,18.918367385864258,11.874943733215332,-12.030536651611328,8056.4189453125,256.9925537109375,2.104630947113037,6.044423580169678,0.0,-0.11865234375,0.037841796875,1.03515625,1.1374045610427856,6.70992374420166,-2.6946563720703125,0.04773944988846779,2245,0,98,1189,13,3071,100752,26,69
253193,-19.780200958251953,19.740232467651367,12.733804702758789,-12.887694358825684,8056.6572265625,257.0571594238281,2.0774452686309814,5.923687934875488,0.0,-0.10107421875,0.038330078125,1.052001953125,1.6259541511535645,7.022900581359863,-2.9541983604431152,0.04773944988846779,2245,0,98,1189,13,3072,100752,26,67
253214,-18.19486427307129,18.226144790649414,12.21768856048584,-12.35665225982666,8056.1064453125,257.0571594238281,2.059675693511963,5.722804546356201,0.0,-0.0703125,0.04443359375,1.0576171875,2.1297709941864014,7.099236488342285,-3.4809160232543945,0.04782027006149292,2245,0,98,1188,14,3072,100752,26,70
253232,-19.828105926513672,19.803775787353516,13.319400787353516,-13.458187103271484,8055.80859375,257.0375671386719,2.0472183227539062,5.600152969360352,0.0,-0.0869140625,0.025634765625,1.055419921875,1.8702290058135986,6.885496139526367,-3.076335906982422,0.04782027006149292,2245,0,98,1188,14,3072,100752,26,67
253255,-19.476396560668945,19.530237197875977,13.505585670471191,-13.656221389770508,8056.09912109375,256.49151611328125,2.0435473918914795,5.283008098602295,0.0,-0.060302734375,0.032470703125,1.0751953125,1.3664121627807617,6.106870174407959,-2.5190839767456055,0.04782027006149292,2245,0,98,1188,14,3072,100752,26,69
253272,-19.71522331237793,19.730371475219727,13.752208709716797,-13.90671443939209,8056.4150390625,256.69549560546875,2.038459062576294,5.1171464920043945,0.0,-0.060791015625,0.043212890625,1.080810546875,0.7251908183097839,5.244274616241455,-2.038167953491211,0.04782027006149292,2245,0,98,1188,14,3072,100752,26,68
253295,-18.11456871032715,18.02099609375,12.258397102355957,-12.387969970703125,8056.265625,255.91986083984375,1.9834095239639282,4.750917434692383,0.0,-0.03173828125,0.019775390625,1.095458984375,0.08396946638822556,3.0,-2.0992367267608643,0.04782027006149292,2245,0,98,1188,14,3072,100752,26,71
253312,-17.89010238647461,17.591283798217773,11.91401195526123,-12.008249282836914,8055.48291015625,255.84072875976562,1.9564590454101562,4.5655598640441895,0.0,-0.0166015625,0.03173828125,1.08935546875,0.28244274854660034,1.7786259651184082,-2.244274854660034,0.04782027006149292,2245,0,98,1188,14,3072,100752,26,69
253335,-17.919031143188477,18.11182403564453,11.709226608276367,-11.815815925598145,8055.1845703125,256.0446472167969,1.9314063787460327,4.301880359649658,0.0,-0.0263671875,0.031494140625,1.093505859375,0.25954198837280273,-0.9389312863349915,-1.9847328662872314,0.04782027006149292,2245,0,98,1187,13,3071,100752,27,66
253352,-13.682450294494629,13.597681045532227,8.330220222473145,-8.352659225463867,8055.2421875,255.8538360595703,1.9315955638885498,4.206385135650635,0.0,-0.033203125,0.037353515625,1.09130859375,-0.21374045312404633,-2.2748091220855713,-1.7480915784835815,0.04782027006149292,2244,0,98,1187,13,3071,100752,27,69
253375,-16.17467498779297,16.129365921020508,9.36571216583252,-9.38858413696289,8054.74853515625,255.51715087890625,1.95943284034729,4.09102201461792,0.0,-0.045654296875,0.043701171875,1.084228515625,-0.7862595319747925,-5.053435325622559,-1.6259541511535645,0.04782027006149292,2245,0,98,1187,13,3071,100752,26,71
253393,-19.891199111938477,19.894912719726562,8.557424545288086,-8.604372024536133,8054.95068359375,255.65921020507812,1.9874441623687744,4.0673604011535645,0.0,-0.045166015625,0.054931640625,1.084716796875,-0.9541984796524048,-6.14503812789917,-2.2671756744384766,0.04782027006149292,2245,0,98,1187,13,3071,100752,26,74
253412,-15.726483345031738,15.758648872375488,8.794273376464844,-8.842782020568848,8055.25146484375,255.94235229492188,1.9891639947891235,4.113715648651123,0.0,-0.095703125,0.060791015625,1.06982421875,-0.8778625726699829,-7.106870174407959,-1.8167939186096191,0.04274902865290642,2245,0,98,1187,13,3071,100752,26,71
253435,-17.003875732421875,17.034996032714844,6.304765701293945,-6.386803150177002,8055.53369140625,256.51934814453125,2.1720058917999268,4.247320175170898,0.0,-0.078125,0.060302734375,1.072509765625,-1.0152671337127686,-7.664122104644775,-1.267175555229187,0.04274902865290642,2245,0,98,1187,13,3071,100752,26,69
253452,-17.61124610900879,17.643938064575195,6.952929496765137,-7.041118621826172,8054.57421875,256.46710205078125,2.169673442840576,4.40559720993042,0.0,-0.111328125,0.022216796875,1.05322265625,-1.14503812789917,-7.5190839767456055,-0.9007633328437805,0.04274902865290642,2245,0,98,1187,13,3071,100752,26,66
253472,-15.984000205993652,15.996562004089355,5.784511566162109,-5.87457799911499,8054.08984375,256.744873046875,2.184645414352417,4.657781600952148,0.0,-0.115478515625,0.043701171875,1.031005859375,-1.2748091220855713,-7.183206081390381,-1.0763359069824219,0.04274902865290642,2245,0,98,1187,13,3071,100752,26,69
253492,-17.663156509399414,17.687057495117188,6.2691144943237305,-6.359209060668945,8053.95458984375,256.69451904296875,2.1977620124816895,4.965399742126465,0.0,-0.1298828125,0.041015625,1.033935546875,-1.1679389476776123,-6.404580116271973,-1.5496183633804321,0.04274902865290642,2245,0,98,1187,13,3071,100752,26,66
253512,-15.809514999389648,15.852018356323242,5.918625831604004,-6.015391826629639,8054.5068359375,257.73126220703125,2.188692331314087,5.288924694061279,0.0,-0.15283203125,0.033447265625,1.013427734375,0.06870228797197342,-4.770992279052734,-2.1297709941864014,0.04274902865290642,2245,0,98,1187,13,3071,100752,26,69
253532,-15.76671314239502,15.813146591186523,5.872526168823242,-5.993443965911865,8055.02734375,257.5528259277344,2.199735641479492,5.6154375076293945,0.0,-0.172607421875,0.035888671875,1.006103515625,0.5572519302368164,-2.328244209289551,-2.4122138023376465,0.04274902865290642,2245,0,98,1187,13,3071,100752,26,66
253555,-13.825878143310547,13.925386428833008,4.863363265991211,-5.012454986572266,8055.2578125,257.83233642578125,2.2453384399414062,6.028382778167725,0.0,-0.17333984375,0.056640625,1.0009765625,0.5648854970932007,1.5190839767456055,-2.496183156967163,0.04274902865290642,2244,0,98,1188,12,3071,100753,26,68
253572,-13.182082176208496,13.285728454589844,5.697119235992432,-5.853537082672119,8055.8681640625,257.56341552734375,2.243464708328247,6.149057865142822,0.0,-0.16064453125,0.044189453125,1.012939453125,0.8167939186096191,2.893129825592041,-2.4503817558288574,0.04274902865290642,2245,0,98,1188,12,3071,100753,26,65
253593,-12.074908256530762,12.16508960723877,5.619234561920166,-5.774713039398193,8055.52587890625,258.03363037109375,2.220360040664673,6.244272232055664,0.0,-0.154052734375,0.03759765625,1.01025390625,2.007633686065674,5.076335906982422,-3.320610761642456,0.04274902865290642,2245,0,98,1189,12,3071,100752,26,68
253615,-16.337865829467773,16.423595428466797,9.300498962402344,-9.463982582092285,8055.4931640625,257.9243469238281,2.2281789779663086,6.294015884399414,0.0,-0.145751953125,0.039306640625,1.01171875,1.8702290058135986,8.229007720947266,-2.9083969593048096,0.04529240354895592,2245,0,98,1189,12,3071,100752,26,71
253632,-17.18482208251953,17.2711124420166,10.11877727508545,-10.284903526306152,8055.09375,257.81182861328125,2.177844285964966,6.2654900550842285,0.0,-0.13427734375,0.022705078125,1.019287109375,1.1145038604736328,8.862595558166504,-2.5267176628112793,0.04529240354895592,2245,0,98,1189,12,3071,100752,26,69
253655,-14.998111724853516,15.044078826904297,10.890242576599121,-11.03394603729248,8055.43603515625,257.8807678222656,2.162055492401123,6.021542072296143,0.0,-0.076171875,0.0478515625,1.0615234375,1.5419846773147583,9.366412162780762,-2.282442808151245,0.04529240354895592,2245,0,98,1189,12,3071,100752,26,66
253672,-17.904556274414062,17.956392288208008,12.311853408813477,-12.427034378051758,8055.7939453125,257.19580078125,2.123408794403076,5.801586627960205,0.0,-0.058349609375,0.0322265625,1.0634765625,2.0916030406951904,9.67175579071045,-3.2595419883728027,0.04529240354895592,2245,0,98,1189,12,3071,100752,26,69
253692,-19.0002384185791,19.025423049926758,13.913681030273438,-14.003437042236328,8056.0908203125,256.797119140625,2.0699148178100586,5.454857349395752,0.0,-0.0546875,0.019287109375,1.07080078125,3.5877861976623535,9.656488418579102,-3.931297779083252,0.04529240354895592,2245,0,98,1188,13,3071,100752,26,66
253712,-19.106645584106445,19.143957138061523,14.468548774719238,-14.571167945861816,8056.69775390625,255.9547119140625,2.028073310852051,5.127133846282959,0.0,-0.048583984375,0.035400390625,1.0751953125,3.0152671337127686,8.213740348815918,-3.7251908779144287,0.04529240354895592,2245,0,98,1188,13,3071,100752,26,68
253735,-18.263561248779297,18.31877326965332,13.255738258361816,-13.38969612121582,8056.2529296875,256.0035400390625,1.9848761558532715,4.707448482513428,0.0,-0.02099609375,0.037109375,1.08740234375,1.2900763750076294,5.015267372131348,-2.328244209289551,0.04529240354895592,2245,0,98,1187,12,3071,100752,26,66
253754,-17.632221221923828,17.701053619384766,12.2159423828125,-12.361321449279785,8056.31884765625,256.0035400390625,1.9376320838928223,4.376742839813232,0.0,-0.002197265625,0.012451171875,1.103515625,0.1450381726026535,3.0152671337127686,-1.534351110458374,0.04529240354895592,2245,0,98,1187,13,3071,100752,26,68
253776,-17.715702056884766,17.7673282623291,11.662907600402832,-11.806926727294922,8056.2333984375,255.45533752441406,1.955631971359253,4.273741722106934,0.0,-0.00341796875,0.052978515625,1.101806640625,0.5343511700630188,0.7862595319747925,-2.5496182441711426,0.04529240354895592,2245,0,98,1187,13,3071,100752,26,65
253795,-17.496057510375977,17.55433464050293,11.203642845153809,-11.342056274414062,8056.36572265625,255.6605224609375,1.9127616882324219,4.100484848022461,0.0,0.0009765625,0.017578125,1.10546875,1.1374045610427856,-1.7175573110580444,-2.603053331375122,0.04343792423605919,2245,0,98,1186,13,3071,100752,26,68
253812,-17.360498428344727,17.409496307373047,10.310033798217773,-10.4545316696167,8056.5,255.212646484375,1.9065645933151245,3.9626896381378174,0.0,-0.00927734375,0.0380859375,1.09423828125,1.3664121627807617,-3.389312982559204,-3.320610761642456,0.04343792423605919,2245,0,98,1186,13,3071,100752,26,66
253835,-16.943716049194336,17.01432991027832,9.459046363830566,-9.609610557556152,8056.22509765625,255.48828125,1.884955883026123,3.8820419311523438,0.0,-0.0390625,0.02880859375,1.067138671875,-0.4580152630805969,-6.793893337249756,-2.038167953491211,0.04343792423605919,2245,0,98,1186,13,3071,100752,26,69
253852,-15.146659851074219,15.217255592346191,7.436663627624512,-7.570718288421631,8056.31396484375,255.56936645507812,1.9002585411071777,3.8955376148223877,0.0,-0.0576171875,0.0107421875,1.072998046875,-1.4045801162719727,-7.687022686004639,-0.9083969593048096,0.04343792423605919,2244,0,98,1186,13,3071,100752,26,66
253872,-14.804405212402344,14.956707954406738,5.306248664855957,-5.471464157104492,8056.1640625,255.5060272216797,1.9860223531723022,3.970938205718994,0.0,-0.07666015625,0.035400390625,1.05712890625,-1.3282443284988403,-9.206107139587402,-1.8167939186096191,0.04343792423605919,2245,0,98,1187,13,3071,100752,26,69
253892,-15.565518379211426,15.692461967468262,5.708279609680176,-5.846179008483887,8055.95458984375,255.47744750976562,2.0017058849334717,4.155460357666016,0.0,-0.093017578125,0.050537109375,1.05126953125,-1.4351145029067993,-8.832060813903809,-1.4885495901107788,0.04343792423605919,2245,0,98,1187,12,3071,100752,26,66
253912,-15.05420207977295,15.097054481506348,5.317262649536133,-5.435611724853516,8055.86083984375,256.637451171875,1.9834378957748413,4.464686870574951,0.0,-0.13330078125,0.047607421875,1.01318359375,-0.6870229244232178,-8.58015251159668,-2.137404680252075,0.04343792423605919,2245,0,98,1187,12,3071,100752,26,68
253932,-17.26873207092285,17.3148193359375,5.170358657836914,-5.261070251464844,8056.5,257.19464111328125,1.9677295684814453,4.856473445892334,0.0,-0.147216796875,0.034912109375,0.99658203125,-1.0610686540603638,-6.900763511657715,-1.9312976598739624,0.04343792423605919,2245,0,98,1188,12,3071,100752,26,71
253952,-14.106801986694336,14.13870620727539,5.408592700958252,-5.505637168884277,8056.3466796875,257.00128173828125,2.0023701190948486,5.273334980010986,0.0,-0.16748046875,0.052001953125,0.9912109375,-0.5038167834281921,-3.969465732574463,-1.6412214040756226,0.04343792423605919,2245,0,98,1188,12,3071,100752,26,68
253972,-16.330121994018555,16.374717712402344,6.1925177574157715,-6.323007583618164,8056.36572265625,257.6492004394531,2.018223762512207,5.625223159790039,0.0,-0.177001953125,0.0205078125,0.9775390625,-0.6641221642494202,-0.6488549709320068,-1.9389313459396362,0.04343792423605919,2245,0,98,1189,12,3071,100752,26,66
253993,-16.84636116027832,16.906888961791992,7.391491413116455,-7.5438714027404785,8056.61328125,257.30377197265625,2.0375447273254395,5.914355278015137,0.0,-0.177978515625,0.04150390625,0.983642578125,-0.5877862572669983,2.419847249984741,-2.2366411685943604,0.04343792423605919,2245,0,98,1188,12,3071,100752,26,68
254012,-16.194232940673828,16.260555267333984,8.016498565673828,-8.193097114562988,8055.4599609375,257.54608154296875,2.04941987991333,6.053614139556885,0.0,-0.177490234375,0.052490234375,1.005126953125,-0.20610687136650085,5.56488561630249,-2.534351110458374,0.04361652582883835,2245,0,98,1189,13,3071,100752,26,65
254035,-16.70171356201172,16.803394317626953,9.208654403686523,-9.392007827758789,8055.6962890625,257.8230285644531,2.1181082725524902,6.159176826477051,0.0,-0.154052734375,0.057861328125,1.0205078125,2.641221284866333,8.282443046569824,-3.9847328662872314,0.04361652582883835,2245,0,98,1189,13,3071,100752,26,68
254052,-16.082120895385742,16.187210083007812,10.14639663696289,-10.335564613342285,8056.10009765625,256.9399108886719,2.0605859756469727,6.179610252380371,0.0,-0.14990234375,0.025390625,1.010986328125,3.7709922790527344,9.946564674377441,-4.389312744140625,0.04361652582883835,2245,0,98,1189,13,3071,100752,26,66
254075,-16.628536224365234,16.747196197509766,11.328630447387695,-11.52369213104248,8055.9111328125,257.4149169921875,1.9497753381729126,6.037625312805176,0.0,-0.120849609375,0.012451171875,0.990478515625,2.755725145339966,13.29007625579834,-3.4122138023376465,0.04361652582883835,2245,0,98,1189,13,3071,100752,26,68
254092,-16.693269729614258,16.836143493652344,12.350239753723145,-12.548590660095215,8056.0078125,257.372314453125,1.904800295829773,5.924853801727295,0.0,-0.112548828125,0.02685546875,1.011474609375,1.3740458488464355,13.786259651184082,-3.5114502906799316,0.04361652582883835,2245,0,98,1189,13,3071,100752,26,66
254115,-17.062021255493164,17.197311401367188,13.400733947753906,-13.587535858154297,8055.7919921875,256.748291015625,1.9785600900650024,5.491480827331543,0.0,-0.058349609375,0.044921875,1.09228515625,1.267175555229187,14.137404441833496,-2.2748091220855713,0.04361652582883835,2245,0,98,1188,13,3071,100752,26,69
254132,-16.57851791381836,16.73476219177246,13.661409378051758,-13.830707550048828,8055.35400390625,256.2993469238281,1.9807780981063843,5.1923041343688965,0.0,-0.04150390625,0.037841796875,1.10986328125,2.564885377883911,13.748091697692871,-2.7709922790527344,0.04361652582883835,2245,0,98,1188,13,3071,100752,26,66
254152,-15.52802562713623,15.697081565856934,13.104964256286621,-13.26844596862793,8056.1943359375,255.05844116210938,1.9464548826217651,4.65622091293335,0.0,0.005859375,0.051025390625,1.099365234375,3.8091602325439453,11.519083976745605,-3.969465732574463,0.04361652582883835,2245,0,98,1188,13,3071,100752,26,69
254175,-16.982454299926758,17.141557693481445,13.751182556152344,-13.893786430358887,8056.00390625,254.93246459960938,1.8332403898239136,3.9841320514678955,0.0,0.014404296875,0.024169921875,1.084716796875,2.0534350872039795,8.09160327911377,-4.137404441833496,0.04361652582883835,2245,0,98,1188,13,3071,100752,26,66
254193,-17.541728973388672,17.63437271118164,13.99613094329834,-14.135881423950195,8056.0126953125,254.178466796875,1.7804052829742432,3.7424209117889404,0.0,-0.000732421875,0.01953125,1.075927734375,0.5572519302368164,6.1984734535217285,-2.175572633743286,0.04361652582883835,2245,0,98,1188,13,3071,100752,26,69
254212,-17.54947853088379,17.604806900024414,13.760627746582031,-13.902348518371582,8057.19287109375,254.7489013671875,1.7987200021743774,3.4869325160980225,0.0,0.021728515625,0.043701171875,1.10009765625,-1.2748091220855713,2.358778715133667,-0.8778625726699829,0.03984891623258591,2245,0,98,1188,14,3071,100752,26,66
254235,-16.796762466430664,16.8782901763916,13.006479263305664,-13.136083602905273,8057.16259765625,253.79217529296875,1.8518630266189575,3.118467092514038,0.0,0.011474609375,0.033447265625,1.107421875,-0.9389312863349915,-0.6641221642494202,-1.3664121627807617,0.03984891623258591,2245,0,98,1188,14,3071,100752,26,69
254252,-15.14419937133789,15.196080207824707,10.90194034576416,-11.013627052307129,8056.3408203125,253.51495361328125,1.8268927335739136,2.979012966156006,0.0,0.00146484375,0.029541015625,1.099365234375,-0.19083969295024872,-1.7938930988311768,-1.6488549709320068,0.03984891623258591,2245,0,98,1188,14,3071,100752,26,66
254272,-15.050135612487793,15.128186225891113,9.68453598022461,-9.81043529510498,8056.31396484375,253.34307861328125,1.8261014223098755,2.856865644454956,0.0,-0.013427734375,0.03564453125,1.07861328125,-0.09923664480447769,-3.9160306453704834,-2.3664121627807617,0.03984891623258591,2245,0,98,1188,14,3071,100752,26,68
254294,-15.238750457763672,15.305130958557129,9.535754203796387,-9.647028923034668,8056.62744140625,253.34307861328125,1.7719018459320068,2.915773391723633,0.0,-0.042236328125,0.02392578125,1.05859375,-1.1679389476776123,-5.816793918609619,-1.503816843032837,0.03984891623258591,2245,0,98,1186,15,3071,100752,26,66
254312,-14.031268119812012,14.079380989074707,7.8892292976379395,-7.9992356300354,8056.2763671875,253.23265075683594,1.805867314338684,2.976844310760498,0.0,-0.055419921875,0.046630859375,1.056884765625,-1.2595419883728027,-6.083969593048096,-1.5419846773147583,0.03984891623258591,2245,0,98,1186,15,3071,100752,26,69
254335,-16.706233978271484,16.76566505432129,9.331534385681152,-9.466984748840332,8055.80224609375,253.85296630859375,1.878171682357788,3.209440231323242,0.0,-0.090576171875,0.059814453125,1.030517578125,-1.3358778953552246,-5.099236488342285,-2.1526718139648438,0.03984891623258591,2245,0,98,1186,15,3072,100752,26,71
254352,-12.136428833007812,12.252631187438965,6.934969902038574,-7.106830596923828,8054.4775390625,254.09552001953125,1.8916027545928955,3.372699022293091,0.0,-0.098876953125,0.0419921875,1.008056640625,-0.40458014607429504,-4.022900581359863,-2.3816792964935303,0.03984891623258591,2245,0,98,1186,15,3072,100752,26,69
254375,-12.951375961303711,13.04797649383545,6.912862777709961,-7.080148220062256,8054.6591796875,254.51223754882812,1.824448823928833,3.6206469535827637,0.0,-0.088134765625,0.029296875,1.010009765625,-0.4885496199131012,-1.732824444770813,-2.3664121627807617,0.03984891623258591,2245,0,98,1186,15,3072,100752,26,66
254393,-13.245566368103027,13.35486125946045,6.846493721008301,-7.021510124206543,8054.3173828125,254.91064453125,1.8189287185668945,3.7469124794006348,0.0,-0.10791015625,0.0263671875,1.013916015625,0.05343511328101158,-0.9618320465087891,-2.4045801162719727,0.03984891623258591,2245,0,98,1186,15,3072,100752,26,69
254412,-14.217227935791016,14.326745986938477,8.173789024353027,-8.345890045166016,8053.9580078125,255.32154846191406,1.851218819618225,3.8762922286987305,0.0,-0.11962890625,0.0458984375,1.02001953125,0.22900763154029846,0.48091602325439453,-2.8702290058135986,0.03405475616455078,2245,0,98,1186,15,3072,100752,26,66
254432,-14.123046875,14.233261108398438,8.766385078430176,-8.947360038757324,8053.51806640625,255.03787231445312,1.852891445159912,4.003983020782471,0.0,-0.117431640625,-0.0087890625,1.03466796875,0.1679389327764511,2.175572633743286,-2.648854970932007,0.03405475616455078,2245,0,98,1186,15,3072,100752,26,69
254452,-13.857539176940918,13.978288650512695,9.211160659790039,-9.403093338012695,8054.15478515625,254.84237670898438,1.9058157205581665,4.115036487579346,0.0,-0.11181640625,0.03564453125,1.033447265625,1.427480936050415,3.0458016395568848,-2.3358778953552246,0.03405475616455078,2245,0,98,1186,14,3072,100752,26,66
254472,-12.313349723815918,12.464644432067871,8.287819862365723,-8.494446754455566,8053.7705078125,255.66897583007812,1.8834941387176514,4.132916450500488,0.0,-0.084228515625,0.04443359375,1.034423828125,1.4198473691940308,4.534351348876953,-2.9007632732391357,0.03405475616455078,2244,0,98,1186,15,3072,100752,26,69
254495,-12.190714836120605,12.349390983581543,8.402193069458008,-8.601343154907227,8053.4384765625,255.23565673828125,1.7863796949386597,4.029913425445557,0.0,-0.076904296875,0.02880859375,1.045166015625,2.2595419883728027,6.076335906982422,-3.816793918609619,0.03405475616455078,2245,0,98,1187,15,3072,100752,26,66
254512,-13.108564376831055,13.265186309814453,9.242284774780273,-9.4512939453125,8054.02099609375,255.04449462890625,1.7544299364089966,3.9539527893066406,0.0,-0.067626953125,0.024169921875,1.0439453125,2.580152750015259,6.320610523223877,-3.7938930988311768,0.03405475616455078,2245,0,98,1187,15,3072,100752,26,69
254535,-12.621697425842285,12.748578071594238,9.82788372039795,-10.004273414611816,8054.2685546875,254.49232482910156,1.7210131883621216,3.7036547660827637,0.0,-0.03662109375,0.03662109375,1.047607421875,2.0152671337127686,6.0,-3.1984732151031494,0.03405475616455078,2245,0,98,1188,14,3072,100752,26,66
254552,-11.926362991333008,12.07585334777832,9.38595962524414,-9.57817554473877,8054.57421875,254.04779052734375,1.6888351440429688,3.5341403484344482,0.0,-0.025390625,0.022216796875,1.06201171875,1.3206106424331665,5.877862453460693,-3.1526718139648438,0.03405475616455078,2245,0,98,1188,14,3072,100752,26,68
254572,-13.248483657836914,13.395861625671387,10.6715726852417,-10.855027198791504,8054.4599609375,253.55963134765625,1.7130658626556396,3.1891496181488037,0.0,0.0126953125,0.03173828125,1.09765625,-0.06106870248913765,5.106870174407959,-2.8702290058135986,0.03405475616455078,2245,0,98,1187,15,3072,100752,26,66
254593,-13.342827796936035,13.468955039978027,10.72477912902832,-10.903181076049805,8054.51025390625,253.90869140625,1.730160117149353,2.8499248027801514,0.0,0.0244140625,0.032470703125,1.126953125,0.0,1.6870229244232178,-2.8396947383880615,0.03405475616455078,2245,0,98,1188,14,3072,100752,26,68
254612,-15.841435432434082,15.970168113708496,11.993858337402344,-12.184793472290039,8054.7060546875,252.43824768066406,1.7230645418167114,2.638747453689575,0.0,0.04296875,0.03076171875,1.13623046875,0.6106870174407959,-2.7251908779144287,-2.5267176628112793,0.03234631195664406,2245,0,98,1188,14,3072,100752,26,71
254635,-12.30404281616211,12.432851791381836,8.235323905944824,-8.426409721374512,8055.36328125,252.17153930664062,1.656516432762146,2.351773738861084,0.0,0.032470703125,0.017333984375,1.0986328125,0.6106870174407959,-7.793893337249756,-2.6564886569976807,0.03234631195664406,2245,0,98,1187,15,3072,100752,26,69
254652,-12.561020851135254,12.656560897827148,6.2661638259887695,-6.442752361297607,8055.0087890625,252.2197265625,1.622930645942688,2.272340774536133,0.0,0.0205078125,0.018798828125,1.100830078125,-0.15267175436019897,-9.297709465026855,-2.496183156967163,0.03234631195664406,2245,0,98,1187,15,3072,100752,26,66
254672,-12.376594543457031,12.494698524475098,4.5446271896362305,-4.752105236053467,8055.24609375,253.34481811523438,1.6243572235107422,2.260885238647461,0.0,0.0009765625,0.033447265625,1.079833984375,-0.7557252049446106,-10.984732627868652,-2.534351110458374,0.03234631195664406,2245,0,98,1187,15,3072,100752,26,68
254695,-11.239935874938965,11.330767631530762,3.5746054649353027,-3.7295119762420654,8055.04541015625,253.01109313964844,1.5784324407577515,2.434217929840088,0.0,-0.0361328125,0.00146484375,1.06689453125,-2.3358778953552246,-13.106870651245117,-1.2595419883728027,0.03234631195664406,2245,0,98,1186,15,3072,100752,26,65
254712,-9.346792221069336,9.39954662322998,1.6896039247512817,-1.7989014387130737,8054.6591796875,253.40908813476562,1.6413309574127197,2.5654642581939697,0.0,-0.05224609375,0.0595703125,1.06787109375,-2.6564886569976807,-14.038167953491211,-1.6717556715011597,0.03234631195664406,2245,0,98,1186,15,3072,100752,26,68
254735,-11.996031761169434,12.054423332214355,1.374578595161438,-1.5104939937591553,8054.2080078125,253.38540649414062,1.8259499073028564,2.9501795768737793,0.0,-0.06298828125,0.046875,1.065185546875,-1.0687023401260376,-14.87022876739502,-1.0763359069824219,0.03234631195664406,2245,0,98,1184,16,3072,100752,26,71
254752,-11.385130882263184,11.435822486877441,-0.3247110843658447,0.21160411834716797,8054.4697265625,255.11880493164062,1.9120242595672607,3.1675477027893066,0.0,-0.091552734375,0.07666015625,1.04541015625,-1.5267175436019897,-15.305343627929688,-0.9847328066825867,0.03234631195664406,2245,0,98,1184,16,3072,100751,26,68
254777,-12.009594917297363,12.066038131713867,-0.7573457956314087,0.6351554989814758,8055.234375,255.41354370117188,1.8784816265106201,3.323829412460327,0.0,-0.118896484375,0.004638671875,1.019775390625,-0.8396946787834167,-15.61832046508789,-2.4427480697631836,0.03234631195664406,2245,0,98,1184,15,3072,100751,26,66
254795,-11.151853561401367,11.218832969665527,-1.236065149307251,1.1127880811691284,8055.46337890625,254.97152709960938,1.90666663646698,3.6511597633361816,0.0,-0.130126953125,0.08642578125,1.021728515625,-1.160305380821228,-13.526717185974121,-2.2595419883728027,0.03524225577712059,2245,0,98,1185,15,3072,100752,26,68
254812,-10.777273178100586,10.860294342041016,-1.2017332315444946,1.0539387464523315,8055.1123046875,255.57867431640625,1.942311406135559,3.974437952041626,0.0,-0.134033203125,0.003662109375,1.020263671875,-0.8396946787834167,-12.427480697631836,-1.6259541511535645,0.03524225577712059,2245,0,98,1185,15,3072,100752,26,65
254834,-10.860125541687012,10.965909004211426,-1.2571138143539429,1.096876859664917,8054.87646484375,255.57867431640625,2.00532865524292,4.571194171905518,0.0,-0.142578125,0.044189453125,1.0302734375,-1.0458015203475952,-9.90839672088623,-1.587786316871643,0.03524225577712059,2245,0,98,1186,14,3072,100752,26,68
254852,-10.982538223266602,11.068000793457031,-0.5631068348884583,0.4148709177970886,8055.52587890625,257.1898193359375,2.0076725482940674,4.857016563415527,0.0,-0.150634765625,0.022216796875,1.00927734375,-1.0458015203475952,-8.90839672088623,-1.6793893575668335,0.03524225577712059,2245,0,98,1186,14,3072,100752,26,65
254875,-11.812253952026367,11.889425277709961,-0.15503829717636108,0.017157435417175293,8055.73828125,257.2840270996094,2.0355610847473145,5.41101598739624,0.0,-0.177001953125,0.03369140625,1.00439453125,1.1526718139648438,-6.671755790710449,-3.496183156967163,0.03524225577712059,2245,0,98,1186,13,3072,100752,26,68
254892,-12.841925621032715,12.937764167785645,0.3464595675468445,-0.5231626033782959,8055.96728515625,257.5362548828125,2.0084261894226074,5.701313495635986,0.0,-0.189453125,0.032958984375,0.984130859375,1.8091603517532349,-4.450381755828857,-3.4732823371887207,0.03524225577712059,2245,0,98,1186,13,3072,100752,26,67
254915,-12.790186882019043,12.906987190246582,1.2126306295394897,-1.421628713607788,8055.6220703125,258.14599609375,2.0308079719543457,6.252889633178711,0.0,-0.195068359375,0.044921875,0.981201171875,0.9541984796524048,-0.7557252049446106,-2.8320610523223877,0.03524225577712059,2245,0,98,1187,13,3072,100752,26,69
254932,-13.34328556060791,13.473405838012695,2.511996269226074,-2.754126787185669,8056.39208984375,257.83203125,2.042888879776001,6.4696149826049805,0.0,-0.1904296875,0.049072265625,1.00048828125,0.49618321657180786,1.2595419883728027,-2.4732823371887207,0.03524225577712059,2245,0,98,1187,13,3072,100752,26,67
254955,-14.043925285339355,14.17155933380127,3.990985155105591,-4.239177703857422,8056.13427734375,257.56964111328125,2.027951240539551,6.74955940246582,0.0,-0.178466796875,0.040771484375,1.00927734375,1.0076335668563843,5.007633686065674,-2.641221284866333,0.03524225577712059,2245,0,98,1188,13,3072,100752,26,70
254973,-14.036520004272461,14.169085502624512,5.324706554412842,-5.579863548278809,8055.7509765625,258.03790283203125,2.0605218410491943,6.817788124084473,0.0,-0.1669921875,0.05615234375,1.00634765625,1.4351145029067993,6.748091697692871,-2.7709922790527344,0.03524225577712059,2245,0,98,1188,13,3072,100751,26,67
254992,-13.99816608428955,14.108449935913086,6.235594749450684,-6.46021842956543,8055.72265625,257.8236389160156,2.0550270080566406,6.836556911468506,0.0,-0.168701171875,0.047119140625,1.006591796875,1.7938930988311768,9.038167953491211,-3.3816792964935303,0.045922331511974335,2245,0,98,1188,13,3072,100751,26,70
255015,-13.392046928405762,13.519548416137695,6.769577980041504,-6.991873264312744,8056.40087890625,258.54290771484375,2.0244479179382324,6.79094934463501,0.0,-0.1396484375,0.007568359375,1.02734375,1.3816794157028198,10.954198837280273,-1.694656491279602,0.045922331511974335,2245,0,98,1188,13,3072,100752,26,68
255032,-16.378150939941406,16.49532699584961,9.622029304504395,-9.828922271728516,8056.47802734375,257.765380859375,2.0455896854400635,6.683297157287598,0.0,-0.119384765625,0.058349609375,1.024658203125,0.847328245639801,11.748091697692871,-2.1603052616119385,0.045922331511974335,2245,0,98,1188,13,3072,100752,26,70
255052,-14.125309944152832,14.244203567504883,9.707183837890625,-9.899352073669434,8055.9443359375,258.0644836425781,2.0756678581237793,6.475687026977539,0.0,-0.11962890625,0.056884765625,1.0439453125,0.7099236845970154,12.847328186035156,-2.2977099418640137,0.045922331511974335,2245,0,98,1187,14,3072,100752,26,68
255072,-14.78699016571045,14.898093223571777,10.253539085388184,-10.430370330810547,8056.3076171875,257.592529296875,2.0897982120513916,6.211178779602051,0.0,-0.086181640625,0.06640625,1.051025390625,0.580152690410614,13.465648651123047,-1.7862595319747925,0.045922331511974335,2245,0,98,1187,14,3072,100752,26,71
255092,-12.512142181396484,12.585033416748047,9.978081703186035,-10.118483543395996,8056.36865234375,257.2694091796875,2.085594892501831,5.884041786193848,0.0,-0.0810546875,0.03271484375,1.059814453125,0.8396946787834167,13.183206558227539,-2.183206081390381,0.045922331511974335,2245,0,98,1187,14,3072,100752,26,68
255112,-13.3158597946167,13.38758659362793,10.140978813171387,-10.239816665649414,8057.1181640625,256.52789306640625,2.0849316120147705,5.504650115966797,0.0,-0.044921875,0.033935546875,1.0693359375,1.2595419883728027,12.564885139465332,-2.3358778953552246,0.045922331511974335,2245,0,98,1187,14,3072,100752,26,65
255132,-16.096214294433594,16.171937942504883,12.404149055480957,-12.503693580627441,8057.6259765625,256.96917724609375,2.0288379192352295,5.079110622406006,0.0,-0.02734375,0.033203125,1.073974609375,1.8320610523223877,11.633587837219238,-2.358778715133667,0.045922331511974335,2245,0,98,1188,14,3072,100752,26,68
255152,-17.779874801635742,17.848773956298828,14.180695533752441,-14.270041465759277,8058.06640625,255.70968627929688,1.996763825416565,4.727862358093262,0.0,-0.0322265625,0.026611328125,1.080322265625,1.4351145029067993,10.099236488342285,-2.465648889541626,0.045922331511974335,2245,0,98,1188,13,3072,100751,26,66
255173,-17.214052200317383,17.248268127441406,14.013238906860352,-14.099618911743164,8058.18603515625,255.888671875,2.0180459022521973,4.418220043182373,0.0,-0.0341796875,0.037109375,1.0732421875,0.3893129825592041,8.106870651245117,-1.877862572669983,0.045922331511974335,2245,0,98,1188,14,3072,100751,26,68
255195,-16.736934661865234,16.815256118774414,13.598475456237793,-13.693833351135254,8057.63525390625,255.61474609375,2.0063791275024414,4.091585636138916,0.0,-0.02294921875,0.032470703125,1.092529296875,0.47328245639801025,6.641221523284912,-1.9160305261611938,0.045619141310453415,2245,0,98,1188,14,3072,100752,26,66
255212,-16.40850067138672,16.4810733795166,13.051168441772461,-13.15501880645752,8057.24755859375,255.24176025390625,1.9937902688980103,3.8618767261505127,0.0,0.0,0.0126953125,1.106201171875,0.9389312863349915,5.984732627868652,-2.1908397674560547,0.045619141310453415,2245,0,98,1188,14,3072,100752,26,68
255235,-17.121095657348633,17.18206024169922,13.347968101501465,-13.45547103881836,8057.51708984375,254.57098388671875,1.9637787342071533,3.507408857345581,0.0,-0.022705078125,0.0361328125,1.08984375,1.198473334312439,3.4427480697631836,-2.778625965118408,0.045619141310453415,2245,0,98,1188,15,3072,100752,26,65
255252,-9.746444702148438,9.807415962219238,7.1248602867126465,-7.250555515289307,8057.7431640625,254.5333709716797,1.955052375793457,3.3515117168426514,0.0,-0.00439453125,0.02490234375,1.074462890625,0.5419847369194031,1.7404580116271973,-1.9389313459396362,0.045619141310453415,2245,0,98,1188,15,3072,100752,26,68
255275,-12.34050464630127,12.405464172363281,8.939531326293945,-9.0549955368042,8057.9169921875,253.83514404296875,1.909488558769226,3.0972840785980225,0.0,-0.013427734375,0.0146484375,1.08935546875,-0.7404580116271973,-1.3282443284988403,-1.5419846773147583,0.045619141310453415,2245,0,98,1187,13,3072,100752,26,65
255292,-14.133077621459961,14.188720703125,9.622885704040527,-9.696764945983887,8057.2578125,253.81015014648438,1.9075748920440674,3.0288147926330566,0.0,-0.033935546875,0.010009765625,1.083251953125,-0.7633587718009949,-2.3740458488464355,-1.3816794157028198,0.045619141310453415,2245,0,98,1187,13,3072,100752,26,68
255315,-14.279182434082031,14.302641868591309,9.914712905883789,-9.953695297241211,8056.90380859375,254.3922119140625,1.8769475221633911,3.021862030029297,0.0,-0.07177734375,0.040283203125,1.05419921875,-0.4580152630805969,-4.175572395324707,-2.1984732151031494,0.045619141310453415,2245,0,98,1186,14,3072,100752,26,67
255332,-15.980002403259277,16.012115478515625,10.220006942749023,-10.297125816345215,8056.3662109375,253.9501953125,1.8952317237854004,2.9959895610809326,0.0,-0.026611328125,0.019287109375,1.07421875,0.5496183037757874,-4.496183395385742,-3.2061069011688232,0.045619141310453415,2245,0,98,1186,14,3072,100751,26,70
255355,-13.821765899658203,13.921183586120605,7.972306251525879,-8.11088752746582,8055.9560546875,254.4896240234375,1.8780735731124878,3.116548538208008,0.0,-0.061279296875,0.04296875,1.072509765625,-0.7557252049446106,-4.664122104644775,-1.1297709941864014,0.045619141310453415,2245,0,98,1186,14,3072,100751,26,67
255373,-13.559937477111816,13.637274742126465,7.116570472717285,-7.2265119552612305,8055.51953125,254.31451416015625,1.8690160512924194,3.2363836765289307,0.0,-0.08740234375,0.00390625,1.047119140625,-1.198473334312439,-4.732824325561523,-1.610687017440796,0.045619141310453415,2245,0,98,1186,14,3072,100751,26,70
255392,-13.74072265625,13.8173828125,7.379586696624756,-7.496837615966797,8055.76806640625,254.96408081054688,1.9108868837356567,3.397697687149048,0.0,-0.11279296875,0.051513671875,1.027587890625,-0.2977099120616913,-3.8091602325439453,-1.8625954389572144,0.036180734634399414,2245,0,98,1186,14,3072,100752,26,67
255415,-8.711125373840332,8.759654998779297,5.60207462310791,-5.6891655921936035,8055.94775390625,255.17364501953125,1.9510570764541626,3.7024986743927,0.0,-0.123291015625,0.031494140625,1.032470703125,0.09923664480447769,-1.4045801162719727,-1.8702290058135986,0.036180734634399414,2245,0,98,1187,13,3072,100752,26,70
255432,-13.09976863861084,13.151342391967773,8.263651847839355,-8.371110916137695,8056.36865234375,255.33981323242188,1.9366121292114258,3.8674910068511963,0.0,-0.129150390625,0.033203125,1.0166015625,0.07633587718009949,-0.17557251453399658,-2.3740458488464355,0.036180734634399414,2245,0,98,1187,13,3072,100752,26,68
255452,-14.062298774719238,14.137591361999512,8.693929672241211,-8.829605102539062,8056.6552734375,255.68307495117188,1.9622597694396973,4.057240962982178,0.0,-0.121826171875,0.046630859375,1.015380859375,0.22900763154029846,1.160305380821228,-1.801526665687561,0.036180734634399414,2245,0,98,1187,13,3072,100752,26,65
255472,-13.816193580627441,13.908461570739746,8.978196144104004,-9.129013061523438,8056.1123046875,255.21038818359375,1.956130862236023,4.138844966888428,0.0,-0.1015625,0.024658203125,1.03271484375,0.3893129825592041,2.7633588314056396,-2.2671756744384766,0.036180734634399414,2245,0,98,1187,14,3072,100752,26,68
255495,-12.170496940612793,12.307048797607422,8.144611358642578,-8.329380989074707,8056.4931640625,255.51791381835938,1.9236129522323608,4.158825874328613,0.0,-0.0869140625,0.031494140625,1.031982421875,1.2824426889419556,4.27480936050415,-2.6946563720703125,0.036180734634399414,2245,0,98,1188,14,3072,100752,26,69
255512,-11.74666976928711,11.916237831115723,8.019229888916016,-8.219147682189941,8055.8896484375,255.46731567382812,1.8965065479278564,4.163549423217773,0.0,-0.09326171875,0.0302734375,1.031005859375,1.1755725145339966,4.633587837219238,-2.755725145339966,0.036180734634399414,2245,0,98,1188,14,3072,100752,26,66
255532,-13.02133846282959,13.193662643432617,9.078588485717773,-9.281248092651367,8055.5966796875,255.09738159179688,1.8802586793899536,4.127286434173584,0.0,-0.083984375,0.03564453125,1.038330078125,0.9847328066825867,4.954198360443115,-2.5267176628112793,0.036180734634399414,2245,0,98,1188,14,3072,100752,26,69
255552,-12.745245933532715,12.873869895935059,9.472797393798828,-9.656437873840332,8056.13037109375,255.19677734375,1.867811679840088,4.071932315826416,0.0,-0.079345703125,0.028564453125,1.040771484375,1.160305380821228,5.488549709320068,-2.458015203475952,0.036180734634399414,2245,0,98,1188,14,3072,100752,26,66
255573,-13.407233238220215,13.528921127319336,10.377845764160156,-10.53629207611084,8056.5126953125,254.75823974609375,1.8365517854690552,3.9998865127563477,0.0,-0.080322265625,0.03466796875,1.0341796875,0.9541984796524048,6.43511438369751,-2.534351110458374,0.036180734634399414,2245,0,98,1188,14,3072,100752,26,69
255595,-14.057110786437988,14.178389549255371,11.166245460510254,-11.322630882263184,8056.85400390625,254.70254516601562,1.821737289428711,3.900014638900757,0.0,-0.07275390625,0.03955078125,1.043701171875,0.7022900581359863,7.0,-2.5114502906799316,0.035278771072626114,2245,0,98,1188,14,3072,100752,26,68
255612,-10.563912391662598,10.647034645080566,9.731945037841797,-9.835638999938965,8056.97802734375,254.3658447265625,1.8161388635635376,3.822753667831421,0.0,-0.066162109375,0.0322265625,1.046142578125,0.885496199131012,7.312977313995361,-2.5572519302368164,0.035278771072626114,2245,0,98,1188,14,3072,100751,26,71
255632,-11.034750938415527,11.123932838439941,10.01821517944336,-10.128287315368652,8056.171875,254.04013061523438,1.8468629121780396,3.704279661178589,0.0,-0.06787109375,0.048095703125,1.042724609375,0.6412213444709778,7.916030406951904,-2.2671756744384766,0.035278771072626114,2245,0,98,1188,14,3072,100751,26,69
255652,-12.884538650512695,12.997200012207031,11.443519592285156,-11.567215919494629,8056.22900390625,253.996337890625,1.8663939237594604,3.5120608806610107,0.0,-0.038330078125,0.043701171875,1.06396484375,0.038167938590049744,8.053435325622559,-1.5801526308059692,0.035278771072626114,2245,0,98,1188,14,3072,100751,26,72
255675,-13.617403984069824,13.725348472595215,12.615564346313477,-12.734098434448242,8056.1455078125,253.7459716796875,1.824790120124817,3.170535087585449,0.0,-0.026123046875,0.031494140625,1.076904296875,0.5190839767456055,7.267175674438477,-1.9465649127960205,0.035278771072626114,2245,0,98,1187,14,3072,100751,26,69
255692,-14.715187072753906,14.826502799987793,13.888520240783691,-14.002817153930664,8056.06787109375,253.04864501953125,1.8181334733963013,2.9832255840301514,0.0,-0.0068359375,0.035888671875,1.078125,0.732824444770813,6.43511438369751,-2.183206081390381,0.035278771072626114,2245,0,98,1187,14,3072,100751,26,72
255712,-11.033953666687012,11.118912696838379,11.028509140014648,-11.13325309753418,8056.3798828125,253.02896118164062,1.8165168762207031,2.720236301422119,0.0,-0.003662109375,0.05810546875,1.0810546875,0.5343511700630188,4.786259651184082,-2.435114622116089,0.035278771072626114,2245,0,98,1188,13,3072,100751,26,69
255732,-12.73925495147705,12.845039367675781,11.989666938781738,-12.112550735473633,8056.9951171875,251.1649169921875,1.596629023551941,2.3941609859466553,0.0,0.023193359375,0.0107421875,1.102783203125,-0.3893129825592041,1.9236640930175781,-2.85496187210083,0.035278771072626114,2245,0,98,1188,13,3072,100751,26,66
255753,-13.244545936584473,13.352225303649902,11.638378143310547,-11.765430450439453,8056.55712890625,251.02313232421875,1.6160863637924194,2.131434202194214,0.0,0.02880859375,0.080322265625,1.13037109375,-0.4885496199131012,-0.8244274854660034,-0.38167938590049744,0.035278771072626114,2245,0,98,1188,13,3072,100751,26,69
255776,-13.128143310546875,13.234394073486328,10.86837100982666,-10.99167537689209,8056.02490234375,251.51339721679688,1.627008318901062,2.07873797416687,0.0,0.0078125,0.048095703125,1.1162109375,2.0992367267608643,-1.6335878372192383,-2.7709922790527344,0.035278771072626114,2245,0,98,1188,13,3072,100751,26,66
255794,-13.32563304901123,13.454765319824219,10.177483558654785,-10.33548355102539,8056.01416015625,252.12628173828125,1.5857882499694824,1.9874389171600342,0.0,0.013916015625,0.00732421875,1.08056640625,2.8778626918792725,-3.2061069011688232,-4.190839767456055,0.02757318504154682,2245,0,98,1188,13,3072,100751,26,69
255812,-12.110111236572266,12.25806999206543,8.314315795898438,-8.513063430786133,8056.1806640625,251.17373657226562,1.4923069477081299,1.8496261835098267,0.0,0.011962890625,0.010498046875,1.0546875,0.7251908183097839,-5.259541988372803,-5.702290058135986,0.02757318504154682,2245,0,98,1188,13,3072,100751,26,66
255832,-12.523089408874512,12.697356224060059,8.382319450378418,-8.638729095458984,8056.47900390625,250.45318603515625,1.5347477197647095,1.9240998029708862,0.0,-0.01708984375,0.052978515625,1.07666015625,-2.0610687732696533,-7.259541988372803,-2.5877861976623535,0.02757318504154682,2245,0,98,1188,13,3072,100751,26,69
255852,-12.049690246582031,12.251214027404785,7.517860412597656,-7.794389724731445,8055.9013671875,251.43711853027344,1.5423530340194702,1.9724206924438477,0.0,-0.033935546875,0.064208984375,1.092529296875,-1.8091603517532349,-9.465648651123047,-1.3435114622116089,0.02757318504154682,2245,0,98,1188,13,3072,100751,26,67
255872,-9.415712356567383,9.581055641174316,4.383729934692383,-4.5586371421813965,8056.4287109375,251.75413513183594,1.7048757076263428,2.0883829593658447,0.0,-0.030517578125,0.088623046875,1.092529296875,-1.8625954389572144,-9.931297302246094,-3.076335906982422,0.02757318504154682,2245,0,98,1188,14,3072,100751,26,70
255892,-10.339685440063477,10.471785545349121,4.5131449699401855,-4.704267978668213,8056.3466796875,252.233154296875,1.7815065383911133,2.2841436862945557,0.0,-0.064453125,0.041259765625,1.0908203125,0.290076345205307,-11.274808883666992,-2.0229008197784424,0.02757318504154682,2245,0,98,1188,14,3072,100751,26,67
255915,-10.50394058227539,10.606017112731934,3.5063934326171875,-3.6857411861419678,8056.7578125,253.1199188232422,1.7294116020202637,2.502224922180176,0.0,-0.052001953125,0.0146484375,1.06201171875,-0.015267175622284412,-12.190839767456055,-2.8778626918792725,0.02757318504154682,2245,0,98,1187,14,3072,100751,26,70
255932,-10.428214073181152,10.555014610290527,1.7980432510375977,-2.004281759262085,8055.7041015625,254.00021362304688,1.73488450050354,2.6616756916046143,0.0,-0.054443359375,0.02587890625,1.052490234375,-1.0,-12.396946907043457,-2.6259541511535645,0.02757318504154682,2245,0,98,1187,14,3072,100751,26,68
255952,-8.740958213806152,8.884648323059082,0.8492804765701294,-1.0425453186035156,8056.10693359375,254.15884399414062,1.77394437789917,2.93528413772583,0.0,-0.079833984375,-0.005126953125,1.052001953125,-1.1679389476776123,-12.145038604736328,-1.0839694738388062,0.02757318504154682,2245,0,98,1187,15,3072,100751,26,70
255973,-9.866007804870605,9.97946548461914,0.7765597105026245,-0.9410322308540344,8056.53125,254.78945922851562,1.833710789680481,3.1513826847076416,0.0,-0.068115234375,0.02685546875,1.04443359375,-1.038167953491211,-12.832060813903809,-2.244274854660034,0.02757318504154682,2245,0,98,1187,15,3072,100751,27,68
255992,-10.203651428222656,10.297673225402832,0.052803993225097656,-0.2198752760887146,8056.50927734375,254.93319702148438,1.8654931783676147,3.343449354171753,0.0,-0.083251953125,0.04150390625,1.064697265625,-0.45038166642189026,-12.564885139465332,-1.7633588314056396,0.027588652446866035,2245,0,98,1187,15,3072,100751,26,68
256015,-9.167428970336914,9.279020309448242,-0.7740198969841003,0.5997949838638306,8055.68896484375,255.4841766357422,1.8427342176437378,3.6728036403656006,0.0,-0.090087890625,0.01953125,1.0419921875,-0.5267175436019897,-13.038167953491211,-2.4503817558288574,0.027588652446866035,2245,0,98,1187,14,3072,100751,26,69
256032,-8.925332069396973,9.048507690429688,-1.3033231496810913,1.1227443218231201,8055.54052734375,255.00100708007812,1.8528144359588623,3.8529539108276367,0.0,-0.093505859375,0.028564453125,1.043212890625,-0.5572519302368164,-13.030534744262695,-2.8473281860351562,0.027588652446866035,2245,0,98,1187,14,3072,100751,26,66
256055,-8.381156921386719,8.49229907989502,-1.7057405710220337,1.5468014478683472,8055.7294921875,255.45791625976562,1.8542884588241577,4.159955024719238,0.0,-0.0830078125,0.04345703125,1.052734375,0.022900763899087906,-13.045801162719727,-2.3435113430023193,0.027588652446866035,2245,0,98,1188,14,3072,100751,26,69
256072,-9.616466522216797,9.70069408416748,-2.034388542175293,1.8798785209655762,8055.8134765625,256.00433349609375,1.8582473993301392,4.308677673339844,0.0,-0.088623046875,0.040283203125,1.055908203125,0.6488549709320068,-13.022900581359863,-3.0458016395568848,0.027588652446866035,2245,0,98,1188,14,3072,100751,27,67
256095,-9.909542083740234,10.005568504333496,-2.4043920040130615,2.243175983428955,8056.6728515625,255.92205810546875,1.8483527898788452,4.657872200012207,0.0,-0.106201171875,0.0234375,1.0458984375,0.2671755850315094,-13.244275093078613,-2.671755790710449,0.027588652446866035,2245,0,98,1188,14,3072,100751,27,70
256112,-10.51789379119873,10.619197845458984,-2.9965083599090576,2.8404150009155273,8056.58740234375,256.6304931640625,1.8330645561218262,4.8305206298828125,0.0,-0.102783203125,0.0224609375,1.0537109375,-0.4122137427330017,-13.4503812789917,-2.2977099418640137,0.027588652446866035,2245,0,98,1188,14,3072,100751,26,67
256132,-10.987998962402344,11.085153579711914,-3.316298007965088,3.157377243041992,8057.52587890625,256.8916015625,1.8681728839874268,5.102145195007324,0.0,-0.11328125,0.031982421875,1.04248046875,-0.9160305261611938,-13.961832046508789,-1.9083969593048096,0.027588652446866035,2245,0,98,1188,14,3072,100751,26,70
256155,-10.157859802246094,10.230972290039062,-4.1227335929870605,4.010617256164551,8056.89599609375,257.30377197265625,1.8917266130447388,5.432796001434326,0.0,-0.10693359375,0.047119140625,1.0546875,-0.18320611119270325,-14.312976837158203,-2.221374034881592,0.027588652446866035,2245,0,98,1188,14,3072,100751,26,67
256173,-10.960466384887695,11.032124519348145,-4.4312238693237305,4.319314479827881,8056.43115234375,258.0793762207031,1.9012432098388672,5.617980480194092,0.0,-0.122314453125,0.04248046875,1.056396484375,0.6259542107582092,-14.16030502319336,-2.9465649127960205,0.027588652446866035,2245,0,98,1188,14,3072,100751,26,69
256195,-10.841313362121582,10.91417407989502,-4.453344821929932,4.346549034118652,8056.3896484375,257.79156494140625,1.8821498155593872,5.905943393707275,0.0,-0.122314453125,0.027587890625,1.042236328125,-0.04580152779817581,-14.229007720947266,-2.7404580116271973,0.040598828345537186,2245,0,98,1187,16,3072,100751,26,68
256212,-10.405753135681152,10.453818321228027,-4.490797996520996,4.413474082946777,8057.0166015625,258.186767578125,1.88857102394104,6.113107204437256,0.0,-0.135498046875,0.032470703125,1.048828125,-0.2442748099565506,-14.22137451171875,-2.8473281860351562,0.040598828345537186,2245,0,98,1187,16,3072,100751,26,66
256235,-11.894835472106934,11.948143005371094,-5.272341728210449,5.179684638977051,8057.3681640625,258.26483154296875,1.9175689220428467,6.448863506317139,0.0,-0.12109375,0.047119140625,1.059814453125,0.06106870248913765,-14.51145076751709,-2.328244209289551,0.040598828345537186,2245,0,98,1187,16,3072,100751,26,68
256252,-13.644068717956543,13.699646949768066,-5.905293941497803,5.803647041320801,8057.8388671875,258.5975341796875,1.922066569328308,6.638298034667969,0.0,-0.134521484375,0.041259765625,1.051025390625,-0.08396946638822556,-14.931297302246094,-2.7404580116271973,0.040598828345537186,2245,0,98,1187,16,3072,100750,27,65
256272,-15.036749839782715,15.102185249328613,-6.378179550170898,6.27371883392334,8058.0703125,258.8870849609375,1.9253818988800049,6.95109748840332,0.0,-0.14013671875,0.04638671875,1.036865234375,0.2671755850315094,-14.442748069763184,-2.5877861976623535,0.040598828345537186,2245,0,98,1187,17,3072,100751,26,68
256292,-15.18674087524414,15.247800827026367,-6.9774699211120605,6.8515543937683105,8057.9638671875,258.9114074707031,1.920562505722046,7.256904125213623,0.0,-0.154541015625,0.034423828125,1.013916015625,0.2748091518878937,-13.816793441772461,-3.068702220916748,0.040598828345537186,2245,0,98,1187,17,3072,100751,26,66
256312,-15.292118072509766,15.363991737365723,-6.93060302734375,6.790061950683594,8058.1923828125,259.0061340332031,1.837454080581665,7.579492568969727,0.0,-0.169921875,-0.01171875,1.011962890625,0.290076345205307,-12.954198837280273,-3.328244209289551,0.040598828345537186,2245,0,98,1186,17,3072,100751,26,68
256332,-15.654376029968262,15.728907585144043,-7.012214183807373,6.846660137176514,8058.17724609375,259.5819396972656,1.8701709508895874,7.887853145599365,0.0,-0.178466796875,0.03955078125,1.0234375,-0.7175572514533997,-12.106870651245117,-3.541984796524048,0.040598828345537186,2245,0,98,1186,17,3072,100751,26,67
256353,-15.97348403930664,16.060102462768555,-6.134593486785889,5.975250244140625,8058.10791015625,259.4927978515625,1.9487024545669556,8.224581718444824,0.0,-0.1865234375,0.06103515625,1.021728515625,-1.1374045610427856,-11.954198837280273,-3.0610687732696533,0.040598828345537186,2245,0,98,1186,16,3072,100751,26,69
256372,-16.849781036376953,16.923189163208008,-6.658657550811768,6.492137432098389,8058.5732421875,259.6930847167969,2.003091335296631,8.400078773498535,0.0,-0.181396484375,0.04833984375,1.038818359375,-0.18320611119270325,-11.938931465148926,-2.969465732574463,0.053514834493398666,2245,0,98,1187,16,3072,100751,26,67
256392,-16.246145248413086,16.273113250732422,-5.99249267578125,5.846208572387695,8058.88427734375,259.97137451171875,1.990167498588562,8.675541877746582,0.0,-0.193359375,0.03564453125,1.02294921875,0.7480915784835815,-11.83969497680664,-2.8396947383880615,0.053514834493398666,2245,0,98,1187,16,3072,100751,26,69
256414,-17.586584091186523,17.627092361450195,-6.790271759033203,6.631106853485107,8058.9482421875,259.97137451171875,1.9733601808547974,9.024227142333984,0.0,-0.181640625,0.0400390625,1.03466796875,0.3664122223854065,-11.534351348876953,-2.496183156967163,0.053514834493398666,2245,0,98,1187,15,3072,100751,26,66
256432,-15.881871223449707,15.917685508728027,-5.559443950653076,5.426930904388428,8058.6728515625,260.17919921875,2.002931833267212,9.213614463806152,0.0,-0.195068359375,0.04833984375,1.035888671875,0.37404578924179077,-11.625954627990723,-2.8473281860351562,0.053514834493398666,2245,0,98,1187,15,3072,100751,26,69
256452,-18.002830505371094,18.043060302734375,-6.856400966644287,6.684286594390869,8058.59521484375,260.4454650878906,2.017110586166382,9.525642395019531,0.0,-0.21240234375,0.04736328125,1.0166015625,0.8320610523223877,-10.992366790771484,-3.0610687732696533,0.053514834493398666,2245,0,98,1188,14,3072,100751,26,67
256472,-20.233617782592773,20.25692367553711,-6.38785982131958,6.206456661224365,8057.83056640625,260.9364013671875,1.965742826461792,9.905207633972168,0.0,-0.23828125,0.011474609375,0.984130859375,0.7175572514533997,-9.312976837158203,-3.5190839767456055,0.053514834493398666,2245,0,98,1188,13,3072,100751,26,70
256493,-18.833093643188477,18.879323959350586,-6.224568843841553,6.026012420654297,8057.1171875,260.74041748046875,1.9134385585784912,10.315185546875,0.0,-0.247314453125,0.03173828125,0.975341796875,0.09160305559635162,-6.007633686065674,-3.5190839767456055,0.053514834493398666,2245,0,98,1190,12,3072,100751,26,67
256515,-14.544764518737793,14.63597297668457,-3.4146902561187744,3.2475037574768066,8056.98974609375,260.7665100097656,1.922631859779358,10.746015548706055,0.0,-0.26220703125,0.03271484375,1.00439453125,-0.20610687136650085,-3.0152671337127686,-3.7251908779144287,0.053514834493398666,2245,0,98,1190,12,3072,100751,26,70
256532,-18.630098342895508,18.702281951904297,-3.3760604858398438,3.110592842102051,8055.92333984375,261.1972961425781,1.9440219402313232,10.912150382995605,0.0,-0.2490234375,0.0498046875,1.01025390625,-0.2442748099565506,-1.7938930988311768,-3.9083969593048096,0.053514834493398666,2245,0,98,1190,12,3072,100751,26,67
256553,-20.413969039916992,20.433374404907227,-2.3699698448181152,2.081155776977539,8056.6533203125,261.248291015625,1.9977805614471436,11.14486026763916,0.0,-0.248779296875,0.05126953125,1.013671875,0.48091602325439453,-0.7404580116271973,-3.4885497093200684,0.053514834493398666,2245,0,98,1189,12,3072,100751,26,69
256572,-20.058473587036133,20.08518409729004,-1.640350341796875,1.3583967685699463,8056.125,261.2047119140625,2.005014657974243,11.258110046386719,0.0,-0.24169921875,0.041015625,1.005126953125,0.9160305261611938,0.3129771053791046,-3.5877861976623535,0.063113272190094,2245,0,98,1189,13,3072,100751,26,68
256595,-19.1490535736084,19.205259323120117,-0.32589566707611084,0.08521246910095215,8056.1826171875,261.47198486328125,1.9926928281784058,11.468212127685547,0.0,-0.2490234375,0.021728515625,1.00244140625,0.8702290058135986,2.8015267848968506,-2.671755790710449,0.063113272190094,2245,0,98,1188,14,3072,100751,26,70
256612,-20.802236557006836,20.807109832763672,0.7209552526473999,-0.969940185546875,8056.0361328125,261.01239013671875,2.0198161602020264,11.556848526000977,0.0,-0.25048828125,0.049560546875,1.0009765625,0.8091602921485901,3.8015267848968506,-2.748091697692871,0.063113272190094,2245,0,98,1188,14,3072,100751,26,67
256635,-21.295536041259766,21.30780601501465,1.8950148820877075,-2.118826150894165,8055.8466796875,260.8786926269531,2.007201910018921,11.685657501220703,0.0,-0.2333984375,0.03564453125,1.0146484375,0.6488549709320068,6.045801639556885,-2.038167953491211,0.063113272190094,2245,0,98,1188,14,3072,100751,27,70
256652,-19.735239028930664,19.75771141052246,3.4942173957824707,-3.683779001235962,8055.65869140625,261.16949462890625,2.016618013381958,11.705281257629395,0.0,-0.232666015625,0.0400390625,1.0048828125,0.8167939186096191,7.206106662750244,-2.244274854660034,0.063113272190094,2245,0,98,1188,14,3072,100751,27,67
256672,-21.588972091674805,21.59757423400879,5.293951034545898,-5.494150161743164,8055.94921875,260.7694396972656,2.05779767036438,11.667311668395996,0.0,-0.218505859375,0.06884765625,1.01123046875,0.8091602921485901,8.51145076751709,-2.1603052616119385,0.063113272190094,2245,0,98,1188,14,3072,100751,26,69
256692,-19.56133270263672,19.578868865966797,5.561583518981934,-5.731875419616699,8056.25390625,260.98712158203125,2.093351364135742,11.548736572265625,0.0,-0.211669921875,0.046875,1.019775390625,0.22900763154029846,9.366412162780762,-2.0458016395568848,0.063113272190094,2245,0,98,1187,15,3072,100751,26,67
256712,-16.34845542907715,16.357318878173828,4.932403087615967,-5.0783257484436035,8056.265625,261.26953125,2.098308801651001,11.335546493530273,0.0,-0.177490234375,0.03369140625,1.032470703125,0.22900763154029846,10.19847297668457,-1.14503812789917,0.063113272190094,2245,0,98,1187,14,3072,100751,26,70
256735,-18.846498489379883,18.86566162109375,6.15628719329834,-6.2872843742370605,8056.4208984375,260.5705261230469,2.129659414291382,10.996542930603027,0.0,-0.17919921875,0.054931640625,1.043701171875,0.5954198241233826,9.832060813903809,-2.4122138023376465,0.063113272190094,2245,0,98,1187,15,3072,100751,26,73
256753,-15.12937068939209,15.129823684692383,5.832374095916748,-5.939738750457764,8055.92431640625,261.203857421875,2.141397476196289,10.871536254882812,0.0,-0.185791015625,0.038330078125,1.025146484375,1.198473334312439,9.83969497680664,-2.3664121627807617,0.063113272190094,2245,0,98,1187,15,3072,100751,27,70
256777,-20.318288803100586,20.317214965820312,8.47182559967041,-8.53761100769043,8056.32177734375,260.47711181640625,2.1282241344451904,10.803287506103516,0.0,-0.17822265625,0.030029296875,1.017333984375,0.8625954389572144,10.267175674438477,-2.328244209289551,0.06348611414432526,2245,0,98,1188,14,3072,100751,26,73
256795,-21.834718704223633,21.831953048706055,10.80527114868164,-10.818883895874023,8055.90380859375,260.94287109375,2.104297637939453,10.637144088745117,0.0,-0.1611328125,0.011962890625,1.03173828125,0.8702290058135986,10.458015441894531,-2.244274854660034,0.06348611414432526,2245,0,98,1189,13,3072,100751,26,70
256812,-21.91005516052246,21.91338348388672,11.258301734924316,-11.310016632080078,8056.3359375,260.4878234863281,2.0447592735290527,10.481579780578613,0.0,-0.169677734375,0.027587890625,1.03564453125,-0.09923664480447769,10.259541511535645,-2.007633686065674,0.06348611414432526,2245,0,98,1189,13,3072,100751,26,68
256832,-21.15094566345215,21.158960342407227,10.861380577087402,-10.966856956481934,8056.80322265625,260.6241760253906,2.0748138427734375,10.184738159179688,0.0,-0.1552734375,0.060302734375,1.03076171875,-0.1221374049782753,10.274808883666992,-1.3358778953552246,0.06348611414432526,2245,0,98,1188,13,3072,100751,26,65
256855,-22.638883590698242,21.39365577697754,10.545522689819336,-10.675436973571777,8056.32421875,260.01806640625,2.0139806270599365,9.778311729431152,0.0,-0.152099609375,0.02490234375,1.0576171875,0.20610687136650085,10.076335906982422,-2.1679389476776123,0.06348611414432526,2245,0,98,1187,14,3072,100751,26,67
256872,-19.310083389282227,20.296159744262695,9.64651870727539,-9.732745170593262,8056.64453125,259.94622802734375,1.9793542623519897,9.581583023071289,0.0,-0.134521484375,0.043701171875,1.061279296875,0.5114504098892212,9.48854923248291,-2.458015203475952,0.06348611414432526,2245,0,98,1187,14,3072,100751,26,70
256895,-21.575613021850586,21.56882095336914,11.49929428100586,-11.513046264648438,8056.45458984375,259.4873962402344,1.8857711553573608,9.191414833068848,0.0,-0.130859375,-0.0009765625,1.0498046875,0.8015267252922058,8.374045372009277,-2.4885497093200684,0.06348611414432526,2245,0,98,1187,14,3072,100750,27,67
256912,-21.5143985748291,21.510990142822266,12.625201225280762,-12.623224258422852,8056.95849609375,258.8617858886719,1.856146216392517,9.025498390197754,0.0,-0.14501953125,0.015869140625,1.04541015625,0.8625954389572144,8.137404441833496,-3.068702220916748,0.06348611414432526,2245,0,98,1187,14,3072,100750,26,70
256935,-21.323654174804688,21.322364807128906,12.399978637695312,-12.419737815856934,8057.75390625,258.78082275390625,1.8374732732772827,8.748735427856445,0.0,-0.130126953125,0.044921875,1.0517578125,0.7251908183097839,7.458015441894531,-2.29007625579834,0.06348611414432526,2245,0,98,1187,14,3072,100750,26,68
256953,-20.83014488220215,20.81593132019043,11.315736770629883,-11.377923011779785,8058.31884765625,259.01361083984375,1.8353465795516968,8.632589340209961,0.0,-0.142822265625,0.031494140625,1.049560546875,0.3664122223854065,7.229007720947266,-2.076335906982422,0.06348611414432526,2245,0,98,1187,14,3072,100750,26,65
256975,-20.871349334716797,20.839859008789062,11.864534378051758,-11.946137428283691,8057.77587890625,258.9399719238281,1.872096061706543,8.430490493774414,0.0,-0.12548828125,0.04296875,1.04736328125,0.06870228797197342,7.755725383758545,-1.9007633924484253,0.05729810521006584,2245,0,98,1187,13,3072,100750,26,67
256992,-20.652786254882812,20.5964412689209,10.436707496643066,-10.481354713439941,8058.0654296875,258.6566162109375,1.9030568599700928,8.297303199768066,0.0,-0.12353515625,0.05029296875,1.04248046875,0.45038166642189026,7.793893337249756,-2.0229008197784424,0.05729810521006584,2245,0,98,1187,13,3072,100750,26,69
257015,-21.87598419189453,21.871187210083008,12.604201316833496,-12.603264808654785,8057.1953125,258.012939453125,1.858337163925171,8.077071189880371,0.0,-0.12939453125,0.031982421875,1.047607421875,-0.07633587718009949,7.007633686065674,-1.5648854970932007,0.05729810521006584,2245,0,98,1187,14,3072,100750,26,67
257032,-21.711400985717773,21.711181640625,14.137504577636719,-14.121940612792969,8057.0322265625,258.68841552734375,1.8639261722564697,7.9813618659973145,0.0,-0.13427734375,0.035888671875,1.04833984375,0.007633587811142206,6.755725383758545,-1.85496187210083,0.05729810521006584,2245,0,98,1187,14,3072,100750,26,69
257052,-22.027645111083984,22.028871536254883,13.7601957321167,-13.792048454284668,8057.2919921875,258.0450439453125,1.8890701532363892,7.804046630859375,0.0,-0.125732421875,0.034423828125,1.049560546875,0.6106870174407959,7.458015441894531,-2.282442808151245,0.05729810521006584,2245,0,98,1187,15,3072,100750,26,66
257075,-21.132043838500977,21.134613037109375,14.244019508361816,-14.29920482635498,8056.6591796875,257.906005859375,1.8723300695419312,7.601513862609863,0.0,-0.12890625,0.0341796875,1.044189453125,0.32824426889419556,7.877862453460693,-1.9389313459396362,0.05729810521006584,2245,0,98,1187,15,3072,100750,26,67
257092,-19.75193977355957,19.391149520874023,8.97209358215332,-9.077159881591797,8056.92333984375,258.5016784667969,1.8685094118118286,7.500993251800537,0.0,-0.1240234375,0.031982421875,1.041748046875,-0.030534351244568825,7.603053569793701,-1.7938930988311768,0.05729810521006584,2245,0,98,1187,15,3072,100750,26,70
257112,-20.97385025024414,20.986976623535156,11.715049743652344,-11.78751277923584,8056.41796875,257.7683410644531,1.8705940246582031,7.374622344970703,0.0,-0.12060546875,0.037841796875,1.055419921875,-0.1450381726026535,7.267175674438477,-1.8167939186096191,0.05729810521006584,2245,0,98,1187,15,3072,100750,26,67
257135,-20.90215301513672,20.910385131835938,13.294905662536621,-13.34752368927002,8055.859375,258.1065673828125,1.8947577476501465,7.127591609954834,0.0,-0.109375,0.03759765625,1.047607421875,0.8396946787834167,7.916030406951904,-2.2595419883728027,0.05729810521006584,2245,0,98,1188,15,3072,100750,26,70
257153,-20.931884765625,20.902301788330078,13.383462905883789,-13.434208869934082,8054.8271484375,257.57086181640625,1.9250704050064087,6.975066661834717,0.0,-0.101318359375,0.06396484375,1.052490234375,1.122137427330017,7.572519302368164,-3.3129770755767822,0.05729810521006584,2245,0,98,1188,15,3072,100750,26,67
257172,-20.815101623535156,20.765560150146484,13.285520553588867,-13.347306251525879,8054.90234375,258.1664733886719,1.921451210975647,6.848171234130859,0.0,-0.102294921875,0.0263671875,1.058349609375,0.8931297659873962,7.0916032791137695,-2.679389238357544,0.0505857989192009,2245,0,98,1188,15,3072,100750,26,70
257192,-21.703445434570312,21.650175094604492,13.873950958251953,-13.938675880432129,8054.6376953125,257.49945068359375,1.9227113723754883,6.616476535797119,0.0,-0.08642578125,0.042724609375,1.05859375,0.7633587718009949,6.488549709320068,-1.7175573110580444,0.0505857989192009,2245,0,98,1187,15,3072,100750,26,67
257212,-21.268526077270508,21.245887756347656,14.504772186279297,-14.543169975280762,8054.81396484375,256.8382873535156,1.915940284729004,6.344558238983154,0.0,-0.072509765625,0.031005859375,1.077392578125,0.3664122223854065,5.0916032791137695,-2.030534267425537,0.0505857989192009,2245,0,98,1187,16,3072,100750,26,70
257232,-21.856847763061523,21.77690315246582,14.110162734985352,-14.155366897583008,8054.7587890625,257.63873291015625,1.9183679819107056,6.058527946472168,0.0,-0.054931640625,0.041015625,1.094482421875,0.3206106722354889,3.6259541511535645,-2.0458016395568848,0.0505857989192009,2245,0,98,1188,15,3072,100751,26,67
257255,-20.996681213378906,20.995113372802734,14.091231346130371,-14.132800102233887,8054.7236328125,258.02215576171875,1.9216521978378296,5.688815593719482,0.0,-0.02978515625,0.04248046875,1.103515625,0.8625954389572144,0.4656488597393036,-2.1984732151031494,0.0505857989192009,2245,0,98,1188,14,3072,100751,26,70
257272,-20.941429138183594,20.96729278564453,12.643148422241211,-12.727701187133789,8055.01318359375,256.402587890625,1.9010634422302246,5.519672870635986,0.0,-0.039794921875,0.036865234375,1.100830078125,0.7633587718009949,-1.2519084215164185,-2.1297709941864014,0.0505857989192009,2245,0,98,1188,14,3072,100751,26,67
257295,-18.205196380615234,18.237747192382812,7.877779483795166,-8.031477928161621,8054.58203125,257.0511779785156,1.832879900932312,5.28233528137207,0.0,-0.0439453125,0.01171875,1.074951171875,0.04580152779817581,-4.5190839767456055,-1.7480915784835815,0.0505857989192009,2245,0,98,1188,14,3072,100751,26,70
257312,-18.283353805541992,18.285991668701172,8.192391395568848,-8.2880220413208,8054.55322265625,256.1583557128906,1.7953063249588013,5.209871292114258,0.0,-0.05029296875,0.019287109375,1.082763671875,-0.6717557311058044,-5.549618244171143,-1.6641221046447754,0.0505857989192009,2246,0,98,1188,14,3072,100751,27,67
257332,-19.336103439331055,19.351211547851562,7.884829521179199,-7.9507293701171875,8054.9921875,256.83856201171875,1.8534700870513916,5.165220737457275,0.0,-0.0576171875,0.0546875,1.089599609375,-0.7938931584358215,-6.984732627868652,-2.427480936050415,0.0505857989192009,2245,0,98,1188,14,3072,100751,27,70
257353,-18.997180938720703,19.00175666809082,7.429701805114746,-7.485830783843994,8055.984375,256.5128479003906,1.8565908670425415,5.196770191192627,0.0,-0.075439453125,0.0263671875,1.087890625,-0.17557251453399658,-8.48854923248291,-1.9541984796524048,0.0505857989192009,2245,0,98,1188,14,3072,100751,26,67
257375,-19.81432342529297,19.806726455688477,6.781274795532227,-6.8168487548828125,8056.1015625,256.3847961425781,1.9025706052780151,5.219974517822266,0.0,-0.07080078125,0.05322265625,1.092041015625,-0.7786259651184082,-10.473282814025879,-2.541984796524048,0.04855161905288696,2245,0,98,1188,13,3072,100750,26,70
257392,-19.570146560668945,19.574453353881836,6.297243118286133,-6.333545207977295,8056.15771484375,256.62469482421875,1.95840322971344,5.316640377044678,0.0,-0.0908203125,0.0537109375,1.057861328125,-0.7709923386573792,-11.4503812789917,-2.3435113430023193,0.04855161905288696,2245,0,98,1188,13,3072,100750,26,67
257415,-18.75431251525879,18.76161003112793,4.867050647735596,-4.923266410827637,8056.2021484375,257.5473937988281,1.9782251119613647,5.627366542816162,0.0,-0.11767578125,0.0107421875,1.064453125,-1.0687023401260376,-12.343511581420898,-1.7480915784835815,0.04855161905288696,2245,0,98,1187,14,3072,100750,26,69
257432,-17.33749008178711,17.319704055786133,2.457820177078247,-2.4676434993743896,8056.2109375,257.30694580078125,1.9920578002929688,5.801743030548096,0.0,-0.12060546875,0.042724609375,1.042236328125,-0.8244274854660034,-12.389312744140625,-2.2366411685943604,0.04855161905288696,2245,0,98,1187,14,3072,100750,26,66
257452,-19.098936080932617,19.0968074798584,2.7819924354553223,-2.8279430866241455,8056.22119140625,257.96282958984375,2.0131070613861084,6.113944053649902,0.0,-0.142333984375,0.021728515625,1.031494140625,-0.3358778655529022,-12.351144790649414,-2.4732823371887207,0.04855161905288696,2245,0,98,1187,14,3072,100750,26,69
257473,-19.275859832763672,19.28445053100586,2.781146764755249,-2.8366711139678955,8055.98828125,257.7958679199219,2.0619404315948486,6.422323226928711,0.0,-0.142822265625,0.047607421875,1.025390625,-0.3358778655529022,-11.832060813903809,-1.8167939186096191,0.04855161905288696,2245,0,98,1187,15,3072,100750,26,66
257494,-18.39061737060547,18.399187088012695,1.6744929552078247,-1.737675428390503,8056.3115234375,257.7958679199219,2.0930702686309814,6.859095573425293,0.0,-0.167236328125,0.021240234375,1.033447265625,-1.3969465494155884,-11.557251930236816,-1.4580153226852417,0.04855161905288696,2245,0,98,1187,15,3072,100751,26,69
257512,-19.59688377380371,19.601476669311523,1.687982201576233,-1.7512212991714478,8056.27587890625,258.2349853515625,2.09086537361145,7.07206392288208,0.0,-0.163818359375,0.05224609375,1.03466796875,-1.0610686540603638,-11.335877418518066,-1.587786316871643,0.04855161905288696,2245,0,98,1187,15,3072,100751,26,66
257535,-18.08812713623047,18.09161376953125,1.2427802085876465,-1.3075220584869385,8056.3046875,258.3866882324219,2.06527042388916,7.407971382141113,0.0,-0.162841796875,0.0244140625,1.03076171875,0.572519063949585,-10.900763511657715,-2.961832046508789,0.04855161905288696,2245,0,98,1187,16,3072,100750,26,68
257553,-15.881589889526367,15.907282829284668,0.21829915046691895,-0.2825648784637451,8055.94140625,258.5667724609375,2.0456223487854004,7.5776686668396,0.0,-0.16650390625,0.027587890625,1.03759765625,1.1679389476776123,-10.114503860473633,-3.0992367267608643,0.04855161905288696,2245,0,98,1187,16,3072,100751,26,71
257572,-19.10426902770996,19.130538940429688,0.4911438822746277,-0.5767611861228943,8056.0908203125,259.2312316894531,2.0643670558929443,7.77815055847168,0.0,-0.1767578125,0.052490234375,1.017333984375,0.6641221642494202,-9.67175579071045,-3.14503812789917,0.052242159843444824,2245,0,98,1186,17,3072,100751,26,69
257592,-19.40679931640625,19.41864585876465,0.9102429151535034,-1.0095467567443848,8056.63916015625,259.2118225097656,2.0409982204437256,8.09782886505127,0.0,-0.186279296875,0.03515625,1.018310546875,-0.49618321657180786,-9.458015441894531,-2.0,0.052242159843444824,2245,0,98,1187,16,3072,100751,26,66
257612,-20.056581497192383,20.060684204101562,0.768150269985199,-0.8514276146888733,8056.8779296875,259.3386535644531,2.044231414794922,8.327610969543457,0.0,-0.17041015625,0.02490234375,1.041748046875,-0.885496199131012,-9.045801162719727,-1.2519084215164185,0.052242159843444824,2245,0,98,1187,16,3072,100751,26,69
257632,-20.11001205444336,20.114673614501953,0.816635251045227,-0.883538007736206,8057.28759765625,259.05902099609375,2.075871467590332,8.432642936706543,0.0,-0.1513671875,0.044189453125,1.050048828125,0.17557251453399658,-8.496183395385742,-2.465648889541626,0.052242159843444824,2245,0,98,1187,15,3072,100751,26,69
257652,-15.067670822143555,15.088068962097168,0.1515491008758545,-0.22614538669586182,8056.9228515625,259.732177734375,2.063420534133911,8.559460639953613,0.0,-0.1591796875,0.0400390625,1.052001953125,0.9389312863349915,-8.282443046569824,-3.2977099418640137,0.052242159843444824,2245,0,98,1188,15,3072,100751,26,66
257675,-19.3623104095459,19.379480361938477,0.24224504828453064,-0.35199588537216187,8057.1806640625,259.9852600097656,2.016862392425537,8.777896881103516,0.0,-0.166748046875,0.03564453125,1.048095703125,0.572519063949585,-9.90839672088623,-2.5496182441711426,0.052242159843444824,2245,0,98,1188,14,3072,100751,26,69
257692,-18.087221145629883,18.09697914123535,-0.087277352809906,0.015869051218032837,8056.80615234375,260.354736328125,2.017331123352051,8.8917236328125,0.0,-0.167236328125,0.039794921875,1.03955078125,0.290076345205307,-10.320611000061035,-2.2290077209472656,0.052242159843444824,2245,0,98,1188,14,3072,100751,26,67
257715,-19.25895881652832,19.271923065185547,-1.0083767175674438,0.9115402698516846,8056.82177734375,260.14947509765625,2.006073236465454,9.124505043029785,0.0,-0.172119140625,0.033935546875,1.03857421875,-0.45038166642189026,-10.32824420928955,-1.9923664331436157,0.052242159843444824,2245,0,98,1188,14,3072,100751,26,70
257732,-19.719974517822266,19.736162185668945,-1.210768461227417,1.1069799661636353,8057.10693359375,260.1704406738281,2.0145788192749023,9.264692306518555,0.0,-0.18505859375,0.036376953125,1.041259765625,-0.3206106722354889,-10.496183395385742,-2.4045801162719727,0.052242159843444824,2245,0,98,1188,14,3072,100751,26,67
257753,-18.58850860595703,18.61042594909668,-1.3451694250106812,1.239376425743103,8057.5205078125,260.47119140625,2.0225491523742676,9.509510040283203,0.0,-0.1943359375,0.045654296875,1.039794921875,0.17557251453399658,-10.534351348876953,-2.6870229244232178,0.052242159843444824,2245,0,98,1189,13,3072,100751,26,65
257777,-19.721952438354492,19.732412338256836,-1.6013603210449219,1.4666985273361206,8057.7685546875,260.5661315917969,2.0361907482147217,9.598906517028809,0.0,-0.20556640625,0.047119140625,1.03076171875,0.35877862572669983,-9.625954627990723,-2.580152750015259,0.057614654302597046,2245,0,98,1189,13,3072,100751,26,67
257795,-20.417198181152344,20.424753189086914,-1.6904218196868896,1.545791745185852,8057.16259765625,260.556884765625,2.0318057537078857,9.78104019165039,0.0,-0.21435546875,0.03369140625,1.0224609375,-0.2977099120616913,-9.259541511535645,-2.328244209289551,0.057614654302597046,2245,0,98,1189,13,3072,100751,26,70
257812,-14.369132041931152,14.41865062713623,-1.3114066123962402,1.2028708457946777,8057.70703125,260.6491394042969,2.05568265914917,9.96299934387207,0.0,-0.2119140625,0.0400390625,1.02001953125,-0.6183205842971802,-9.389312744140625,-1.5648854970932007,0.057614654302597046,2245,0,98,1189,13,3072,100751,26,67
257835,-19.236665725708008,19.263696670532227,-1.2917085886001587,1.2282767295837402,8057.60009765625,260.5372619628906,2.0340332984924316,10.234095573425293,0.0,-0.19921875,0.0341796875,1.029052734375,-0.38167938590049744,-9.557251930236816,-1.9160305261611938,0.057614654302597046,2245,0,98,1187,14,3072,100751,26,70
257852,-21.111827850341797,21.11525535583496,-1.724198818206787,1.6524351835250854,8058.5576171875,260.3458251953125,2.028559446334839,10.384553909301758,0.0,-0.21142578125,0.04345703125,1.03271484375,0.09923664480447769,-9.412213325500488,-2.534351110458374,0.057614654302597046,2245,0,98,1187,14,3072,100751,26,68
257873,-20.251609802246094,20.264041900634766,-1.9171249866485596,1.812534213066101,8058.41552734375,260.74090576171875,2.0634167194366455,10.657015800476074,0.0,-0.22998046875,0.056640625,1.0244140625,1.3587785959243774,-7.9083967208862305,-3.0458016395568848,0.057614654302597046,2245,0,98,1187,14,3072,100751,26,65
257895,-20.19792938232422,20.201820373535156,-1.7729734182357788,1.642204999923706,8058.6923828125,261.27362060546875,2.1280503273010254,11.094033241271973,0.0,-0.26025390625,0.043701171875,0.99365234375,1.1908396482467651,-5.893129825592041,-3.6641221046447754,0.057614654302597046,2245,0,98,1187,15,3072,100751,26,67
257912,-19.514110565185547,19.369787216186523,-0.9275152087211609,0.7892340421676636,8058.6875,261.25958251953125,2.135298490524292,11.297492980957031,0.0,-0.253662109375,0.0341796875,0.9921875,0.5038167834281921,-5.038167953491211,-2.610687017440796,0.057614654302597046,2245,0,98,1187,15,3072,100751,26,70
257933,-21.086576461791992,21.097389221191406,-0.08355003595352173,-0.047906339168548584,8058.6650390625,261.23004150390625,2.1580002307891846,11.517295837402344,0.0,-0.240234375,0.0615234375,1.01123046875,-1.0305343866348267,-4.778625965118408,-1.3511450290679932,0.057614654302597046,2245,0,98,1187,14,3072,100751,26,68
257952,-21.15593719482422,21.16284942626953,0.13437992334365845,-0.26258885860443115,8058.4521484375,261.2147216796875,2.165971517562866,11.621687889099121,0.0,-0.239501953125,0.0546875,1.028564453125,-0.7175572514533997,-4.358778476715088,-1.4580153226852417,0.06450951844453812,2245,0,98,1187,14,3072,100752,26,65
257975,-21.105619430541992,21.111379623413086,0.3946988582611084,-0.5229514837265015,8058.1240234375,261.52276611328125,2.172224521636963,11.759306907653809,0.0,-0.220458984375,0.0439453125,1.028564453125,0.572519063949585,-2.671755790710449,-2.396946668624878,0.06450951844453812,2245,0,98,1187,15,3072,100752,26,67
257992,-20.927152633666992,20.905284881591797,0.9497863054275513,-1.1035395860671997,8058.0400390625,261.25970458984375,2.146853446960449,11.834367752075195,0.0,-0.23828125,0.030517578125,1.021484375,1.0229008197784424,-2.2671756744384766,-3.1603052616119385,0.06450951844453812,2245,0,98,1187,15,3072,100752,27,70
258012,-20.760019302368164,20.754615783691406,1.1449533700942993,-1.3005988597869873,8057.39990234375,261.1507263183594,2.1435387134552,11.956586837768555,0.0,-0.23876953125,0.03759765625,1.02099609375,0.9541984796524048,-2.038167953491211,-2.396946668624878,0.06450951844453812,2245,0,98,1187,15,3072,100751,26,67
258034,-19.94820785522461,20.247514724731445,1.7939634323120117,-1.8954048156738281,8057.1591796875,261.1507263183594,2.0992517471313477,12.106449127197266,0.0,-0.2353515625,0.022216796875,1.02294921875,-0.007633587811142206,-1.9236640930175781,-2.0229008197784424,0.06450951844453812,2245,0,98,1187,15,3072,100751,26,70
258052,-22.80621337890625,22.879066467285156,2.646122932434082,-2.705781936645508,8056.82568359375,261.1857604980469,2.090062379837036,12.19788646697998,0.0,-0.2490234375,0.038818359375,1.00927734375,0.32824426889419556,-1.0,-2.603053331375122,0.06450951844453812,2245,0,98,1187,15,3072,100751,26,68
258075,-21.13323211669922,21.137062072753906,2.8270277976989746,-2.9270615577697754,8056.8173828125,261.17010498046875,2.125450849533081,12.435802459716797,0.0,-0.26953125,0.04541015625,1.000244140625,0.8091602921485901,1.8244274854660034,-2.679389238357544,0.06450951844453812,2245,0,98,1187,15,3072,100751,26,71
258092,-22.464693069458008,22.464859008789062,3.43359375,-3.5564255714416504,8056.5712890625,261.5022888183594,2.1157827377319336,12.536251068115234,0.0,-0.268798828125,0.03271484375,0.999267578125,1.0534350872039795,2.9007632732391357,-2.8320610523223877,0.06450951844453812,2245,0,98,1187,15,3072,100751,26,68
258112,-21.159156799316406,21.14936637878418,4.82879114151001,-4.935304164886475,8056.5888671875,261.6017150878906,2.123020648956299,12.647162437438965,0.0,-0.26611328125,0.04052734375,0.998046875,0.37404578924179077,4.740458011627197,-2.244274854660034,0.06450951844453812,2246,0,98,1188,15,3072,100751,26,67
258133,-20.177637100219727,19.788249969482422,4.168076038360596,-4.282249450683594,8056.2685546875,261.49224853515625,2.1240055561065674,12.692560195922852,0.0,-0.256591796875,0.044921875,1.005859375,-0.25954198837280273,5.58015251159668,-1.6259541511535645,0.06450951844453812,2245,0,98,1188,15,3072,100751,26,70
258155,-22.34891128540039,22.32278060913086,5.847487449645996,-5.973474502563477,8055.8056640625,261.5956115722656,2.13869571685791,12.699908256530762,0.0,-0.25537109375,0.037841796875,1.007080078125,0.030534351244568825,8.030534744262695,-1.9847328662872314,0.07070966809988022,2245,0,98,1188,14,3072,100751,26,67
258172,-20.716617584228516,20.718780517578125,7.684267044067383,-7.757622718811035,8055.7021484375,261.7423400878906,2.0988714694976807,12.69185733795166,0.0,-0.255615234375,0.02685546875,1.00634765625,0.6183205842971802,9.305343627929688,-2.0992367267608643,0.07070966809988022,2245,0,98,1188,14,3072,100751,26,70
258195,-21.52883529663086,21.53657341003418,8.173598289489746,-8.273343086242676,8055.4990234375,261.5855407714844,2.057918071746826,12.58393669128418,0.0,-0.237060546875,0.03125,1.021484375,0.9160305261611938,10.702290534973145,-2.2977099418640137,0.07070966809988022,2245,0,98,1188,15,3072,100751,26,67
258212,-22.39801025390625,22.392576217651367,9.132428169250488,-9.240235328674316,8054.92822265625,261.6763916015625,2.063354969024658,12.520751953125,0.0,-0.232421875,0.03955078125,1.007568359375,0.6259542107582092,11.007633209228516,-2.2366411685943604,0.07070966809988022,2245,0,98,1188,15,3072,100751,26,70
258235,-22.345800399780273,22.344987869262695,11.165494918823242,-11.203937530517578,8055.5478515625,261.02685546875,2.0218145847320557,12.22573184967041,0.0,-0.2041015625,0.022705078125,1.02783203125,0.7633587718009949,12.389312744140625,-2.0992367267608643,0.07070966809988022,2245,0,98,1187,14,3072,100751,26,67
258252,-22.011554718017578,22.011629104614258,11.987892150878906,-12.006511688232422,8055.8134765625,261.28466796875,2.01543927192688,12.056931495666504,0.0,-0.200927734375,0.038818359375,1.030517578125,1.1908396482467651,12.770992279052734,-3.0458016395568848,0.07070966809988022,2245,0,98,1187,14,3072,100751,26,65
258275,-22.0704345703125,22.073619842529297,12.981560707092285,-13.027216911315918,8055.95849609375,260.7975158691406,1.957159161567688,11.777003288269043,0.0,-0.205078125,0.03173828125,1.034912109375,1.496183156967163,13.61832046508789,-2.1984732151031494,0.07070966809988022,2245,0,98,1188,14,3072,100750,26,67
258292,-20.85813331604004,20.86107635498047,12.32286262512207,-12.387373924255371,8056.06494140625,260.6028137207031,1.9631412029266357,11.634617805480957,0.0,-0.200927734375,0.063720703125,1.018310546875,0.8625954389572144,13.534351348876953,-2.3129770755767822,0.07070966809988022,2245,0,98,1188,14,3072,100751,26,70
258315,-18.509000778198242,18.044692993164062,8.51671028137207,-8.616247177124023,8055.77978515625,260.412353515625,1.9753634929656982,11.28754997253418,0.0,-0.179931640625,0.031005859375,1.025634765625,0.4351145029067993,14.114503860473633,-2.2290077209472656,0.07070966809988022,2245,0,98,1187,14,3072,100751,26,68
258333,-23.09108543395996,23.044336318969727,11.264606475830078,-11.352790832519531,8055.98046875,260.3865051269531,1.9840748310089111,11.049546241760254,0.0,-0.1708984375,0.04296875,1.0419921875,0.6106870174407959,15.038167953491211,-1.770992398262024,0.07070966809988022,2245,0,98,1187,14,3072,100751,26,71
258352,-21.468664169311523,21.462148666381836,13.294607162475586,-13.309073448181152,8056.07421875,260.0116882324219,1.9923549890518188,10.824514389038086,0.0,-0.173583984375,0.03271484375,1.035888671875,1.2595419883728027,15.030534744262695,-2.671755790710449,0.06586290150880814,2245,0,98,1187,15,3072,100751,26,69
258375,-22.508726119995117,22.50381088256836,15.306498527526855,-15.306879043579102,8056.1708984375,260.5707092285156,1.9662632942199707,10.35609245300293,0.0,-0.1533203125,0.041748046875,1.0380859375,1.0534350872039795,14.51145076751709,-2.137404680252075,0.06586290150880814,2245,0,98,1187,14,3072,100750,26,72
258392,-21.15635108947754,21.157546997070312,15.010702133178711,-15.005821228027344,8056.3984375,260.1094970703125,1.9721877574920654,10.124184608459473,0.0,-0.148681640625,0.03955078125,1.037841796875,0.6412213444709778,14.412213325500488,-1.7633588314056396,0.06586290150880814,2245,0,98,1187,14,3072,100750,26,69
258415,-19.13759422302246,19.06891632080078,10.808369636535645,-10.850719451904297,8056.859375,259.63909912109375,1.9692381620407104,9.67690372467041,0.0,-0.145751953125,0.03955078125,1.044189453125,-0.022900763899087906,13.938931465148926,-1.7480915784835815,0.06586290150880814,2245,0,98,1188,14,3072,100751,26,69
258432,-21.13764190673828,21.145742416381836,12.405571937561035,-12.478373527526855,8055.5634765625,259.23553466796875,1.9811495542526245,9.453797340393066,0.0,-0.14208984375,0.037353515625,1.054931640625,-0.007633587811142206,14.038167953491211,-1.587786316871643,0.06586290150880814,2245,0,98,1188,14,3072,100751,26,72
258452,-15.597295761108398,15.558184623718262,10.453756332397461,-10.535577774047852,8055.0830078125,259.6051025390625,1.947210669517517,9.09470272064209,0.0,-0.135009765625,0.01171875,1.0576171875,0.5877862572669983,14.015267372131348,-1.8702290058135986,0.06586290150880814,2245,0,98,1188,13,3072,100751,26,70
258475,-18.89417266845703,18.890920639038086,12.372315406799316,-12.412282943725586,8054.81103515625,258.73663330078125,1.908414602279663,8.592199325561523,0.0,-0.1181640625,0.03857421875,1.068603515625,1.0610686540603638,12.67175579071045,-2.5114502906799316,0.06586290150880814,2245,0,98,1187,14,3072,100751,26,73
258492,-23.46326446533203,23.443843841552734,14.448391914367676,-14.448288917541504,8054.359375,258.8484191894531,1.9064751863479614,8.378631591796875,0.0,-0.121337890625,0.0498046875,1.064453125,1.0610686540603638,11.748091697692871,-2.0610687732696533,0.06586290150880814,2245,0,98,1187,14,3072,100751,26,75
258512,-22.221988677978516,22.21181869506836,17.047496795654297,-17.00121307373047,8054.56396484375,258.43743896484375,1.9104617834091187,8.031664848327637,0.0,-0.09716796875,0.062255859375,1.067626953125,0.6488549709320068,10.923664093017578,-2.076335906982422,0.06586290150880814,2245,0,98,1187,14,3072,100751,26,73
258534,-22.12795639038086,22.125450134277344,16.873767852783203,-16.873760223388672,8053.74609375,258.06744384765625,1.806121587753296,7.639273643493652,0.0,-0.0888671875,0.038330078125,1.073974609375,1.4045801162719727,9.80152702331543,-2.389312982559204,0.06586290150880814,2245,0,98,1187,14,3072,100751,26,70
258552,-22.223596572875977,22.226346969604492,17.066160202026367,-17.12741470336914,8053.55322265625,258.00091552734375,1.7867343425750732,7.463883399963379,0.0,-0.105712890625,0.02880859375,1.046875,0.5877862572669983,8.5496187210083,-2.580152750015259,0.056688033044338226,2245,0,98,1187,14,3072,100751,26,67
258574,-21.862581253051758,21.874788284301758,14.407835006713867,-14.450980186462402,8053.68359375,258.00091552734375,1.808145523071289,7.08349609375,0.0,-0.072021484375,0.0263671875,1.067138671875,0.7175572514533997,7.343511581420898,-2.4732823371887207,0.056688033044338226,2245,0,98,1186,14,3072,100751,26,70
258592,-22.297822952270508,22.32332992553711,15.546021461486816,-15.589790344238281,8053.6494140625,257.6193542480469,1.7761669158935547,6.879843235015869,0.0,-0.09765625,-0.009033203125,1.07958984375,0.38167938590049744,6.916030406951904,-1.770992398262024,0.056688033044338226,2245,0,98,1186,14,3072,100751,27,67
258612,-21.982454299926758,21.982255935668945,16.661394119262695,-16.683073043823242,8053.69775390625,257.0872497558594,1.786681056022644,6.581095218658447,0.0,-0.070068359375,0.00830078125,1.08544921875,0.221374049782753,5.687022686004639,-1.572519063949585,0.056688033044338226,2246,0,98,1187,14,3072,100751,26,70
258635,-21.66484260559082,21.554597854614258,16.153169631958008,-16.179311752319336,8053.9697265625,257.4630432128906,1.8560352325439453,6.235111236572266,0.0,-0.067626953125,0.04736328125,1.08447265625,0.11450381577014923,2.7022900581359863,-1.6870229244232178,0.056688033044338226,2245,0,98,1187,14,3072,100751,26,67
258652,-20.422588348388672,20.405773162841797,12.598638534545898,-12.640238761901855,8053.61474609375,257.7492980957031,1.837480902671814,6.087410926818848,0.0,-0.064208984375,0.027587890625,1.0908203125,0.05343511328101158,1.3587785959243774,-1.9847328662872314,0.056688033044338226,2245,0,98,1187,14,3072,100750,26,69
258672,-20.529634475708008,20.50159454345703,11.630064964294434,-11.623176574707031,8053.48291015625,257.4525146484375,1.8227593898773193,5.8900556564331055,0.0,-0.06201171875,0.029296875,1.095947265625,0.4351145029067993,-0.40458014607429504,-1.9923664331436157,0.056688033044338226,2245,0,98,1188,13,3072,100750,26,66
258692,-20.961997985839844,20.952627182006836,12.400479316711426,-12.367093086242676,8054.0517578125,257.3117980957031,1.786026120185852,5.760566234588623,0.0,-0.068115234375,0.016845703125,1.092041015625,0.7633587718009949,-2.931297779083252,-1.2824426889419556,0.056688033044338226,2245,0,98,1188,12,3072,100750,26,69
258712,-21.18980598449707,21.18201446533203,12.66556453704834,-12.60381031036377,8053.6640625,257.1296691894531,1.8059568405151367,5.672894477844238,0.0,-0.061767578125,0.054443359375,1.085693359375,0.3893129825592041,-4.755725383758545,-1.3664121627807617,0.056688033044338226,2245,0,98,1188,12,3072,100750,26,66
258733,-20.344802856445312,20.339101791381836,11.347725868225098,-11.314188957214355,8054.38134765625,256.69842529296875,1.7724952697753906,5.582931995391846,0.0,-0.0556640625,0.037353515625,1.083984375,-0.25190839171409607,-6.427480697631836,-1.14503812789917,0.056688033044338226,2245,0,98,1189,12,3072,100750,26,69
258752,-21.2386474609375,21.241287231445312,10.084101676940918,-10.107590675354004,8054.8740234375,256.7199401855469,1.7740130424499512,5.562808513641357,0.0,-0.075927734375,0.021728515625,1.057861328125,0.030534351244568825,-7.923664093017578,-2.1984732151031494,0.0488198958337307,2245,0,98,1189,12,3072,100750,26,72
258776,-19.455570220947266,19.460193634033203,8.705504417419434,-8.735658645629883,8054.2880859375,257.00732421875,1.8116252422332764,5.587090492248535,0.0,-0.09033203125,0.05908203125,1.06591796875,-0.694656491279602,-8.70992374420166,-2.114503860473633,0.0488198958337307,2245,0,98,1189,13,3072,100750,26,69
258794,-17.61524772644043,17.602176666259766,5.1314544677734375,-5.172502040863037,8054.54052734375,256.8658447265625,1.8560853004455566,5.697048187255859,0.0,-0.113525390625,0.0673828125,1.049560546875,-0.13740457594394684,-10.145038604736328,-2.603053331375122,0.0488198958337307,2245,0,98,1189,13,3072,100750,26,66
258812,-21.018550872802734,21.014162063598633,7.757411956787109,-7.791166305541992,8054.0966796875,257.3431701660156,1.8789345026016235,5.8310136795043945,0.0,-0.111328125,0.059326171875,1.04638671875,-0.18320611119270325,-10.442748069763184,-1.7557251453399658,0.0488198958337307,2245,0,98,1189,13,3072,100750,26,69
258832,-20.595413208007812,20.587881088256836,7.70634651184082,-7.723740577697754,8054.47900390625,257.6630859375,1.8917540311813354,6.070093631744385,0.0,-0.130859375,0.040283203125,1.036865234375,-1.0076335668563843,-10.41984748840332,-2.213740348815918,0.0488198958337307,2245,0,98,1189,13,3072,100751,26,66
258852,-19.93191909790039,19.930753707885742,5.7016706466674805,-5.758078098297119,8054.6376953125,257.9441833496094,1.9281487464904785,6.3230509757995605,0.0,-0.144287109375,0.022216796875,1.04736328125,-0.9389312863349915,-10.312976837158203,-1.9465649127960205,0.0488198958337307,2245,0,98,1188,14,3072,100751,26,69
258872,-20.939321517944336,20.940176010131836,5.4419474601745605,-5.477565288543701,8054.75634765625,258.7363586425781,1.970279574394226,6.594422340393066,0.0,-0.13916015625,0.051025390625,1.03857421875,-0.1221374049782753,-9.809160232543945,-2.0458016395568848,0.0488198958337307,2245,0,98,1188,14,3072,100750,26,66
258895,-19.955951690673828,19.954952239990234,5.492226600646973,-5.5421576499938965,8054.4208984375,258.349365234375,1.9436213970184326,6.949154376983643,0.0,-0.171630859375,0.03759765625,1.047119140625,-0.4198473393917084,-10.5496187210083,-2.358778715133667,0.0488198958337307,2245,0,98,1188,15,3072,100750,26,69
258912,-18.899404525756836,18.91058349609375,3.297144889831543,-3.354564666748047,8054.77880859375,258.6175842285156,1.9155373573303223,7.144134044647217,0.0,-0.161376953125,0.029296875,1.0390625,-0.022900763899087906,-9.679388999938965,-2.358778715133667,0.0488198958337307,2245,0,98,1188,15,3072,100750,26,66
258933,-20.500253677368164,20.50849723815918,3.709994077682495,-3.798356056213379,8054.2109375,259.1712341308594,1.938883662223816,7.464930534362793,0.0,-0.185791015625,0.058837890625,1.010009765625,0.5877862572669983,-9.320611000061035,-3.2595419883728027,0.0488198958337307,2245,0,98,1188,14,3072,100750,27,69
258955,-19.824947357177734,19.83972930908203,3.4034998416900635,-3.4986090660095215,8053.83203125,258.99383544921875,1.9597833156585693,7.849122524261475,0.0,-0.2041015625,0.03857421875,1.00927734375,0.49618321657180786,-6.557251930236816,-2.427480936050415,0.05065470188856125,2245,0,98,1188,14,3072,100750,27,66
258972,-19.85215187072754,19.865062713623047,4.018071174621582,-4.143553733825684,8054.49072265625,259.2360534667969,1.9324074983596802,8.081334114074707,0.0,-0.210693359375,0.02001953125,0.99853515625,0.4580152630805969,-5.0916032791137695,-2.3358778953552246,0.05065470188856125,2245,0,98,1188,14,3072,100750,26,68
258995,-17.699983596801758,17.74201202392578,3.572300910949707,-3.6999592781066895,8054.40869140625,259.1877136230469,1.9176850318908691,8.532747268676758,0.0,-0.223388671875,0.025634765625,0.994384765625,0.10687022656202316,-2.458015203475952,-2.5877861976623535,0.05065470188856125,2245,0,98,1187,14,3072,100750,26,66
259012,-20.492115020751953,20.505537033081055,4.83545446395874,-4.976950168609619,8055.1318359375,259.34259033203125,1.961767554283142,8.692497253417969,0.0,-0.2119140625,0.06201171875,1.022216796875,0.18320611119270325,-0.8702290058135986,-2.85496187210083,0.05065470188856125,2245,0,98,1187,14,3072,100750,27,68
259032,-19.905624389648438,19.922927856445312,5.556533336639404,-5.694630146026611,8055.25244140625,259.66192626953125,2.017435073852539,8.86617374420166,0.0,-0.2060546875,0.052490234375,1.01806640625,0.6183205842971802,0.8015267252922058,-2.3129770755767822,0.05065470188856125,2245,0,98,1187,15,3072,100750,27,69
259052,-18.134037017822266,18.169145584106445,5.2479987144470215,-5.372611045837402,8055.7021484375,259.7452392578125,2.0147032737731934,8.949620246887207,0.0,-0.1845703125,0.0322265625,1.03369140625,0.8091602921485901,1.2137404680252075,-2.0458016395568848,0.05065470188856125,2245,0,98,1187,15,3072,100750,26,66
259075,-19.906150817871094,19.916812896728516,6.276728630065918,-6.400389194488525,8056.36328125,259.10589599609375,1.9509748220443726,8.899230003356934,0.0,-0.145751953125,0.04736328125,1.043212890625,0.4580152630805969,1.4580153226852417,-2.030534267425537,0.05065470188856125,2245,0,98,1187,15,3072,100750,26,68
259092,-13.238175392150879,13.257206916809082,4.271308898925781,-4.348065376281738,8057.07666015625,259.619873046875,1.9944069385528564,8.81767749786377,0.0,-0.13330078125,0.048583984375,1.069091796875,0.30534350872039795,1.4885495901107788,-1.7404580116271973,0.05065470188856125,2245,0,98,1187,15,3072,100750,26,68
259114,-16.841266632080078,16.854721069335938,5.316305160522461,-5.395793914794922,8056.99365234375,259.619873046875,2.0581061840057373,8.546159744262695,0.0,-0.103271484375,0.05712890625,1.09521484375,0.8015267252922058,-0.18320611119270325,-1.85496187210083,0.05065470188856125,2245,0,98,1186,15,3072,100750,27,66
259133,-21.953336715698242,21.951927185058594,5.975341320037842,-6.002262592315674,8057.20703125,259.35235595703125,2.0806727409362793,8.409356117248535,0.0,-0.097900390625,0.05908203125,1.12060546875,0.7709923386573792,-2.4503817558288574,-1.0458015203475952,0.05065470188856125,2245,0,98,1186,15,3072,100750,27,69
259152,-20.1849422454834,20.170642852783203,6.706943988800049,-6.656728267669678,8057.51171875,260.1056213378906,2.0899722576141357,8.27663803100586,0.0,-0.08203125,0.042724609375,1.113037109375,1.0,-6.832061290740967,-0.9770992398262024,0.055138953030109406,2245,0,98,1187,15,3072,100750,26,67
259172,-21.290578842163086,21.279495239257812,5.849301338195801,-5.781268119812012,8057.46875,260.1932373046875,2.0450704097747803,8.185787200927734,0.0,-0.1025390625,-0.03564453125,1.1044921875,1.0839694738388062,-10.900763511657715,0.08396946638822556,0.055138953030109406,2245,0,98,1186,15,3072,100750,26,69
259193,-18.44205665588379,18.4034366607666,2.7349188327789307,-2.650240898132324,8057.2978515625,260.17523193359375,2.0217533111572266,8.21796989440918,0.0,-0.106201171875,0.021728515625,1.042724609375,0.572519063949585,-13.916030883789062,-0.015267175622284412,0.055138953030109406,2245,0,98,1187,14,3072,100750,26,66
259215,-21.27492332458496,21.264812469482422,1.9369863271713257,-1.799876093864441,8057.1416015625,259.61224365234375,1.86416494846344,8.41028881072998,0.0,-0.150146484375,0.00830078125,1.019287109375,-1.0076335668563843,-13.099236488342285,-1.1145038604736328,0.055138953030109406,2246,0,98,1186,14,3072,100750,26,69
259232,-21.134660720825195,21.13134002685547,1.2581578493118286,-1.1488845348358154,8056.76708984375,259.964599609375,1.833907127380371,8.547450065612793,0.0,-0.169189453125,0.02099609375,1.029296875,-1.1526718139648438,-11.496183395385742,-3.0229008197784424,0.055138953030109406,2245,0,98,1186,14,3072,100750,26,66
259252,-20.408367156982422,20.415891647338867,0.540654718875885,-0.5701464414596558,8056.6865234375,260.14361572265625,1.8810898065567017,8.819372177124023,0.0,-0.192138671875,0.040283203125,1.03369140625,0.022900763899087906,-10.343511581420898,-3.2671756744384766,0.055138953030109406,2245,0,98,1186,14,3072,100750,26,69
259272,-20.924545288085938,20.923036575317383,0.30119845271110535,-0.39871180057525635,8056.27587890625,259.9965515136719,1.9074573516845703,9.11135482788086,0.0,-0.193115234375,0.04296875,1.0244140625,0.5648854970932007,-10.145038604736328,-2.8473281860351562,0.055138953030109406,2245,0,98,1186,14,3072,100750,26,66
259295,-20.775503158569336,20.772058486938477,0.2692192494869232,-0.3936191499233246,8055.89697265625,260.4598083496094,1.9460946321487427,9.583649635314941,0.0,-0.235595703125,0.030517578125,1.021240234375,-1.3282443284988403,-9.465648651123047,-2.14503812789917,0.055138953030109406,2245,0,98,1186,14,3072,100750,26,69
259312,-20.10708999633789,20.10165786743164,0.2235012650489807,-0.35491955280303955,8055.3974609375,260.40423583984375,1.9445682764053345,9.828852653503418,0.0,-0.23876953125,0.0361328125,1.01171875,-1.6564885377883911,-8.435114860534668,-1.8473281860351562,0.055138953030109406,2245,0,98,1186,14,3072,100750,26,66
259333,-18.90359878540039,18.9226131439209,0.2015068680047989,-0.32644984126091003,8055.3369140625,260.73492431640625,2.0193867683410645,10.22464656829834,0.0,-0.248046875,0.06201171875,0.99853515625,-0.7404580116271973,-7.007633686065674,-2.564885377883911,0.055138953030109406,2245,0,98,1187,14,3072,100750,26,68
259352,-19.588972091674805,19.598339080810547,0.42715224623680115,-0.5180261135101318,8055.3447265625,260.42144775390625,2.0490756034851074,10.511734962463379,0.0,-0.265380859375,0.044921875,0.99658203125,-0.19847328960895538,-4.893129825592041,-1.9007633924484253,0.05995194986462593,2245,0,98,1187,14,3072,100750,26,65
259372,-21.77571678161621,21.777984619140625,1.1794053316116333,-1.2834603786468506,8054.86181640625,260.9178771972656,2.0767366886138916,10.883315086364746,0.0,-0.270263671875,0.047119140625,0.9892578125,0.7938931584358215,-1.9541984796524048,-2.389312982559204,0.05995194986462593,2245,0,98,1187,15,3072,100750,26,68
259395,-20.159151077270508,20.1706600189209,2.4296934604644775,-2.5588531494140625,8054.76806640625,261.0107727050781,2.062636375427246,11.217277526855469,0.0,-0.260986328125,0.033935546875,0.9921875,0.9694656729698181,1.0,-2.671755790710449,0.05995194986462593,2245,0,98,1187,15,3072,100750,26,66
259412,-19.536596298217773,19.563459396362305,2.6332051753997803,-2.7638204097747803,8054.8251953125,261.01123046875,2.056528091430664,11.33622932434082,0.0,-0.25244140625,0.0234375,1.007568359375,1.0229008197784424,1.9541984796524048,-2.717557191848755,0.05995194986462593,2245,0,98,1187,15,3072,100750,26,69
259435,-20.17777442932129,20.190507888793945,3.8237037658691406,-3.941434621810913,8054.66650390625,260.92913818359375,2.0075581073760986,11.536844253540039,0.0,-0.246337890625,0.019775390625,0.998779296875,1.038167953491211,4.404580116271973,-2.3740458488464355,0.05995194986462593,2245,0,98,1187,14,3072,100750,26,72
259452,-14.900956153869629,14.918878555297852,3.8853652477264404,-3.9957640171051025,8053.9541015625,260.8370666503906,2.015354871749878,11.616680145263672,0.0,-0.250732421875,0.04052734375,0.993408203125,0.8167939186096191,5.72519063949585,-2.244274854660034,0.05995194986462593,2245,0,98,1187,14,3072,100750,26,69
259472,-20.424964904785156,20.440235137939453,6.516702651977539,-6.599458694458008,8054.4931640625,260.8656005859375,1.9869223833084106,11.651008605957031,0.0,-0.236572265625,0.03271484375,1.003173828125,1.14503812789917,7.977099418640137,-2.3740458488464355,0.05995194986462593,2245,0,98,1187,15,3072,100750,26,72
259492,-22.055234909057617,22.054580688476562,9.026917457580566,-9.079363822937012,8055.171875,261.09002685546875,2.009371757507324,11.622599601745605,0.0,-0.2412109375,0.03955078125,1.005859375,1.610687017440796,9.725191116333008,-2.8473281860351562,0.05995194986462593,2245,0,98,1187,14,3072,100750,26,70
259513,-22.265377044677734,22.27120018005371,9.866984367370605,-9.976200103759766,8055.5556640625,260.66741943359375,1.9516345262527466,11.48825454711914,0.0,-0.204833984375,0.036865234375,1.017822265625,1.160305380821228,11.259541511535645,-2.503816843032837,0.05995194986462593,2245,0,98,1187,15,3072,100750,26,67
259535,-21.74296760559082,21.749666213989258,10.738321304321289,-10.875105857849121,8055.60302734375,261.3607177734375,1.9775627851486206,11.319230079650879,0.0,-0.214599609375,0.03857421875,1.013916015625,1.2900763750076294,12.351144790649414,-2.786259651184082,0.06369149684906006,2245,0,98,1187,14,3072,100750,26,70
259552,-22.784774780273438,23.35205841064453,10.017019271850586,-10.154552459716797,8055.9619140625,260.6119384765625,1.9647456407546997,11.22860050201416,0.0,-0.22509765625,0.027587890625,1.01806640625,0.7251908183097839,12.755724906921387,-2.0610687732696533,0.06369149684906006,2245,0,98,1187,14,3072,100750,26,68
259575,-22.579322814941406,18.30266761779785,7.488280773162842,-7.635814666748047,8056.2880859375,260.40142822265625,1.9764796495437622,10.917190551757812,0.0,-0.16943359375,0.047119140625,1.02685546875,-0.007633587811142206,13.557251930236816,-1.427480936050415,0.06369149684906006,2244,0,98,1186,15,3072,100750,27,69
259592,-20.096025466918945,20.3576602935791,9.05978775024414,-9.207674026489258,8056.26318359375,259.9776916503906,2.0058960914611816,10.717724800109863,0.0,-0.173828125,0.051513671875,1.038818359375,0.13740457594394684,13.923664093017578,-1.7480915784835815,0.06369149684906006,2245,0,98,1186,15,3072,100750,27,66
259615,-15.869352340698242,15.497505187988281,9.871262550354004,-9.956432342529297,8055.00537109375,259.52239990234375,1.9599590301513672,10.209927558898926,0.0,-0.142333984375,0.01806640625,1.074462890625,0.6717557311058044,13.977099418640137,-1.6030534505844116,0.06369149684906006,2245,0,98,1187,14,3072,100750,26,69
259632,-19.709558486938477,19.57438087463379,11.98542308807373,-11.981221199035645,8055.1796875,259.9029541015625,1.9155595302581787,9.912628173828125,0.0,-0.117431640625,0.0400390625,1.0712890625,1.2595419883728027,13.396946907043457,-2.4732823371887207,0.06369149684906006,2245,0,98,1187,14,3072,100750,26,67
259654,-20.50726318359375,20.497472763061523,12.149113655090332,-12.145822525024414,8055.6943359375,259.9029541015625,1.8501631021499634,9.326897621154785,0.0,-0.10546875,0.009521484375,1.0693359375,1.801526665687561,11.175572395324707,-2.7709922790527344,0.06369149684906006,2245,0,98,1187,14,3072,100750,26,70
259672,-20.46918296813965,20.473791122436523,12.5639066696167,-12.580041885375977,8054.3994140625,258.7159118652344,1.8289154767990112,9.054195404052734,0.0,-0.09814453125,0.007568359375,1.067626953125,1.122137427330017,9.893129348754883,-2.1297709941864014,0.06369149684906006,2245,0,98,1187,14,3072,100750,26,72
259692,-15.517513275146484,15.489703178405762,8.405645370483398,-8.449576377868652,8053.46337890625,259.1756591796875,1.8100149631500244,8.664237976074219,0.0,-0.100341796875,0.030029296875,1.0869140625,-0.25954198837280273,7.465648651123047,-1.7099236249923706,0.06369149684906006,2245,0,98,1187,15,3072,100750,26,70
259713,-20.837722778320312,20.80396842956543,11.71574592590332,-11.712976455688477,8053.6103515625,259.3671569824219,1.8727843761444092,8.278803825378418,0.0,-0.077392578125,0.04248046875,1.09375,0.0,5.56488561630249,-1.1679389476776123,0.06369149684906006,2245,0,98,1187,15,3072,100750,26,73
259732,-22.131601333618164,22.118492126464844,14.140935897827148,-14.02450942993164,8054.03271484375,258.3836975097656,1.8581645488739014,8.019469261169434,0.0,-0.062744140625,0.04345703125,1.104248046875,0.9083969593048096,3.679389238357544,-2.3816792964935303,0.05837203562259674,2245,0,98,1187,15,3072,100750,26,70
259755,-22.21117401123047,22.20555305480957,13.935358047485352,-13.862883567810059,8054.15087890625,258.6361083984375,1.8134360313415527,7.621910572052002,0.0,-0.077880859375,0.0322265625,1.093505859375,1.2519084215164185,0.5572519302368164,-2.641221284866333,0.05837203562259674,2245,0,98,1187,15,3072,100750,26,67
259777,-21.689393997192383,21.684398651123047,13.04599666595459,-13.03432559967041,8054.4404296875,258.83447265625,1.8279175758361816,7.562433242797852,0.0,-0.09033203125,0.046630859375,1.084716796875,0.4351145029067993,-1.5419846773147583,-2.4503817558288574,0.05837203562259674,2245,0,98,1187,15,3072,100750,26,68
259795,-21.495569229125977,23.219932556152344,9.835638999938965,-9.859973907470703,8054.54150390625,258.3184814453125,1.8256765604019165,7.465512752532959,0.0,-0.095947265625,0.040771484375,1.073486328125,-0.08396946638822556,-4.160305500030518,-2.0229008197784424,0.05837203562259674,2245,0,98,1187,14,3072,100750,26,65
259812,-22.65227508544922,18.79170799255371,6.036504745483398,-6.140021800994873,8055.6748046875,258.4251708984375,1.8293848037719727,7.402591228485107,0.0,-0.0869140625,0.022216796875,1.08056640625,-0.8244274854660034,-5.1984734535217285,-1.4503816366195679,0.05837203562259674,2245,0,98,1187,14,3072,100750,26,68
259832,-21.248104095458984,21.467239379882812,7.1265740394592285,-7.195779323577881,8056.0771484375,258.58782958984375,1.8012526035308838,7.346900939941406,0.0,-0.095458984375,0.025634765625,1.078857421875,-0.4198473393917084,-6.572519302368164,-1.5190839767456055,0.05837203562259674,2245,0,98,1187,14,3072,100750,26,70
259855,-18.301441192626953,17.684133529663086,7.052493095397949,-6.979628562927246,8056.390625,258.5260314941406,1.7932664155960083,7.36559534072876,0.0,-0.119384765625,0.03759765625,1.066162109375,-0.8091602921485901,-7.893129825592041,-1.6641221046447754,0.05837203562259674,2245,0,98,1187,14,3072,100750,26,67
259872,-21.367481231689453,21.357385635375977,7.791176795959473,-7.609524250030518,8057.35791015625,258.257080078125,1.7441043853759766,7.494770050048828,0.0,-0.155517578125,0.047607421875,1.058837890625,-0.9312977194786072,-8.610687255859375,-1.6870229244232178,0.05837203562259674,2245,0,98,1187,14,3072,100750,26,70
259892,-21.231428146362305,21.222946166992188,7.257932662963867,-7.0958781242370605,8057.7158203125,258.5430603027344,1.7667936086654663,7.663425445556641,0.0,-0.145263671875,0.050048828125,1.04541015625,-1.427480936050415,-9.030534744262695,-1.5267175436019897,0.05837203562259674,2245,0,98,1188,14,3072,100750,26,67
259913,-20.84644889831543,20.842512130737305,5.865583419799805,-5.810506343841553,8057.35302734375,258.8638610839844,1.8315274715423584,7.939697742462158,0.0,-0.184326171875,0.029296875,1.0068359375,-1.2442748546600342,-9.389312744140625,-1.9770991802215576,0.05837203562259674,2245,0,98,1188,13,3072,100750,26,69
259932,-21.019468307495117,20.946950912475586,4.814094543457031,-4.80812406539917,8057.0009765625,259.30810546875,1.851168155670166,8.171067237854004,0.0,-0.212890625,0.021240234375,1.019287109375,-1.5190839767456055,-7.824427604675293,-1.694656491279602,0.05557568371295929,2245,0,98,1189,13,3072,100750,26,67
259952,-20.82076072692871,20.73123550415039,4.692449569702148,-4.729617595672607,8056.6357421875,259.7106628417969,1.8859741687774658,8.499152183532715,0.0,-0.20361328125,0.03955078125,1.019775390625,-1.5267175436019897,-5.9083967208862305,-0.8015267252922058,0.05557568371295929,2245,0,98,1189,13,3072,100750,26,70
259972,-20.877336502075195,20.828310012817383,5.0263237953186035,-5.068877220153809,8056.26025390625,259.51373291015625,1.9216076135635376,8.771750450134277,0.0,-0.192138671875,0.0458984375,1.017578125,-0.7404580116271973,-4.488549709320068,-1.5114504098892212,0.05557568371295929,2245,0,98,1189,13,3072,100750,26,67
259993,-20.688570022583008,20.67405128479004,5.257190704345703,-5.314387798309326,8055.8955078125,260.1129150390625,2.0099074840545654,8.899727821350098,0.0,-0.17724609375,0.058837890625,1.025146484375,0.4656488597393036,-3.2595419883728027,-2.8091602325439453,0.05557568371295929,2245,0,98,1189,13,3072,100750,26,70
260012,-20.936765670776367,20.888463973999023,5.4542646408081055,-5.533891201019287,8055.77587890625,259.4607849121094,1.970099925994873,9.000874519348145,0.0,-0.1787109375,0.03369140625,1.04345703125,1.801526665687561,-2.496183156967163,-3.2977099418640137,0.05557568371295929,2245,0,98,1189,13,3072,100750,26,67
260032,-20.86713218688965,20.835281372070312,5.670960426330566,-5.771811485290527,8055.78515625,259.7238464355469,1.9521605968475342,9.043295860290527,0.0,-0.168701171875,0.044189453125,1.0302734375,2.114503860473633,-1.9847328662872314,-3.496183156967163,0.05557568371295929,2245,0,98,1189,13,3072,100750,26,70
260052,-21.049222946166992,20.998394012451172,5.816991329193115,-5.932740211486816,8055.7900390625,259.74395751953125,1.9518787860870361,9.0965576171875,0.0,-0.169677734375,0.03662109375,1.036376953125,0.8702290058135986,-2.1526718139648438,-3.068702220916748,0.05557568371295929,2245,0,98,1190,13,3072,100750,26,67
260072,-20.86260414123535,20.832447052001953,5.7997846603393555,-5.920912742614746,8055.66943359375,259.93328857421875,1.929383635520935,9.148937225341797,0.0,-0.1708984375,0.023681640625,1.04833984375,-0.2977099120616913,-3.114503860473633,-1.3511450290679932,0.05557568371295929,2245,0,98,1190,14,3072,100750,26,70
260092,-20.97773551940918,20.911659240722656,5.50093412399292,-5.5976715087890625,8055.57958984375,259.79443359375,1.9440360069274902,9.12354564666748,0.0,-0.143310546875,0.033935546875,1.056640625,-0.4351145029067993,-3.9541983604431152,-1.7175573110580444,0.05557568371295929,2245,0,98,1190,14,3072,100750,26,67
260115,-20.811752319335938,20.760438919067383,5.07788610458374,-5.171953201293945,8055.9677734375,259.79443359375,1.9443854093551636,9.086874961853027,0.0,-0.14697265625,0.036865234375,1.058349609375,1.0076335668563843,-4.0916032791137695,-2.8702290058135986,0.058582231402397156,2245,0,98,1189,14,3072,100750,26,70
260132,-21.08187484741211,20.992155075073242,4.82536506652832,-4.937147617340088,8056.07958984375,260.08203125,1.930504322052002,9.06997299194336,0.0,-0.148681640625,0.03125,1.056640625,1.7251908779144287,-4.152671813964844,-3.496183156967163,0.058582231402397156,2245,0,98,1189,14,3072,100750,26,67
260155,-20.895423889160156,20.838382720947266,4.562611103057861,-4.691965103149414,8055.21728515625,259.82232666015625,1.9237884283065796,9.121955871582031,0.0,-0.1572265625,0.03955078125,1.05419921875,0.3893129825592041,-5.816793918609619,-2.755725145339966,0.058582231402397156,2245,0,98,1189,15,3072,100750,26,70
260172,-21.033700942993164,20.939376831054688,4.092398166656494,-4.202795505523682,8055.0625,259.959716796875,1.9290845394134521,9.155325889587402,0.0,-0.156982421875,0.036865234375,1.05419921875,-0.38167938590049744,-6.793893337249756,-1.8091603517532349,0.058582231402397156,2245,0,98,1189,15,3072,100750,26,67
260194,-20.83844566345215,20.795413970947266,3.5351436138153076,-3.6375160217285156,8055.2353515625,259.959716796875,1.9293667078018188,9.274612426757812,0.0,-0.171875,0.02685546875,1.050537109375,-0.9312977194786072,-7.8015265464782715,-1.427480936050415,0.058582231402397156,2245,0,98,1189,15,3072,100750,26,69
260212,-20.936586380004883,20.860654830932617,3.004336357116699,-3.0920724868774414,8055.1962890625,260.27935791015625,1.9362561702728271,9.350831985473633,0.0,-0.1708984375,0.041748046875,1.045654296875,-0.5954198241233826,-7.946564674377441,-1.877862572669983,0.058582231402397156,2245,0,98,1189,15,3072,100750,26,68
260235,-20.060346603393555,19.960556030273438,2.189920425415039,-2.2838199138641357,8054.70849609375,260.2779235839844,1.9805068969726562,9.513944625854492,0.0,-0.17333984375,0.04248046875,1.051513671875,-0.04580152779817581,-7.732824325561523,-2.3358778953552246,0.058582231402397156,2245,0,98,1188,16,3072,100750,26,71
260252,-20.781110763549805,20.658315658569336,1.8560926914215088,-1.970431923866272,8054.2802734375,260.5972900390625,1.9526646137237549,9.586506843566895,0.0,-0.174072265625,0.027099609375,1.046630859375,0.2442748099565506,-8.175572395324707,-2.603053331375122,0.058582231402397156,2245,0,98,1188,16,3072,100750,27,68
260272,-20.737796783447266,20.75027847290039,1.7810536623001099,-1.8925946950912476,8054.3125,260.5101013183594,1.9573276042938232,9.74605941772461,0.0,-0.187744140625,0.023193359375,1.048095703125,0.6259542107582092,-8.740458488464355,-2.992366313934326,0.058582231402397156,2245,0,98,1188,16,3072,100750,27,66
260292,-20.892221450805664,20.893224716186523,1.511947751045227,-1.6054255962371826,8053.67333984375,260.69952392578125,1.9906948804855347,9.972939491271973,0.0,-0.2041015625,0.04052734375,1.021484375,0.3664122223854065,-8.61832046508789,-2.435114622116089,0.058582231402397156,2245,0,98,1188,16,3072,100750,26,69
260313,-20.08968162536621,20.095006942749023,1.3529938459396362,-1.4480830430984497,8053.96240234375,260.62017822265625,1.988752007484436,10.22655200958252,0.0,-0.21630859375,0.023681640625,1.028564453125,-0.5877862572669983,-8.167939186096191,-2.1603052616119385,0.058582231402397156,2245,0,98,1188,16,3072,100751,26,67
260335,-16.49361801147461,16.535316467285156,0.3169652223587036,-0.42224884033203125,8054.1015625,261.110595703125,2.0622453689575195,10.532341003417969,0.0,-0.244140625,0.0517578125,1.014892578125,-0.40458014607429504,-7.938931465148926,-2.0992367267608643,0.06299801170825958,2245,0,98,1188,16,3072,100751,26,70
260352,-19.615325927734375,19.649669647216797,-0.02515321969985962,-0.09919479489326477,8054.6240234375,260.8601379394531,2.072650194168091,10.758795738220215,0.0,-0.248779296875,0.03515625,0.9990234375,-0.19847328960895538,-6.877862453460693,-1.9083969593048096,0.06299801170825958,2246,0,98,1188,16,3072,100750,26,67
260373,-18.28498649597168,18.369245529174805,0.7378010153770447,-0.8679598569869995,8054.86474609375,261.33685302734375,2.096179246902466,11.14242172241211,0.0,-0.27685546875,0.04150390625,0.985107421875,0.4198473393917084,-3.534351110458374,-2.778625965118408,0.06299801170825958,2245,0,98,1188,15,3072,100750,26,70
260395,-19.967378616333008,19.98297882080078,2.109264612197876,-2.2400214672088623,8055.15478515625,261.0066223144531,2.140235424041748,11.62897777557373,0.0,-0.273193359375,0.035888671875,0.9609375,0.290076345205307,0.3358778655529022,-2.5877861976623535,0.06299801170825958,2245,0,98,1188,15,3072,100750,26,68
260412,-17.896535873413086,17.930688858032227,2.301893711090088,-2.4402735233306885,8054.84130859375,261.2710266113281,2.0897979736328125,11.848013877868652,0.0,-0.2939453125,0.007568359375,0.968505859375,0.07633587718009949,2.328244209289551,-2.396946668624878,0.06299801170825958,2245,0,98,1188,15,3072,100750,26,70
260435,-22.59368896484375,22.596010208129883,3.9631502628326416,-4.11564302444458,8054.47802734375,261.1167907714844,2.144287109375,12.067225456237793,0.0,-0.27001953125,0.05419921875,1.00634765625,-0.39694657921791077,5.7633585929870605,-2.778625965118408,0.06299801170825958,2245,0,98,1188,16,3072,100750,26,73
260452,-19.545347213745117,19.561962127685547,5.784549713134766,-5.922312259674072,8053.859375,261.2091369628906,2.2162344455718994,12.127556800842285,0.0,-0.263916015625,0.068359375,1.02783203125,0.32824426889419556,6.877862453460693,-2.389312982559204,0.06299801170825958,2245,0,98,1188,16,3072,100750,26,70
260475,-21.121627807617188,21.130550384521484,6.606719970703125,-6.761382579803467,8053.2861328125,261.4283142089844,2.1923811435699463,12.10696029663086,0.0,-0.230712890625,0.03125,1.00732421875,1.4885495901107788,8.152671813964844,-2.389312982559204,0.06299801170825958,2245,0,98,1188,15,3072,100750,27,67
260492,-21.756696701049805,21.75660514831543,7.634243011474609,-7.779923915863037,8053.1376953125,261.711181640625,2.155299663543701,12.072505950927734,0.0,-0.24169921875,0.005859375,0.998779296875,1.534351110458374,9.274808883666992,-1.8473281860351562,0.06299801170825958,2245,0,98,1188,15,3072,100750,26,70
260513,-21.793760299682617,21.798791885375977,9.253891944885254,-9.32204532623291,8053.1787109375,261.32244873046875,2.168383836746216,12.008264541625977,0.0,-0.22900390625,0.048583984375,1.015380859375,0.8320610523223877,10.748091697692871,-2.4732823371887207,0.06299801170825958,2245,0,98,1187,15,3072,100750,26,67
260532,-21.75740623474121,21.7574405670166,10.460349082946777,-10.516575813293457,8053.0849609375,261.60009765625,2.1675198078155518,11.913346290588379,0.0,-0.2265625,0.039794921875,1.010498046875,1.14503812789917,11.61832046508789,-2.251908302307129,0.06671142578125,2245,0,98,1187,16,3072,100750,26,70
260555,-21.734731674194336,21.737333297729492,11.233211517333984,-11.291362762451172,8053.3876953125,261.2940368652344,2.1698970794677734,11.622527122497559,0.0,-0.20068359375,0.055908203125,1.037109375,0.6641221642494202,12.969465255737305,-1.7938930988311768,0.06671142578125,2245,0,98,1187,15,3072,100750,26,68
260572,-21.445018768310547,21.417966842651367,11.347122192382812,-11.428738594055176,8054.0615234375,261.0565185546875,2.123434543609619,11.44438648223877,0.0,-0.19140625,0.01806640625,1.025146484375,1.3740458488464355,13.816793441772461,-2.1984732151031494,0.06671142578125,2245,0,98,1187,15,3072,100750,27,65
260595,-21.813518524169922,21.772844314575195,12.374593734741211,-12.470590591430664,8054.1611328125,260.4715576171875,2.1478371620178223,11.078516960144043,0.0,-0.189453125,0.054443359375,1.029052734375,1.4503816366195679,14.633587837219238,-3.0,0.06671142578125,2245,0,98,1186,16,3072,100750,27,67
260612,-20.565139770507812,20.5496826171875,12.439706802368164,-12.526371002197266,8054.31494140625,260.32379150390625,2.1267383098602295,10.887943267822266,0.0,-0.17138671875,0.056640625,1.03369140625,0.885496199131012,14.67175579071045,-2.2977099418640137,0.06671142578125,2245,0,98,1186,16,3072,100750,26,70
260635,-16.980573654174805,16.942235946655273,9.112954139709473,-9.217429161071777,8054.4228515625,259.99945068359375,2.0766608715057373,10.507549285888672,0.0,-0.1708984375,0.0205078125,1.0390625,0.22900763154029846,14.404580116271973,-1.2366411685943604,0.06671142578125,2245,0,98,1187,15,3072,100750,27,68
260652,-20.509111404418945,20.483489990234375,10.79172134399414,-10.902928352355957,8054.5693359375,259.946533203125,2.0706238746643066,10.308743476867676,0.0,-0.16845703125,0.03271484375,1.030517578125,0.5343511700630188,14.541984558105469,-2.0229008197784424,0.06671142578125,2245,0,98,1187,15,3072,100750,27,71
260673,-23.64505386352539,23.62588882446289,13.273550033569336,-13.340056419372559,8054.6220703125,259.821044921875,2.0777573585510254,9.979183197021484,0.0,-0.16064453125,0.047119140625,1.041259765625,0.7557252049446106,15.961832046508789,-2.3664121627807617,0.06671142578125,2245,0,98,1187,15,3072,100750,26,68
260692,-22.183610916137695,22.1778507232666,16.46756362915039,-16.449356079101562,8055.26708984375,259.3614807128906,2.076519727706909,9.649617195129395,0.0,-0.145263671875,0.048828125,1.04736328125,0.580152690410614,15.656488418579102,-1.770992398262024,0.06671142578125,2245,0,98,1187,15,3072,100750,26,71
260713,-22.050222396850586,22.047189712524414,17.262821197509766,-17.251018524169922,8054.89306640625,259.7817687988281,2.0529258251190186,9.264908790588379,0.0,-0.1259765625,0.03125,1.0595703125,1.0152671337127686,14.282443046569824,-2.3129770755767822,0.06671142578125,2245,0,98,1187,15,3072,100750,26,68
260734,-21.24834632873535,21.257305145263672,16.120128631591797,-16.180015563964844,8055.0869140625,259.7817687988281,2.006812334060669,8.897710800170898,0.0,-0.116455078125,0.02880859375,1.06494140625,1.7938930988311768,14.67175579071045,-2.5496182441711426,0.059022318571805954,2245,0,98,1187,16,3072,100750,26,68
260752,-20.11840057373047,20.002548217773438,11.970405578613281,-12.062823295593262,8054.75390625,259.08428955078125,2.0300419330596924,8.643199920654297,0.0,-0.1123046875,0.0615234375,1.055908203125,1.3969465494155884,14.893129348754883,-2.9389312267303467,0.059022318571805954,2245,0,98,1187,16,3072,100750,26,71
260776,-22.05902671813965,22.06852149963379,14.845675468444824,-14.921065330505371,8054.01953125,258.96624755859375,2.070927381515503,8.53076457977295,0.0,-0.123779296875,0.06787109375,1.060791015625,-0.1679389327764511,13.877862930297852,-2.679389238357544,0.059022318571805954,2245,0,98,1187,16,3072,100750,26,74
260794,-19.01348304748535,18.9661922454834,13.676461219787598,-13.689309120178223,8053.5322265625,258.9494323730469,2.0647199153900146,8.252760887145996,0.0,-0.087158203125,0.021240234375,1.0791015625,0.09923664480447769,11.633587837219238,-1.198473334312439,0.059022318571805954,2245,0,98,1187,16,3072,100750,26,71
260812,-21.39847755432129,21.402000427246094,14.911967277526855,-14.942482948303223,8053.31005859375,258.7862854003906,2.028643846511841,7.956316947937012,0.0,-0.0810546875,0.034423828125,1.109619140625,0.7480915784835815,10.931297302246094,-1.267175555229187,0.059022318571805954,2245,0,98,1187,16,3072,100750,27,68
260832,-21.782602310180664,21.78116798400879,15.48471450805664,-15.508612632751465,8053.4443359375,258.0158996582031,1.9726232290267944,7.449493408203125,0.0,-0.052001953125,0.03271484375,1.09814453125,0.7862595319747925,9.41984748840332,-2.2977099418640137,0.059022318571805954,2245,0,98,1187,15,3072,100750,27,65
260855,-21.87380599975586,21.877323150634766,16.232698440551758,-16.217788696289062,8054.10546875,257.70135498046875,1.919127106666565,6.879004955291748,0.0,-0.04638671875,0.02001953125,1.09912109375,1.14503812789917,6.022900581359863,-1.389312982559204,0.059022318571805954,2245,0,98,1188,14,3072,100750,26,68
260872,-21.945289611816406,21.93947982788086,16.189870834350586,-16.158409118652344,8054.8818359375,257.77227783203125,1.8981921672821045,6.622117519378662,0.0,-0.044189453125,0.027099609375,1.0888671875,0.8167939186096191,3.7709922790527344,-1.7404580116271973,0.059022318571805954,2245,0,98,1188,14,3072,100750,26,70
260895,-21.058326721191406,21.06026268005371,14.958760261535645,-14.940850257873535,8054.77197265625,256.79498291015625,1.836398720741272,6.240622520446777,0.0,-0.047607421875,0.0205078125,1.089111328125,0.6870229244232178,0.1679389327764511,-1.8473281860351562,0.059022318571805954,2245,0,98,1188,14,3072,100750,27,68
260913,-21.61354637145996,21.616289138793945,14.30703353881836,-14.332539558410645,8055.12646484375,256.8331604003906,1.8236830234527588,6.089022636413574,0.0,-0.056884765625,0.033935546875,1.08349609375,0.2977099120616913,-0.9083969593048096,-1.8167939186096191,0.059022318571805954,2245,0,98,1188,14,3072,100750,27,71
260932,-20.632518768310547,20.634611129760742,11.299981117248535,-11.300694465637207,8054.34228515625,256.4520263671875,1.809333086013794,5.964155673980713,0.0,-0.058349609375,0.023681640625,1.072021484375,0.09160305559635162,-1.7099236249923706,-2.068702220916748,0.050095055252313614,2245,0,98,1188,14,3072,100750,26,68
260955,-20.90085792541504,20.898664474487305,11.943416595458984,-11.958148002624512,8054.7880859375,257.33380126953125,1.8478357791900635,5.817471504211426,0.0,-0.07568359375,0.042236328125,1.083984375,-0.2442748099565506,-3.541984796524048,-2.358778715133667,0.050095055252313614,2245,0,98,1189,14,3072,100750,26,69
260972,-19.616439819335938,19.63292121887207,9.036250114440918,-9.059160232543945,8055.29150390625,256.7974853515625,1.8535288572311401,5.771378040313721,0.0,-0.073486328125,0.033447265625,1.0859375,0.16030533611774445,-4.641221523284912,-2.0,0.050095055252313614,2245,0,98,1189,14,3072,100750,26,66
260995,-20.424392700195312,20.42176628112793,10.23531436920166,-10.252222061157227,8055.4580078125,257.3247375488281,1.7986210584640503,5.733917713165283,0.0,-0.085693359375,0.013916015625,1.064208984375,-0.40458014607429504,-6.992366313934326,-1.8854961395263672,0.050095055252313614,2245,0,98,1188,14,3072,100750,26,67
261012,-15.678818702697754,15.646235466003418,5.732283115386963,-5.720991134643555,8055.4013671875,256.6356506347656,1.8092377185821533,5.745206356048584,0.0,-0.08154296875,0.0478515625,1.07666015625,-0.6488549709320068,-7.389312744140625,-1.9312976598739624,0.050095055252313614,2245,0,98,1188,14,3072,100750,26,70
261035,-20.163837432861328,20.137285232543945,8.885786056518555,-8.759753227233887,8055.5390625,257.2457580566406,1.8135309219360352,5.889952659606934,0.0,-0.10009765625,0.016845703125,1.055908203125,-0.9083969593048096,-8.893129348754883,-1.8244274854660034,0.050095055252313614,2245,0,99,1188,15,3072,100749,26,67
261052,-21.1876277923584,21.181610107421875,9.151524543762207,-9.055624961853027,8055.45703125,256.7784729003906,1.8241482973098755,5.962719440460205,0.0,-0.107177734375,0.01953125,1.04638671875,-0.20610687136650085,-9.770992279052734,-2.564885377883911,0.050095055252313614,2245,0,99,1188,15,3072,100749,26,69
261072,-20.42848777770996,20.4288387298584,5.688751220703125,-5.732765197753906,8054.87353515625,257.70556640625,1.9213898181915283,6.074070930480957,0.0,-0.099609375,0.01708984375,1.06689453125,0.221374049782753,-9.87022876739502,-2.320610761642456,0.050095055252313614,2245,0,99,1188,14,3072,100749,26,66
261093,-19.076536178588867,19.075254440307617,5.589059829711914,-5.612913608551025,8055.2958984375,258.3536376953125,1.9741175174713135,6.2428693771362305,0.0,-0.12841796875,0.02783203125,1.046630859375,1.0458015203475952,-10.67175579071045,-2.961832046508789,0.050095055252313614,2245,0,99,1187,15,3072,100749,26,69
261112,-20.15280532836914,20.15541648864746,5.205939769744873,-5.218216896057129,8054.74853515625,258.4231872558594,1.9875017404556274,6.400914192199707,0.0,-0.132080078125,0.031494140625,1.03125,0.007633587811142206,-9.832060813903809,-2.4885497093200684,0.04874638095498085,2245,0,99,1187,15,3072,100749,26,66
261135,-21.464061737060547,21.475849151611328,5.7675580978393555,-5.865197658538818,8054.9599609375,258.51904296875,1.953402042388916,6.7512898445129395,0.0,-0.1513671875,0.029541015625,1.034423828125,-1.4732824563980103,-10.603053092956543,-2.503816843032837,0.04874638095498085,2246,0,99,1187,14,3072,100749,27,69
261152,-19.982772827148438,19.999126434326172,3.595585584640503,-3.720656156539917,8055.06103515625,258.5087585449219,2.002957344055176,6.95581579208374,0.0,-0.168212890625,0.050048828125,1.0478515625,-1.3664121627807617,-9.824427604675293,-2.0152671337127686,0.04874638095498085,2245,0,99,1187,14,3072,100749,27,66
261172,-18.73232078552246,18.74290657043457,2.919581890106201,-3.0808420181274414,8054.61962890625,258.8515625,2.0681540966033936,7.244788646697998,0.0,-0.166259765625,0.039306640625,1.030517578125,-0.13740457594394684,-8.984732627868652,-2.114503860473633,0.04874638095498085,2245,0,99,1186,14,3072,100749,26,69
261192,-19.744094848632812,19.76050567626953,3.265763282775879,-3.415661573410034,8054.73681640625,259.0780944824219,2.118478775024414,7.547994613647461,0.0,-0.181396484375,0.01708984375,1.015869140625,0.3435114622116089,-8.038167953491211,-2.6870229244232178,0.04874638095498085,2245,0,99,1186,15,3072,100749,26,66
261212,-20.173198699951172,20.1861629486084,3.5670483112335205,-3.7221336364746094,8055.47119140625,259.0409240722656,2.1290693283081055,7.858084201812744,0.0,-0.186767578125,0.033203125,1.019775390625,1.1145038604736328,-6.503816604614258,-2.862595319747925,0.04874638095498085,2245,0,98,1187,15,3072,100750,26,69
261232,-20.356441497802734,20.372859954833984,3.801647901535034,-3.971935510635376,8055.8154296875,259.31390380859375,2.05533766746521,8.081761360168457,0.0,-0.17626953125,0.01171875,1.017822265625,0.6717557311058044,-5.351145267486572,-2.748091697692871,0.04874638095498085,2245,0,98,1187,15,3072,100750,26,66
261252,-20.17998695373535,20.19794464111328,4.013559341430664,-4.202455043792725,8055.6904296875,259.0527038574219,2.0295631885528564,8.295964241027832,0.0,-0.182861328125,0.025146484375,1.021728515625,0.4122137427330017,-4.343511581420898,-3.2595419883728027,0.04874638095498085,2245,0,98,1187,15,3072,100750,26,69
261272,-20.166032791137695,20.18256378173828,4.135783672332764,-4.343641757965088,8055.44775390625,258.95098876953125,2.0431911945343018,8.442265510559082,0.0,-0.173828125,0.026123046875,1.0322265625,0.3206106722354889,-3.396946668624878,-2.7251908779144287,0.04874638095498085,2245,0,98,1187,15,3072,100750,27,66
261293,-19.68252182006836,19.70705223083496,4.454469203948975,-4.647562503814697,8055.64453125,259.73291015625,2.0997328758239746,8.563761711120605,0.0,-0.174560546875,0.059326171875,1.0458984375,0.7633587718009949,-3.4122138023376465,-2.8320610523223877,0.04874638095498085,2245,0,98,1187,16,3072,100750,27,69
261315,-19.948150634765625,19.96685218811035,4.408142566680908,-4.600832462310791,8055.8544921875,259.7711486816406,2.105794906616211,8.623427391052246,0.0,-0.152587890625,0.035400390625,1.041259765625,0.49618321657180786,-3.1984732151031494,-1.9389313459396362,0.053559426218271255,2245,0,99,1188,16,3072,100749,26,66
261332,-20.511329650878906,20.528310775756836,4.519129276275635,-4.71966552734375,8056.4375,259.3120422363281,2.088160514831543,8.619407653808594,0.0,-0.140380859375,0.03173828125,1.045654296875,0.221374049782753,-3.396946668624878,-2.213740348815918,0.053559426218271255,2245,0,99,1188,16,3072,100749,26,69
261355,-19.532033920288086,19.532182693481445,4.4075822830200195,-4.5659260749816895,8055.5576171875,259.8745422363281,2.1018762588500977,8.60606861114502,0.0,-0.14013671875,0.034423828125,1.06298828125,0.35877862572669983,-4.251908302307129,-2.427480936050415,0.053559426218271255,2245,0,99,1188,16,3072,100749,26,66
261372,-20.3861083984375,20.39020347595215,4.34202766418457,-4.4858856201171875,8055.53369140625,259.6802062988281,2.083036184310913,8.619719505310059,0.0,-0.148193359375,0.03173828125,1.060546875,0.35114502906799316,-4.641221523284912,-2.3435113430023193,0.053559426218271255,2245,0,99,1188,16,3072,100749,26,68
261392,-20.29450035095215,20.306255340576172,3.793964147567749,-3.8999555110931396,8055.5205078125,259.7049255371094,2.0825183391571045,8.587326049804688,0.0,-0.134033203125,0.0341796875,1.062744140625,-0.038167938590049744,-5.351145267486572,-2.0152671337127686,0.053559426218271255,2245,0,99,1188,16,3072,100749,26,66
261412,-19.258209228515625,19.267370223999023,3.758586883544922,-3.866734027862549,8055.91943359375,259.54302978515625,2.064119338989258,8.571642875671387,0.0,-0.13037109375,0.031982421875,1.074951171875,-0.37404578924179077,-6.793893337249756,-1.8244274854660034,0.053559426218271255,2245,0,99,1188,15,3072,100749,26,68
261435,-16.040857315063477,16.06722068786621,1.9386253356933594,-2.0249311923980713,8056.05078125,259.5560302734375,2.059535503387451,8.552216529846191,0.0,-0.125,0.035888671875,1.07080078125,-0.06870228797197342,-9.099236488342285,-2.0,0.053559426218271255,2245,0,99,1188,15,3072,100749,26,66
261452,-19.642133712768555,19.663333892822266,1.8761619329452515,-1.9439563751220703,8056.02099609375,260.06732177734375,2.051241874694824,8.569029808044434,0.0,-0.1298828125,0.032470703125,1.0654296875,-0.19083969295024872,-10.053435325622559,-2.3435113430023193,0.053559426218271255,2245,0,99,1188,15,3072,100749,26,68
261475,-19.709402084350586,19.710552215576172,1.5950101613998413,-1.648537039756775,8056.99072265625,259.66656494140625,2.048452854156494,8.7191801071167,0.0,-0.150146484375,0.034423828125,1.0595703125,0.022900763899087906,-11.38167953491211,-2.137404680252075,0.053559426218271255,2245,0,99,1188,16,3072,100749,26,68
261493,-16.381704330444336,16.400177001953125,0.14152348041534424,-0.1870964765548706,8056.7421875,259.80352783203125,2.0423989295959473,8.815275192260742,0.0,-0.157958984375,0.03515625,1.055908203125,0.17557251453399658,-11.984732627868652,-2.671755790710449,0.053559426218271255,2245,0,99,1188,16,3072,100749,26,67
261512,-18.845975875854492,18.858558654785156,-0.414883553981781,0.34226757287979126,8057.0439453125,259.71881103515625,2.0246152877807617,8.95044994354248,0.0,-0.17138671875,0.025634765625,1.05322265625,0.22900763154029846,-12.503816604614258,-2.824427366256714,0.05799879878759384,2245,0,99,1188,16,3072,100749,26,70
261535,-12.837726593017578,12.887131690979004,-0.5988417267799377,0.5414373874664307,8057.5771484375,260.54876708984375,2.01273512840271,9.26638126373291,0.0,-0.179443359375,0.043701171875,1.036376953125,-0.18320611119270325,-13.244275093078613,-2.603053331375122,0.05799879878759384,2245,0,99,1187,16,3072,100749,26,67
261552,-19.1954288482666,19.172954559326172,-0.7936717867851257,0.7609016299247742,8058.01171875,259.95709228515625,2.019615888595581,9.460999488830566,0.0,-0.198974609375,0.046630859375,1.02685546875,-0.08396946638822556,-13.564885139465332,-2.5572519302368164,0.05799879878759384,2245,0,99,1187,16,3072,100749,27,68
261572,-20.150217056274414,20.152935028076172,-1.66581392288208,1.6295782327651978,8058.0107421875,260.34002685546875,2.0465993881225586,9.754915237426758,0.0,-0.21142578125,0.033203125,1.02685546875,-0.8396946787834167,-13.572519302368164,-2.2061069011688232,0.05799879878759384,2245,0,99,1187,16,3072,100749,27,65
261595,-21.12849998474121,21.132333755493164,-2.2763991355895996,2.206151008605957,8058.4130859375,260.57769775390625,2.0571999549865723,10.146679878234863,0.0,-0.208740234375,0.026611328125,1.030517578125,-0.8320610523223877,-13.267175674438477,-1.7557251453399658,0.05799879878759384,2245,0,99,1188,16,3072,100749,26,68
261612,-19.119789123535156,19.126697540283203,-2.4374845027923584,2.358013868331909,8058.0859375,260.61907958984375,2.0797624588012695,10.368324279785156,0.0,-0.217041015625,0.03662109375,1.027587890625,-0.5496183037757874,-13.793892860412598,-1.8854961395263672,0.05799879878759384,2245,0,99,1188,16,3072,100749,26,70
261632,-20.08450698852539,20.096288681030273,-3.0643858909606934,2.977769136428833,8057.50634765625,260.6289978027344,2.050305128097534,10.747391700744629,0.0,-0.23876953125,0.02685546875,1.010986328125,0.22900763154029846,-13.251908302307129,-2.8778626918792725,0.05799879878759384,2245,0,99,1188,16,3072,100749,26,67
261652,-20.890573501586914,20.90258026123047,-3.0715842247009277,2.9682438373565674,8057.62646484375,261.15155029296875,2.072216272354126,11.149168968200684,0.0,-0.25390625,0.027587890625,1.00244140625,0.9236640930175781,-10.687023162841797,-3.435114622116089,0.05799879878759384,2245,0,99,1188,15,3072,100749,26,70
261672,-20.764095306396484,20.78323745727539,-2.6128668785095215,2.4408068656921387,8057.2763671875,261.31640625,2.023341178894043,11.57612419128418,0.0,-0.274169921875,0.011962890625,0.978271484375,0.7709923386573792,-8.58015251159668,-3.076335906982422,0.05799879878759384,2245,0,99,1188,15,3072,100749,26,67
261693,-21.15111541748047,21.160165786743164,-2.382049322128296,2.1793160438537598,8057.58740234375,261.03759765625,2.03436541557312,11.964336395263672,0.0,-0.27294921875,0.03076171875,0.989990234375,-0.7480915784835815,-7.335877895355225,-2.0916030406951904,0.05799879878759384,2245,0,99,1188,15,3072,100749,26,70
261712,-21.101133346557617,21.10905647277832,-1.8810726404190063,1.6855263710021973,8057.015625,261.64581298828125,2.0987796783447266,12.149067878723145,0.0,-0.26953125,0.04931640625,1.02392578125,-0.8778625726699829,-5.969465732574463,-2.007633686065674,0.06633313000202179,2245,0,99,1189,15,3072,100749,27,68
261735,-20.2362117767334,20.1759033203125,-1.0451229810714722,0.88718181848526,8056.5673828125,261.84814453125,2.147704601287842,12.390341758728027,0.0,-0.248291015625,0.04296875,1.0205078125,1.4732824563980103,-4.137404441833496,-2.4503817558288574,0.06633313000202179,2245,0,99,1189,14,3072,100749,26,71
261752,-20.746994018554688,20.72072982788086,-0.7442717552185059,0.5802830457687378,8057.34912109375,261.8081359863281,2.130140542984009,12.450855255126953,0.0,-0.23193359375,0.03466796875,1.022705078125,1.2061069011688232,-3.85496187210083,-2.5572519302368164,0.06633313000202179,2245,0,99,1189,14,3072,100749,26,68
261776,-17.274921417236328,17.273839950561523,-0.03501713275909424,-0.06277620792388916,8058.05078125,261.4720153808594,2.1207001209259033,12.468694686889648,0.0,-0.2236328125,0.02783203125,1.04150390625,-0.6564885377883911,-4.9083967208862305,-1.3969465494155884,0.06633313000202179,2245,0,98,1189,14,3072,100750,26,65
261794,-21.67018699645996,21.668231964111328,0.023962855339050293,-0.0907965674996376,8057.5751953125,261.880859375,2.125258684158325,12.448914527893066,0.0,-0.194091796875,0.0361328125,1.056640625,-0.4885496199131012,-6.824427604675293,-1.2137404680252075,0.06633313000202179,2245,0,98,1189,14,3072,100750,26,68
261812,-21.766185760498047,21.767969131469727,-0.35686901211738586,0.3413028120994568,8057.5625,261.717041015625,2.108532667160034,12.413849830627441,0.0,-0.1943359375,0.028076171875,1.06298828125,0.06106870248913765,-6.732824325561523,-2.2671756744384766,0.06633313000202179,2245,0,99,1189,14,3072,100749,27,66
261835,-21.72524642944336,21.727184295654297,-0.5837862491607666,0.5262407660484314,8057.75634765625,261.75341796875,2.142862319946289,12.30516529083252,0.0,-0.1826171875,0.057373046875,1.083984375,0.6106870174407959,-7.664122104644775,-2.5954198837280273,0.06633313000202179,2245,0,99,1188,14,3072,100749,27,68
261852,-21.917625427246094,21.919458389282227,-0.997679591178894,0.9143847823143005,8058.00634765625,261.33367919921875,2.1002650260925293,12.233070373535156,0.0,-0.16796875,0.019775390625,1.076416015625,0.15267175436019897,-9.824427604675293,-2.435114622116089,0.06633313000202179,2245,0,99,1188,14,3072,100749,26,66
261875,-21.819782257080078,21.818620681762695,-1.7780954837799072,1.7095967531204224,8057.3232421875,261.68121337890625,2.1518919467926025,12.263154029846191,0.0,-0.183349609375,0.045166015625,1.08642578125,-0.8549618124961853,-15.900763511657715,-1.1145038604736328,0.06633313000202179,2245,0,98,1189,14,3072,100750,26,68
261893,-21.619070053100586,21.609342575073242,-3.2391302585601807,3.2501895427703857,8056.8642578125,261.48748779296875,2.1576123237609863,12.322155952453613,0.0,-0.18359375,0.038330078125,1.0732421875,-0.442748099565506,-17.312976837158203,-1.1755725145339966,0.06633313000202179,2245,0,98,1189,14,3072,100750,26,66
261912,-20.60398292541504,20.600788116455078,-3.987175703048706,3.9746763706207275,8057.09228515625,262.0185241699219,2.0990772247314453,12.470111846923828,0.0,-0.21435546875,0.026611328125,1.03369140625,1.2977099418640137,-18.06106948852539,-2.351145029067993,0.07642045617103577,2245,0,98,1188,14,3072,100750,26,68
261935,-21.993967056274414,21.996395111083984,-4.601590156555176,4.569140434265137,8057.0947265625,261.5224304199219,1.9642735719680786,12.994874000549316,0.0,-0.29052734375,0.03173828125,0.990478515625,0.6641221642494202,-16.290077209472656,-4.511450290679932,0.07642045617103577,2245,0,98,1188,14,3072,100750,26,71
261952,-17.89979362487793,17.913190841674805,-4.214414119720459,4.15626859664917,8056.74365234375,261.84552001953125,2.053725481033325,13.337472915649414,0.0,-0.2978515625,0.054443359375,0.9541015625,-0.42748090624809265,-14.961832046508789,-4.160305500030518,0.07642045617103577,2245,0,99,1188,14,3072,100749,26,69
261972,-23.14812660217285,23.148998260498047,-4.560281276702881,4.4666523933410645,8056.52978515625,262.19927978515625,2.0295774936676025,13.915135383605957,0.0,-0.321044921875,0.020263671875,0.99365234375,-0.847328245639801,-13.969465255737305,-1.2519084215164185,0.07642045617103577,2245,0,99,1189,14,3072,100749,26,72
261992,-22.130369186401367,22.13417625427246,-5.6022419929504395,5.511227607727051,8056.5087890625,262.6307373046875,2.1653494834899902,14.327101707458496,0.0,-0.310791015625,0.074462890625,1.001953125,-1.6335878372192383,-12.732824325561523,-2.427480936050415,0.07642045617103577,2245,0,98,1189,14,3072,100750,26,69
262015,-22.657320022583008,22.65884780883789,-5.463420391082764,5.366484642028809,8056.46875,262.79864501953125,2.239470958709717,14.836135864257812,0.0,-0.29931640625,0.021484375,0.9970703125,-0.6106870174407959,-11.656488418579102,-0.16030533611774445,0.07642045617103577,2245,0,98,1189,14,3072,100750,26,66
262032,-21.239587783813477,21.241710662841797,-5.025947570800781,4.950623989105225,8056.9326171875,263.108642578125,2.2118194103240967,14.993584632873535,0.0,-0.287109375,0.0302734375,1.007080078125,-1.7022900581359863,-11.427480697631836,0.16030533611774445,0.07642045617103577,2245,0,98,1189,14,3072,100750,26,69
262052,-20.230649948120117,20.05915641784668,-3.7905497550964355,3.74249267578125,8056.5869140625,263.1431884765625,2.4221439361572266,15.180980682373047,0.0,-0.28564453125,0.09130859375,0.9892578125,-2.6183207035064697,-11.969465255737305,-2.0534350872039795,0.07642045617103577,2245,0,98,1189,15,3072,100750,27,68
262072,-23.320152282714844,23.41462516784668,-3.430647611618042,3.3855082988739014,8057.3916015625,263.6668701171875,2.556588649749756,15.47260570526123,0.0,-0.305908203125,0.079345703125,0.99755859375,-0.21374045312404633,-9.847328186035156,-0.5343511700630188,0.07642045617103577,2245,0,98,1189,15,3072,100750,27,70
262093,-21.829532623291016,21.84122657775879,-4.066588401794434,3.9650020599365234,8057.3388671875,263.3558349609375,2.5453102588653564,15.754531860351562,0.0,-0.324951171875,0.063720703125,0.9775390625,0.4580152630805969,-8.824427604675293,-0.442748099565506,0.07642045617103577,2245,0,98,1188,15,3072,100750,26,68
262115,-21.48379135131836,21.48756217956543,-3.745915651321411,3.6443164348602295,8057.07275390625,263.5466613769531,2.44973087310791,16.042495727539062,0.0,-0.330322265625,0.031005859375,1.024658203125,0.09160305559635162,-8.480916023254395,-1.694656491279602,0.09108660370111465,2245,0,98,1188,16,3072,100750,26,71
262132,-23.185256958007812,23.185014724731445,-3.679288387298584,3.596569538116455,8056.48291015625,263.3560791015625,2.3515403270721436,16.16324234008789,0.0,-0.298583984375,0.014892578125,1.0234375,-0.15267175436019897,-9.16030502319336,-2.5496182441711426,0.09108660370111465,2245,0,98,1188,16,3072,100750,26,68
262155,-23.631303787231445,23.66131019592285,-3.5526206493377686,3.4999704360961914,8056.0166015625,263.3736877441406,2.2940673828125,16.397850036621094,0.0,-0.303955078125,0.027099609375,1.015380859375,0.7938931584358215,-9.312976837158203,-2.3816792964935303,0.09108660370111465,2245,0,98,1187,17,3072,100750,26,65
262172,-23.3617000579834,23.247379302978516,-3.7156362533569336,3.660311460494995,8055.7822265625,263.35064697265625,2.240478515625,16.455984115600586,0.0,-0.283935546875,0.025634765625,1.009765625,0.6183205842971802,-8.725191116333008,-1.6793893575668335,0.09108660370111465,2245,0,98,1187,17,3072,100750,26,68
262195,-20.422340393066406,20.49885368347168,-2.5324668884277344,2.5055649280548096,8055.26708984375,263.4725646972656,2.339139938354492,16.704486846923828,0.0,-0.32861328125,0.059814453125,1.020751953125,-0.17557251453399658,-11.16030502319336,-2.8091602325439453,0.09108660370111465,2245,0,98,1187,16,3072,100750,26,65
262212,-23.12470817565918,23.127376556396484,-3.090681552886963,3.066380500793457,8054.9951171875,263.4926452636719,2.312790632247925,16.89235496520996,0.0,-0.3310546875,0.02783203125,1.0048828125,0.6488549709320068,-11.358778953552246,-1.5801526308059692,0.09108660370111465,2245,0,98,1187,16,3072,100750,26,68
262235,-22.794551849365234,22.79881477355957,-4.276559829711914,4.18257474899292,8055.0673828125,263.2861022949219,2.2605299949645996,17.17565155029297,0.0,-0.335205078125,0.043212890625,0.9853515625,0.3358778655529022,-8.687023162841797,-3.717557191848755,0.09108660370111465,2245,0,98,1187,16,3072,100750,26,71
262252,-23.12253761291504,23.124818801879883,-3.9670028686523438,3.802243709564209,8055.36474609375,263.54052734375,2.284585952758789,17.39274787902832,0.0,-0.363525390625,0.046630859375,0.9892578125,0.030534351244568825,-7.732824325561523,-3.534351110458374,0.09108660370111465,2245,0,98,1187,16,3072,100750,26,68
262275,-22.441030502319336,22.444231033325195,-3.2269339561462402,3.046104907989502,8054.9013671875,263.4803161621094,2.333467483520508,17.744903564453125,0.0,-0.339599609375,0.04296875,0.988037109375,-0.8396946787834167,-7.404580116271973,-1.198473334312439,0.09108660370111465,2245,0,98,1187,16,3072,100750,26,68
262293,-22.602584838867188,22.606407165527344,-2.5193963050842285,2.36555814743042,8055.0283203125,263.5572509765625,2.317453622817993,17.86126708984375,0.0,-0.331298828125,0.0283203125,0.990234375,-0.9847328066825867,-7.465648651123047,-1.4809160232543945,0.09108660370111465,2246,0,98,1187,16,3072,100750,26,68
262314,-21.350631713867188,21.35624885559082,-2.0486972332000732,1.9209773540496826,8055.4921875,263.5572509765625,2.3022830486297607,18.08264923095703,0.0,-0.35400390625,0.042724609375,0.9921875,0.19083969295024872,-6.221374034881592,-2.6564886569976807,0.10384213179349899,2245,0,98,1188,15,3072,100750,26,66
262332,-23.802412033081055,23.803058624267578,-1.451503038406372,1.3293331861495972,8056.06884765625,263.5437316894531,2.337045192718506,18.250364303588867,0.0,-0.370849609375,0.05078125,0.976318359375,0.9389312863349915,-4.717557430267334,-3.320610761642456,0.10384213179349899,2246,0,98,1188,15,3072,100750,26,69
262352,-22.680761337280273,22.68348503112793,-1.205605149269104,1.0493626594543457,8056.17578125,263.7232971191406,2.327831268310547,18.570178985595703,0.0,-0.399169921875,0.039794921875,0.9599609375,1.3206106424331665,-2.648854970932007,-3.7328243255615234,0.10384213179349899,2245,0,98,1188,15,3072,100750,26,67
262375,-22.50620460510254,22.494993209838867,-0.5364747047424316,0.34246933460235596,8055.81494140625,263.9393310546875,2.3458354473114014,19.05425262451172,0.0,-0.406005859375,0.05322265625,0.943603515625,0.20610687136650085,-0.2748091518878937,-1.839694619178772,0.10384213179349899,2245,0,98,1188,15,3072,100750,27,70
262392,-23.795970916748047,23.796113967895508,0.5188252925872803,-0.7198611497879028,8055.9951171875,263.73822021484375,2.392937660217285,19.24921417236328,0.0,-0.40673828125,0.0439453125,0.94384765625,-0.8320610523223877,1.6870229244232178,-1.5572519302368164,0.10384213179349899,2245,0,98,1188,15,3072,100750,27,73
262412,-22.920461654663086,22.940998077392578,1.9048161506652832,-2.0534939765930176,8055.375,264.06695556640625,2.4171836376190186,19.510786056518555,0.0,-0.417236328125,0.03857421875,0.94677734375,-0.580152690410614,4.56488561630249,-1.305343508720398,0.10384213179349899,2245,0,98,1188,15,3072,100750,26,70
262432,-23.755069732666016,22.972888946533203,2.5905323028564453,-2.7436041831970215,8054.8271484375,263.81390380859375,2.457287073135376,19.654972076416016,0.0,-0.392822265625,0.05615234375,0.95703125,0.23664122819900513,7.015267372131348,-1.7786259651184082,0.10384213179349899,2245,0,98,1188,15,3072,100750,26,68
262452,-21.14918327331543,21.22541618347168,3.357362747192383,-3.5112810134887695,8054.0966796875,263.8155212402344,2.4118294715881348,19.72556495666504,0.0,-0.3994140625,0.022705078125,0.96142578125,1.2900763750076294,9.984732627868652,-2.4732823371887207,0.10384213179349899,2245,0,98,1188,14,3072,100750,27,71
262473,-22.439043045043945,22.352569580078125,3.6309587955474854,-3.759364366531372,8054.4873046875,263.85418701171875,2.3764359951019287,19.720951080322266,0.0,-0.387451171875,0.044189453125,0.956787109375,1.694656491279602,12.610687255859375,-3.0,0.10384213179349899,2245,0,98,1188,15,3072,100750,27,68
262492,-23.80213165283203,23.796762466430664,9.046499252319336,-9.133035659790039,8054.58740234375,263.9101867675781,2.3743836879730225,19.691869735717773,0.0,-0.38623046875,0.0380859375,0.9580078125,1.3587785959243774,14.51145076751709,-2.603053331375122,0.1118616834282875,2245,0,98,1188,15,3072,100750,27,71
262512,-22.177127838134766,22.151792526245117,6.987481594085693,-7.102635383605957,8054.1474609375,264.0494079589844,2.359848976135254,19.600650787353516,0.0,-0.376220703125,0.03662109375,0.97216796875,0.5190839767456055,16.213741302490234,-1.389312982559204,0.1118616834282875,2245,0,98,1188,15,3072,100750,27,69
262532,-22.963041305541992,22.96708869934082,8.256444931030273,-8.389150619506836,8053.77978515625,263.90521240234375,2.3741965293884277,19.359928131103516,0.0,-0.337646484375,0.041748046875,0.97607421875,-0.1450381726026535,17.755725860595703,-1.0152671337127686,0.1118616834282875,2245,0,98,1188,15,3072,100750,27,67
262552,-22.649658203125,22.696487426757812,10.734602928161621,-10.815510749816895,8053.57568359375,263.64215087890625,2.3387749195098877,19.072818756103516,0.0,-0.342041015625,0.018310546875,0.990478515625,0.39694657921791077,19.67938995361328,-1.9389313459396362,0.1118616834282875,2245,0,98,1188,15,3072,100750,26,70
262575,-24.847366333007812,24.745349884033203,9.191770553588867,-9.29711627960205,8053.9541015625,263.3434753417969,2.319448709487915,18.54789161682129,0.0,-0.317138671875,0.051025390625,0.990478515625,2.7328243255615234,22.687023162841797,-4.068702220916748,0.1118616834282875,2245,0,98,1188,15,3072,100750,26,68
262592,-21.999794006347656,22.06084632873535,10.58159351348877,-10.696732521057129,8054.30859375,263.50244140625,2.326106548309326,18.33955955505371,0.0,-0.3232421875,0.05517578125,0.976318359375,2.85496187210083,23.053434371948242,-3.923664093017578,0.1118616834282875,2245,0,98,1188,15,3072,100750,27,71
262615,-23.74044418334961,23.729249954223633,11.994026184082031,-12.006591796875,8054.64453125,263.7388610839844,2.1809303760528564,17.835121154785156,0.0,-0.31396484375,0.0234375,0.99365234375,0.7175572514533997,23.412214279174805,-2.419847249984741,0.1118616834282875,2245,0,98,1187,16,3072,100750,27,68
262632,-23.454544067382812,23.449905395507812,16.96516990661621,-16.901168823242188,8054.71728515625,262.9931640625,2.230807065963745,17.528926849365234,0.0,-0.28564453125,0.070068359375,0.99609375,0.5343511700630188,23.954198837280273,-2.465648889541626,0.1118616834282875,2245,0,98,1187,16,3072,100750,26,65
262655,-23.063570022583008,23.05743408203125,18.22138214111328,-18.207744598388672,8055.07177734375,263.3419189453125,2.281716823577881,16.880334854125977,0.0,-0.2587890625,0.04833984375,1.014404296875,2.0458016395568848,26.030534744262695,-1.5419846773147583,0.1118616834282875,2245,0,98,1186,16,3072,100750,26,68
262673,-21.536916732788086,21.556316375732422,12.719002723693848,-12.865992546081543,8055.01171875,263.0606994628906,2.2289669513702393,16.52507781982422,0.0,-0.256103515625,0.03369140625,1.0009765625,2.137404680252075,26.274808883666992,-2.435114622116089,0.1118616834282875,2245,0,98,1186,16,3072,100750,26,65
262695,-21.393306732177734,21.402008056640625,13.833112716674805,-13.980039596557617,8054.8740234375,262.96453857421875,2.156506061553955,15.927189826965332,0.0,-0.231201171875,0.022705078125,1.026611328125,1.7022900581359863,25.992366790771484,-2.114503860473633,0.10102606564760208,2245,0,98,1186,16,3072,100750,26,68
262712,-24.522302627563477,24.748701095581055,12.725008010864258,-12.820489883422852,8054.6494140625,262.42559814453125,2.190129280090332,15.49345874786377,0.0,-0.215576171875,0.06787109375,1.0400390625,1.6488549709320068,25.572519302368164,-2.1603052616119385,0.10102606564760208,2245,0,98,1186,16,3072,100750,26,65
262732,-21.469009399414062,21.46132469177246,14.60669994354248,-14.656744956970215,8054.5400390625,262.6756896972656,2.161041021347046,14.836016654968262,0.0,-0.19580078125,0.04150390625,1.038818359375,0.6564885377883911,24.80152702331543,-1.3358778953552246,0.10102606564760208,2245,0,98,1186,15,3072,100750,26,68
262752,-24.426834106445312,24.40532684326172,18.58530044555664,-18.464508056640625,8054.98046875,262.13140869140625,2.1304755210876465,14.1669282913208,0.0,-0.176025390625,0.02294921875,1.0595703125,0.4656488597393036,23.16030502319336,-1.3587785959243774,0.10102606564760208,2245,0,98,1186,15,3072,100750,26,71
262776,-24.102205276489258,24.08678436279297,21.771648406982422,-21.667625427246094,8054.34765625,261.84661865234375,2.1364686489105225,13.947481155395508,0.0,-0.171142578125,0.048095703125,1.064697265625,1.2900763750076294,21.511449813842773,-2.3358778953552246,0.10102606564760208,2245,0,98,1186,15,3072,100750,26,74
262794,-23.554035186767578,23.522167205810547,19.05856704711914,-18.946779251098633,8054.671875,262.26373291015625,2.1247596740722656,13.493841171264648,0.0,-0.162353515625,0.03857421875,1.058837890625,1.7786259651184082,21.43511390686035,-3.4885497093200684,0.10102606564760208,2245,0,98,1186,15,3072,100750,26,71
262812,-22.75516128540039,22.732994079589844,19.376705169677734,-19.38155174255371,8055.0185546875,261.7149658203125,2.0731871128082275,13.133040428161621,0.0,-0.1884765625,0.02587890625,1.05810546875,1.503816843032837,20.76335906982422,-2.9541983604431152,0.10102606564760208,2245,0,98,1186,15,3072,100750,26,69
262832,-22.055082321166992,22.01133918762207,13.090706825256348,-13.192965507507324,8055.2861328125,261.14630126953125,2.033843517303467,12.591588973999023,0.0,-0.1611328125,-0.022705078125,1.06201171875,1.2442748546600342,19.23664093017578,-2.3435113430023193,0.10102606564760208,2245,0,98,1186,14,3072,100750,27,69
262854,-23.592987060546875,24.64030647277832,16.413284301757812,-16.46687126159668,8055.3466796875,261.14630126953125,2.0696609020233154,11.883345603942871,0.0,-0.14208984375,0.03759765625,1.04541015625,0.6335877776145935,17.5572509765625,-1.5801526308059692,0.10102606564760208,2245,0,98,1186,15,3072,100750,27,66
262873,-22.86922264099121,22.822961807250977,18.671628952026367,-18.68257713317871,8055.3037109375,260.9730224609375,2.1198930740356445,11.507217407226562,0.0,-0.131103515625,0.048828125,1.0537109375,1.3740458488464355,17.206106185913086,-2.076335906982422,0.10102606564760208,2245,0,98,1186,15,3072,100750,26,69
262892,-22.997652053833008,23.001392364501953,19.73405647277832,-19.728805541992188,8054.68603515625,260.6147155761719,2.059981346130371,11.177186012268066,0.0,-0.147705078125,0.00732421875,1.059326171875,-0.10687022656202316,16.687023162841797,-1.6564885377883911,0.07573952525854111,2245,0,98,1186,15,3072,100750,26,72
262915,-21.883779525756836,21.856260299682617,16.909671783447266,-16.92534637451172,8054.5263671875,260.8281555175781,1.9965236186981201,10.467169761657715,0.0,-0.114013671875,0.03173828125,1.081787109375,-0.4656488597393036,14.213740348815918,-1.5496183633804321,0.07573952525854111,2245,0,98,1186,15,3072,100750,26,70
262932,-20.8825740814209,20.88644790649414,14.030742645263672,-14.107722282409668,8054.0263671875,259.93792724609375,1.9801033735275269,10.133864402770996,0.0,-0.1025390625,0.0283203125,1.097900390625,0.290076345205307,12.90839672088623,-1.8091603517532349,0.07573952525854111,2245,0,98,1186,15,3072,100750,26,68
262952,-21.394275665283203,21.394046783447266,15.418582916259766,-15.462475776672363,8053.9482421875,260.25799560546875,1.9567147493362427,9.577642440795898,0.0,-0.087158203125,0.046875,1.095458984375,1.7175573110580444,10.946564674377441,-2.5496182441711426,0.07573952525854111,2245,0,98,1186,15,3072,100750,26,70
262975,-23.417329788208008,23.39799690246582,18.539827346801758,-18.383543014526367,8054.3662109375,259.2052001953125,1.9058252573013306,8.923088073730469,0.0,-0.079833984375,0.032470703125,1.083740234375,2.0229008197784424,8.312976837158203,-3.6183207035064697,0.07573952525854111,2245,0,98,1186,14,3072,100750,26,73
262992,-22.330331802368164,22.317899703979492,17.802570343017578,-17.648677825927734,8053.92333984375,259.34039306640625,1.859661340713501,8.656314849853516,0.0,-0.08544921875,0.017822265625,1.08447265625,1.412213683128357,6.442748069763184,-3.114503860473633,0.07573952525854111,2245,0,98,1186,14,3072,100750,26,70
263012,-22.64224624633789,22.63409423828125,18.673830032348633,-18.617591857910156,8053.8916015625,258.78143310546875,1.8484011888504028,8.314836502075195,0.0,-0.09326171875,0.031494140625,1.094482421875,0.8549618124961853,4.122137546539307,-2.328244209289551,0.07573952525854111,2245,0,98,1187,14,3072,100750,26,72
263035,-22.58612632751465,22.574874877929688,15.986136436462402,-15.885936737060547,8053.18212890625,259.2808837890625,1.9041836261749268,7.937456130981445,0.0,-0.094970703125,0.04052734375,1.085693359375,0.022900763899087906,1.572519063949585,-1.893129825592041,0.07573952525854111,2245,0,98,1187,14,3072,100750,26,69
263052,-23.16729736328125,23.163354873657227,17.05044937133789,-16.934511184692383,8052.68212890625,258.1799011230469,1.8717694282531738,7.767105579376221,0.0,-0.079833984375,0.013916015625,1.082275390625,-0.18320611119270325,0.19847328960895538,-1.5954198837280273,0.07573952525854111,2245,0,98,1187,14,3072,100750,26,66
263073,-22.345294952392578,22.340513229370117,17.855091094970703,-17.7501220703125,8052.33203125,258.9658508300781,1.884219765663147,7.530709743499756,0.0,-0.078369140625,0.03955078125,1.101318359375,-0.32824426889419556,-2.106870174407959,-2.320610761642456,0.07573952525854111,2245,0,98,1188,14,3072,100750,26,67
263095,-21.776700973510742,21.75633430480957,10.980485916137695,-10.93897819519043,8053.34130859375,258.80120849609375,1.8692206144332886,7.375581741333008,0.0,-0.094970703125,0.03466796875,1.097412109375,0.18320611119270325,-5.083969593048096,-2.213740348815918,0.058262281119823456,2245,0,98,1187,15,3072,100750,26,70
263112,-23.40595245361328,23.345657348632812,13.189873695373535,-13.08078384399414,8053.5458984375,258.93426513671875,1.8541086912155151,7.309221267700195,0.0,-0.08544921875,0.033203125,1.091064453125,0.21374045312404633,-6.7633585929870605,-2.076335906982422,0.058262281119823456,2245,0,98,1187,15,3072,100750,26,67
263135,-22.22575569152832,22.203956604003906,14.22020435333252,-14.07597827911377,8053.79833984375,258.95355224609375,1.8391090631484985,7.273571491241455,0.0,-0.105712890625,0.037353515625,1.083740234375,-0.42748090624809265,-9.77862548828125,-2.2290077209472656,0.058262281119823456,2245,0,98,1187,15,3072,100750,26,68
263152,-21.36960220336914,21.44922637939453,7.610970973968506,-7.4559807777404785,8053.81787109375,259.1690673828125,1.846571922302246,7.291103839874268,0.0,-0.107666015625,0.037841796875,1.082763671875,-0.6030534505844116,-10.5496187210083,-2.007633686065674,0.058262281119823456,2245,0,98,1187,15,3072,100750,26,65
263175,-22.01250648498535,21.98909568786621,9.007320404052734,-8.943172454833984,8053.47802734375,258.76580810546875,1.87259840965271,7.425822734832764,0.0,-0.128662109375,0.032470703125,1.061279296875,-0.572519063949585,-12.809160232543945,-2.175572633743286,0.058262281119823456,2245,0,98,1187,16,3072,100750,26,68
263192,-21.686920166015625,21.67209815979004,9.132806777954102,-9.036295890808105,8053.95068359375,258.8833312988281,1.8308404684066772,7.595122337341309,0.0,-0.162353515625,0.0185546875,1.051513671875,-0.42748090624809265,-13.114503860473633,-2.1297709941864014,0.058262281119823456,2245,0,98,1187,16,3072,100750,27,69
263215,-22.105981826782227,22.082725524902344,6.154362201690674,-6.125672817230225,8054.2841796875,258.63922119140625,1.780207633972168,8.043891906738281,0.0,-0.1904296875,0.0048828125,1.017333984375,0.49618321657180786,-14.366412162780762,-3.396946668624878,0.058262281119823456,2245,0,98,1187,15,3072,100750,27,67
263232,-21.953399658203125,21.951343536376953,6.752200126647949,-6.724413871765137,8054.33984375,259.5202941894531,1.8267865180969238,8.318443298339844,0.0,-0.2119140625,-0.009765625,0.986083984375,0.7938931584358215,-13.068702697753906,-2.389312982559204,0.058262281119823456,2245,0,98,1187,15,3072,100750,26,69
263255,-22.18503189086914,22.179458618164062,6.160577774047852,-6.189140319824219,8055.01025390625,259.6580810546875,1.8032398223876953,9.026724815368652,0.0,-0.2421875,0.027587890625,0.9794921875,-1.5114504098892212,-9.473282814025879,-1.2519084215164185,0.058262281119823456,2245,0,98,1187,15,3072,100750,26,67
263273,-21.9210147857666,21.91815948486328,6.5594482421875,-6.600374221801758,8054.84521484375,259.95245361328125,1.8479546308517456,9.34465217590332,0.0,-0.237548828125,0.02587890625,0.98876953125,-1.6564885377883911,-7.496183395385742,-1.5648854970932007,0.058262281119823456,2245,0,98,1187,15,3072,100750,26,70
263292,-21.90149688720703,21.90285873413086,6.102792263031006,-6.174668788909912,8054.4365234375,260.1631164550781,1.887427806854248,9.617939949035645,0.0,-0.252685546875,0.04736328125,1.019775390625,-0.5954198241233826,-4.900763511657715,-2.137404680252075,0.05465998873114586,2245,0,98,1187,15,3072,100750,26,67
263315,-21.842626571655273,21.848358154296875,6.662445545196533,-6.797575950622559,8054.6298828125,259.8646545410156,1.9316197633743286,10.011966705322266,0.0,-0.2353515625,0.046875,1.0048828125,1.7938930988311768,-2.213740348815918,-3.4809160232543945,0.05465998873114586,2245,0,98,1187,15,3072,100750,26,69
263332,-21.714454650878906,21.6965274810791,6.638398170471191,-6.789392948150635,8055.4404296875,260.01361083984375,1.9270927906036377,10.135430335998535,0.0,-0.215576171875,0.034912109375,1.002197265625,1.587786316871643,-0.9083969593048096,-2.9770991802215576,0.05465998873114586,2245,0,98,1187,15,3072,100750,26,67
263355,-21.30562973022461,21.303110122680664,7.06020975112915,-7.176697254180908,8055.91015625,260.5262451171875,1.9322757720947266,10.247787475585938,0.0,-0.196044921875,0.0419921875,1.04150390625,-0.11450381577014923,-0.3893129825592041,-1.9236640930175781,0.05465998873114586,2245,0,98,1188,14,3072,100750,26,70
263372,-21.97635269165039,21.9759578704834,8.339531898498535,-8.415179252624512,8056.1533203125,260.0727233886719,1.9538382291793823,10.186742782592773,0.0,-0.1591796875,0.034912109375,1.05859375,-0.1221374049782753,-1.0,-1.1832060813903809,0.05465998873114586,2245,0,98,1188,14,3072,100751,26,71
263394,-19.60677146911621,19.607603073120117,5.879092216491699,-5.89835262298584,8056.02978515625,260.0727233886719,1.9527606964111328,9.93603801727295,0.0,-0.129638671875,0.03515625,1.096435546875,0.48091602325439453,-2.29007625579834,-2.213740348815918,0.05465998873114586,2245,0,98,1188,15,3072,100751,26,69
263412,-22.314865112304688,22.30069923400879,7.0269455909729,-6.978658199310303,8055.80615234375,260.231689453125,1.9800690412521362,9.7732572555542,0.0,-0.105224609375,0.05224609375,1.097412109375,0.7862595319747925,-3.679389238357544,-2.7022900581359863,0.05465998873114586,2245,0,98,1188,15,3072,100750,26,66
263435,-21.594667434692383,21.574966430664062,7.383643627166748,-7.332334041595459,8055.70458984375,260.05633544921875,2.0049245357513428,9.498771667480469,0.0,-0.099365234375,0.0458984375,1.1171875,0.9465649127960205,-8.473282814025879,-2.7251908779144287,0.05465998873114586,2245,0,98,1188,15,3072,100750,26,68
263452,-19.95917320251465,19.948392868041992,3.548814058303833,-3.477193593978882,8055.25244140625,260.3658752441406,1.9489387273788452,9.365633010864258,0.0,-0.083984375,0.01904296875,1.10693359375,0.9923664331436157,-11.175572395324707,-2.5267176628112793,0.05465998873114586,2245,0,98,1188,15,3072,100750,26,71
263473,-21.3573055267334,21.34369659423828,3.081986904144287,-3.0320918560028076,8055.9423828125,259.7733154296875,1.8478304147720337,9.229520797729492,0.0,-0.087890625,0.017578125,1.1005859375,1.2442748546600342,-14.816793441772461,-2.9007632732391357,0.05465998873114586,2245,0,98,1188,15,3072,100750,26,68
263495,-20.60014533996582,20.595827102661133,2.249013900756836,-2.172224521636963,8056.27734375,261.0079345703125,1.8112612962722778,9.263307571411133,0.0,-0.129638671875,0.029541015625,1.08349609375,0.40458014607429504,-18.58015251159668,-3.4885497093200684,0.05761336535215378,2245,0,98,1188,14,3072,100750,26,66
263512,-17.670352935791016,17.631311416625977,-0.3517017364501953,0.3670363426208496,8056.04296875,260.2908020019531,1.8287203311920166,9.393322944641113,0.0,-0.169677734375,0.012939453125,1.066162109375,-0.007633587811142206,-20.244274139404297,-3.1984732151031494,0.05761336535215378,2245,0,98,1188,14,3072,100750,27,69
263532,-21.55735206604004,21.542539596557617,-1.1817258596420288,1.2042243480682373,8055.99365234375,260.4111328125,1.8406509160995483,9.753049850463867,0.0,-0.1748046875,0.0341796875,1.0419921875,-0.9465649127960205,-21.56488609313965,-1.6259541511535645,0.05761336535215378,2245,0,98,1188,15,3072,100750,27,72
263555,-18.971900939941406,18.90496253967285,-2.2688968181610107,2.3582441806793213,8055.7890625,260.9374694824219,1.8894555568695068,10.269015312194824,0.0,-0.2216796875,0.053955078125,1.025146484375,-1.9694656133651733,-21.80152702331543,-2.824427366256714,0.05761336535215378,2245,0,98,1187,15,3072,100750,26,69
263572,-22.014453887939453,22.01186180114746,-4.4047770500183105,4.474299430847168,8056.86865234375,261.20361328125,1.9372234344482422,10.596404075622559,0.0,-0.23876953125,0.01708984375,1.019775390625,-1.8854961395263672,-21.51908302307129,-2.7633588314056396,0.05761336535215378,2245,0,98,1187,15,3072,100750,26,66
263592,-21.859102249145508,21.85982322692871,-5.850806713104248,5.8206682205200195,8056.9306640625,261.19329833984375,2.040415048599243,11.176010131835938,0.0,-0.278076171875,0.049560546875,1.007568359375,-1.85496187210083,-21.534351348876953,-1.7633588314056396,0.05761336535215378,2245,0,98,1187,15,3072,100750,26,69
263612,-21.32052993774414,21.320844650268555,-6.153112411499023,6.104259967803955,8057.64453125,261.57049560546875,2.106419801712036,11.942585945129395,0.0,-0.314453125,0.066650390625,0.967529296875,-1.9389313459396362,-19.954198837280273,-2.427480936050415,0.05761336535215378,2245,0,98,1187,15,3072,100750,26,66
263632,-22.203208923339844,22.206411361694336,-5.54355525970459,5.488509178161621,8058.5341796875,262.1298828125,2.1318142414093018,12.72627067565918,0.0,-0.35986328125,0.041015625,0.955078125,-2.389312982559204,-17.16030502319336,-1.694656491279602,0.05761336535215378,2245,0,98,1187,15,3072,100750,26,69
263655,-21.122838973999023,21.127605438232422,-5.922940254211426,5.815155982971191,8059.1337890625,262.2348327636719,2.1365365982055664,13.760750770568848,0.0,-0.38525390625,0.03369140625,0.944091796875,-1.0839694738388062,-11.847328186035156,-2.435114622116089,0.05761336535215378,2245,0,98,1187,16,3072,100750,26,67
263673,-18.244979858398438,18.267780303955078,-4.04676628112793,3.918262004852295,8058.41650390625,262.70989990234375,2.1290788650512695,14.236475944519043,0.0,-0.3828125,0.047119140625,0.93310546875,-0.022900763899087906,-8.70992374420166,-3.328244209289551,0.05761336535215378,2245,0,98,1187,16,3072,100750,26,70
263692,-22.86725425720215,22.873706817626953,-3.4272196292877197,3.2476089000701904,8057.89599609375,262.59417724609375,2.0873920917510986,14.70152473449707,0.0,-0.404541015625,0.010498046875,0.915771484375,0.8320610523223877,-3.396946668624878,-3.6259541511535645,0.0723058208823204,2245,0,98,1187,16,3072,100750,26,72
263715,-20.45267105102539,20.47426414489746,-1.7181940078735352,1.4705173969268799,8058.6669921875,262.6615295410156,2.0576391220092773,15.497525215148926,0.0,-0.403564453125,0.031494140625,0.929443359375,0.7099236845970154,3.8091602325439453,-4.167938709259033,0.0723058208823204,2245,0,98,1187,16,3072,100750,26,70
263732,-21.358705520629883,21.372291564941406,-0.23980951309204102,-0.0475001335144043,8058.08203125,262.53729248046875,2.0988762378692627,15.812429428100586,0.0,-0.414306640625,0.0458984375,0.937255859375,1.2748091220855713,7.465648651123047,-4.595419883728027,0.0723058208823204,2245,0,98,1187,16,3072,100750,26,67
263755,-19.560993194580078,19.588850021362305,1.8243656158447266,-2.0756592750549316,8057.29052734375,262.8106384277344,2.2145683765411377,16.223312377929688,0.0,-0.385009765625,0.049560546875,0.93603515625,2.328244209289551,13.427480697631836,-4.137404441833496,0.0723058208823204,2245,0,98,1187,17,3072,100750,26,70
263777,-24.021419525146484,24.014177322387695,4.537578105926514,-4.777257919311523,8056.22900390625,262.7799987792969,2.2214176654815674,16.272058486938477,0.0,-0.369873046875,0.047607421875,0.93505859375,2.2977099418640137,16.832061767578125,-3.6641221046447754,0.0723058208823204,2245,0,98,1187,17,3072,100750,26,73
263795,-22.89781951904297,22.894378662109375,8.920065879821777,-9.074507713317871,8055.8681640625,263.08831787109375,2.2101476192474365,16.2907657623291,0.0,-0.343505859375,0.042724609375,0.949951171875,1.3969465494155884,21.351144790649414,-2.6259541511535645,0.0723058208823204,2245,0,98,1187,17,3072,100750,26,70
263812,-22.338294982910156,22.340303421020508,9.557075500488281,-9.728960990905762,8055.13916015625,262.7952880859375,2.2240488529205322,16.24592399597168,0.0,-0.34228515625,0.02880859375,0.95751953125,1.0,23.473281860351562,-2.0839693546295166,0.0723058208823204,2245,0,98,1187,17,3072,100750,26,68
263832,-22.746414184570312,22.7519474029541,10.561437606811523,-10.742727279663086,8054.9892578125,262.49383544921875,2.2463760375976562,16.002784729003906,0.0,-0.3154296875,0.02001953125,0.967529296875,1.4503816366195679,26.16030502319336,-1.389312982559204,0.0723058208823204,2245,0,98,1186,17,3072,100750,26,70
263852,-22.8643798828125,22.86861228942871,12.940974235534668,-13.106826782226562,8055.1103515625,262.4418640136719,2.2454566955566406,15.625279426574707,0.0,-0.26904296875,0.046142578125,0.970703125,2.076335906982422,28.9007625579834,-1.6717556715011597,0.0723058208823204,2245,0,98,1186,17,3072,100750,26,68
263873,-24.055124282836914,22.90244483947754,14.964104652404785,-15.108621597290039,8055.06103515625,262.3051452636719,2.256308078765869,15.080827713012695,0.0,-0.242431640625,0.030029296875,0.99609375,2.1603052616119385,30.96183204650879,-2.4885497093200684,0.0723058208823204,2245,0,98,1186,17,3072,100750,26,71
263892,-23.154661178588867,22.72488784790039,16.619522094726562,-16.751008987426758,8055.76708984375,261.9295959472656,2.2447516918182373,14.678024291992188,0.0,-0.21875,0.019287109375,0.99169921875,1.5954198837280273,31.96183204650879,-1.6717556715011597,0.08022008091211319,2245,0,98,1186,16,3072,100750,27,68
263915,-22.515193939208984,22.496871948242188,17.591745376586914,-17.6551513671875,8055.125,261.8105773925781,2.2236554622650146,13.764904022216797,0.0,-0.18896484375,0.059326171875,1.027587890625,1.2977099418640137,31.824426651000977,-2.534351110458374,0.08022008091211319,2245,0,98,1186,16,3072,100750,27,65
263932,-22.679548263549805,22.640729904174805,18.940349578857422,-18.957231521606445,8055.67333984375,261.39990234375,2.20432448387146,13.210000038146973,0.0,-0.12548828125,0.033203125,1.043212890625,1.8320610523223877,31.969465255737305,-2.0458016395568848,0.08022008091211319,2245,0,98,1186,16,3072,100750,26,68
263955,-22.729496002197266,22.736431121826172,19.551034927368164,-19.58828353881836,8056.36083984375,261.0329284667969,2.189249038696289,11.903751373291016,0.0,-0.089599609375,0.080078125,1.089599609375,3.5954198837280273,32.92366409301758,-4.404580116271973,0.08022008091211319,2245,0,98,1186,17,3072,100750,26,71
263972,-22.559310913085938,22.566936492919922,19.46627426147461,-19.495525360107422,8056.546875,260.59075927734375,2.21315860748291,11.22616195678711,0.0,-0.05712890625,0.059326171875,1.094482421875,2.7251908779144287,30.908397674560547,-2.5114502906799316,0.08022008091211319,2245,0,98,1186,17,3072,100750,26,69
263992,-22.564783096313477,22.560489654541016,19.249574661254883,-19.278013229370117,8056.24072265625,260.0822448730469,2.1156792640686035,10.258244514465332,0.0,-0.046875,0.025390625,1.11572265625,0.8931297659873962,25.51908302307129,-1.732824444770813,0.08022008091211319,2245,0,98,1186,16,3072,100750,26,66
264012,-22.489913940429688,22.485918045043945,19.55241584777832,-19.55536651611328,8055.66943359375,259.09368896484375,2.0313727855682373,9.293785095214844,0.0,-0.00634765625,0.017333984375,1.153076171875,1.1145038604736328,19.35877799987793,-0.6870229244232178,0.08022008091211319,2245,0,98,1187,16,3072,100751,26,69
264035,-21.42235565185547,21.422025680541992,18.35527801513672,-18.35767936706543,8055.1787109375,258.71710205078125,1.867834210395813,8.15445327758789,0.0,0.005126953125,0.016845703125,1.123779296875,4.14503812789917,13.343511581420898,-2.068702220916748,0.08022008091211319,2245,0,98,1188,16,3072,100750,26,66
264052,-21.19857406616211,21.156614303588867,14.632225036621094,-14.66818618774414,8055.30078125,258.1278076171875,1.7729166746139526,7.699929237365723,0.0,-0.015869140625,0.009521484375,1.0888671875,4.183206081390381,11.312976837158203,-2.748091697692871,0.08022008091211319,2245,0,98,1188,16,3072,100750,26,69
264073,-23.25861167907715,23.240991592407227,18.188634872436523,-18.14839744567871,8055.34228515625,258.01611328125,1.6607085466384888,7.170318603515625,0.0,-0.044921875,0.01513671875,1.072509765625,1.8167939186096191,9.664122581481934,-3.8091602325439453,0.08022008091211319,2245,0,98,1188,16,3072,100750,27,72
264095,-22.471160888671875,22.46394157409668,18.442230224609375,-18.347742080688477,8054.92822265625,257.2218933105469,1.675392985343933,6.759948253631592,0.0,-0.05224609375,0.02685546875,1.10400390625,-0.4198473393917084,7.335877895355225,-1.770992398262024,0.060628052800893784,2245,0,98,1188,15,3072,100750,27,69
264112,-22.12782096862793,22.121488571166992,18.845304489135742,-18.808916091918945,8054.9921875,257.55218505859375,1.7301254272460938,6.474492073059082,0.0,-0.02490234375,0.067138671875,1.11328125,-1.3587785959243774,4.717557430267334,-0.7251908183097839,0.060628052800893784,2245,0,98,1188,15,3072,100750,27,71
264135,-21.592893600463867,21.57711410522461,11.50655460357666,-11.4701509475708,8054.77978515625,257.48626708984375,1.8399639129638672,5.993223667144775,0.0,-0.032958984375,0.035888671875,1.103271484375,-0.7862595319747925,-0.28244274854660034,-1.732824444770813,0.060628052800893784,2245,0,98,1188,15,3072,100750,27,68
264152,-22.09998321533203,22.08959197998047,14.12413215637207,-14.055133819580078,8054.8115234375,257.64178466796875,1.7997435331344604,5.791839599609375,0.0,-0.02880859375,0.009033203125,1.11865234375,0.22900763154029846,-2.030534267425537,-1.2137404680252075,0.060628052800893784,2245,0,98,1188,15,3072,100750,26,71
264172,-21.41228675842285,21.386709213256836,14.611690521240234,-14.53481388092041,8054.58349609375,257.34954833984375,1.7704277038574219,5.485445976257324,0.0,-0.012451171875,0.04443359375,1.11474609375,0.12977099418640137,-4.931297779083252,-2.9770991802215576,0.060628052800893784,2244,0,98,1189,14,3072,100750,26,69
264193,-20.284109115600586,20.266386032104492,9.565282821655273,-9.509724617004395,8054.53369140625,257.3758850097656,1.8014365434646606,5.334951877593994,0.0,-0.037109375,0.05810546875,1.1083984375,-0.07633587718009949,-9.58015251159668,-2.3129770755767822,0.060628052800893784,2245,0,98,1188,14,3072,100750,26,66
264212,-22.023408889770508,22.009052276611328,11.681785583496094,-11.573970794677734,8054.5869140625,257.09027099609375,1.7605398893356323,5.265020847320557,0.0,-0.032470703125,0.018310546875,1.10498046875,-0.7709923386573792,-12.732824325561523,-1.3435114622116089,0.060628052800893784,2245,0,98,1188,14,3072,100750,27,69
264232,-22.09726333618164,22.08300018310547,11.298583030700684,-11.1438570022583,8055.20947265625,257.4135437011719,1.7465107440948486,5.285110950469971,0.0,-0.05224609375,0.042236328125,1.096923828125,-1.1526718139648438,-15.106870651245117,-2.458015203475952,0.060628052800893784,2245,0,98,1188,14,3072,100750,27,66
264253,-21.177804946899414,21.165447235107422,8.936431884765625,-8.838138580322266,8054.63037109375,256.74835205078125,1.7334227561950684,5.4438395500183105,0.0,-0.0869140625,0.06103515625,1.0849609375,-0.8320610523223877,-16.946565628051758,-2.9389312267303467,0.060628052800893784,2245,0,98,1188,14,3072,100750,26,69
264275,-21.307191848754883,21.309499740600586,5.464738368988037,-5.492217540740967,8054.69140625,257.3343200683594,1.7617844343185425,5.713814735412598,0.0,-0.12255859375,0.039306640625,1.046630859375,-1.2595419883728027,-18.19847297668457,-2.2290077209472656,0.05035945400595665,2245,0,98,1188,14,3072,100750,26,70
264292,-18.061573028564453,18.09824562072754,2.1826343536376953,-2.3014285564422607,8054.8076171875,257.67120361328125,1.7600282430648804,5.988643646240234,0.0,-0.13525390625,0.044189453125,1.02490234375,-2.0839693546295166,-18.717557907104492,-1.7938930988311768,0.05035945400595665,2245,0,98,1188,14,3071,100750,26,67
264312,-20.32295036315918,20.300678253173828,2.5263679027557373,-2.605365514755249,8055.6669921875,258.3360290527344,1.7586314678192139,6.499749183654785,0.0,-0.1767578125,0.032470703125,1.01513671875,-3.541984796524048,-19.030534744262695,-0.48091602325439453,0.05035945400595665,2245,0,98,1187,15,3071,100750,26,70
264335,-21.969579696655273,21.962778091430664,2.8486642837524414,-2.747931480407715,8055.48583984375,258.904296875,1.936233639717102,7.281056880950928,0.0,-0.208984375,0.05859375,1.006591796875,-3.9541983604431152,-17.465648651123047,-0.8091602921485901,0.05035945400595665,2245,0,98,1187,14,3071,100750,26,72
264352,-19.73141860961914,19.725494384765625,1.947702407836914,-1.8883602619171143,8055.203125,259.5794372558594,1.9766169786453247,7.702457427978516,0.0,-0.23974609375,0.052001953125,1.014892578125,-2.70992374420166,-15.916030883789062,-1.465648889541626,0.05035945400595665,2245,0,98,1187,14,3071,100750,26,70
264372,-14.311372756958008,14.079543113708496,0.5905303955078125,-0.5925967693328857,8055.64453125,259.27960205078125,2.0210561752319336,8.381057739257812,0.0,-0.263916015625,0.050048828125,0.984619140625,-0.038167938590049744,-12.80152702331543,-2.641221284866333,0.05035945400595665,2245,0,98,1187,15,3071,100750,26,68
264392,-20.098033905029297,19.98844337463379,1.803685188293457,-1.8170145750045776,8055.84521484375,260.19598388671875,2.0349411964416504,9.02271556854248,0.0,-0.248046875,0.066162109375,0.96875,1.4580153226852417,-8.862595558166504,-3.5954198837280273,0.05035945400595665,2245,0,98,1187,14,3071,100750,26,70
264412,-21.2611141204834,21.269794464111328,2.098581552505493,-2.210024833679199,8056.6142578125,259.88726806640625,1.9715608358383179,9.558332443237305,0.0,-0.284423828125,0.03271484375,0.951171875,3.2290077209472656,-4.977099418640137,-5.557251930236816,0.05035945400595665,2245,0,98,1187,14,3071,100750,26,67
264435,-20.897974014282227,20.91375160217285,3.0283150672912598,-3.263096570968628,8055.7490234375,260.0594787597656,1.8726190328598022,10.194636344909668,0.0,-0.27001953125,0.03515625,0.942138671875,2.7633588314056396,1.587786316871643,-4.839694499969482,0.05035945400595665,2245,0,98,1187,15,3071,100750,26,65
264453,-21.03359031677246,20.990219116210938,4.482441425323486,-4.788449287414551,8055.72265625,260.4768371582031,1.862851619720459,10.43359661102295,0.0,-0.26953125,0.022216796875,0.962646484375,1.5419846773147583,4.160305500030518,-5.038167953491211,0.05035945400595665,2245,0,98,1187,15,3071,100750,26,67
264472,-20.73933982849121,20.604721069335938,6.036140441894531,-6.325118541717529,8055.73046875,260.30084228515625,1.9260027408599854,10.631113052368164,0.0,-0.28515625,0.049072265625,0.992431640625,0.6030534505844116,6.984732627868652,-4.312977313995361,0.05608362704515457,2245,0,98,1187,15,3071,100750,26,70
264495,-21.03554344177246,21.05357551574707,7.298653602600098,-7.573391914367676,8055.0556640625,260.4872131347656,2.1443707942962646,10.808205604553223,0.0,-0.24853515625,0.0791015625,1.014892578125,1.3511450290679932,10.053435325622559,-2.679389238357544,0.05608362704515457,2245,0,98,1187,16,3071,100750,26,67
264512,-20.918285369873047,20.937679290771484,8.832647323608398,-9.041325569152832,8054.3896484375,260.6443786621094,2.143033266067505,10.829244613647461,0.0,-0.236328125,0.03271484375,1.001953125,1.7404580116271973,11.16030502319336,-2.213740348815918,0.05608362704515457,2245,0,98,1187,16,3071,100750,26,70
264532,-21.69457244873047,21.692914962768555,10.263741493225098,-10.412893295288086,8054.60791015625,260.3786315917969,2.01155161857605,10.692618370056152,0.0,-0.191162109375,0.016845703125,1.00146484375,1.2900763750076294,13.480916023254395,-1.801526665687561,0.05608362704515457,2246,0,98,1187,16,3071,100750,26,67
264555,-21.543781280517578,21.557594299316406,12.081262588500977,-12.200087547302246,8054.02880859375,260.7008972167969,2.037198305130005,10.323078155517578,0.0,-0.177734375,0.041015625,1.041748046875,0.2442748099565506,15.09160327911377,-2.0839693546295166,0.05608362704515457,2245,0,98,1187,17,3071,100750,26,70
264572,-22.125640869140625,22.128936767578125,14.213275909423828,-14.335067749023438,8054.2998046875,259.874755859375,2.0420265197753906,10.070889472961426,0.0,-0.148681640625,0.048095703125,1.07568359375,0.6335877776145935,14.007633209228516,-1.9083969593048096,0.05608362704515457,2245,0,98,1187,17,3071,100750,27,67
264595,-21.428218841552734,21.434797286987305,12.953330039978027,-13.075119018554688,8054.5029296875,259.57135009765625,2.0646204948425293,9.403840065002441,0.0,-0.10498046875,0.059814453125,1.09130859375,1.4045801162719727,12.763359069824219,-2.862595319747925,0.05608362704515457,2245,0,98,1187,17,3071,100750,27,70
264612,-21.47878646850586,21.482580184936523,13.011549949645996,-13.12997055053711,8054.1787109375,259.49346923828125,2.061021089553833,9.091532707214355,0.0,-0.095458984375,0.0498046875,1.086181640625,1.694656491279602,11.427480697631836,-3.396946668624878,0.05608362704515457,2245,0,98,1187,17,3071,100750,26,67
264632,-21.36921501159668,21.371217727661133,13.115982055664062,-13.195984840393066,8054.6728515625,258.89239501953125,2.0215651988983154,8.582438468933105,0.0,-0.078369140625,0.025634765625,1.09814453125,0.8091602921485901,8.335877418518066,-2.3129770755767822,0.05608362704515457,2245,0,98,1187,17,3071,100750,26,69
264653,-21.213607788085938,21.213714599609375,13.33521842956543,-13.395842552185059,8055.48828125,258.668212890625,1.9769539833068848,8.137986183166504,0.0,-0.058349609375,0.05419921875,1.096435546875,0.16030533611774445,5.076335906982422,-1.610687017440796,0.05608362704515457,2245,0,98,1187,16,3071,100750,27,67
264675,-20.564701080322266,20.56499671936035,11.983819961547852,-12.023518562316895,8055.2470703125,258.72509765625,1.926865816116333,7.749690532684326,0.0,-0.057373046875,0.016845703125,1.10986328125,0.1450381726026535,1.4580153226852417,-1.8244274854660034,0.05341627076268196,2246,0,98,1188,16,3071,100750,26,69
264692,-20.869813919067383,20.84919548034668,9.61497688293457,-9.56809139251709,8056.12890625,258.61871337890625,1.8864362239837646,7.525666236877441,0.0,-0.062744140625,0.01806640625,1.09814453125,0.2977099120616913,-0.09923664480447769,-2.3435113430023193,0.05341627076268196,2245,0,98,1188,16,3071,100750,26,66
264715,-21.042892456054688,21.037654876708984,10.224433898925781,-10.201653480529785,8055.80712890625,258.34002685546875,1.8731000423431396,7.227202415466309,0.0,-0.08056640625,0.0322265625,1.0908203125,0.09160305559635162,-3.6335878372192383,-2.282442808151245,0.05341627076268196,2245,0,98,1187,16,3071,100750,26,69
264732,-21.322242736816406,21.316932678222656,10.23037052154541,-10.187373161315918,8055.484375,258.6012878417969,1.8663254976272583,7.154306888580322,0.0,-0.09130859375,0.04736328125,1.08056640625,-0.22900763154029846,-5.007633686065674,-2.2748091220855713,0.05341627076268196,2245,0,98,1187,16,3071,100750,26,66
264752,-21.054061889648438,21.049949645996094,9.050498008728027,-9.059234619140625,8056.02490234375,258.34051513671875,1.8889126777648926,7.135985851287842,0.0,-0.111572265625,0.01513671875,1.066650390625,-0.6412213444709778,-7.053435325622559,-1.8854961395263672,0.05341627076268196,2245,0,98,1188,16,3071,100750,26,69
264776,-21.90768051147461,21.91092300415039,9.111124038696289,-9.143708229064941,8055.4697265625,258.66961669921875,1.9303334951400757,7.1304802894592285,0.0,-0.102783203125,0.06103515625,1.067138671875,-1.496183156967163,-7.251908302307129,-0.4351145029067993,0.05341627076268196,2245,0,98,1188,15,3071,100750,26,66
264794,-20.515838623046875,20.522966384887695,6.005815505981445,-6.117737293243408,8055.2314453125,258.06219482421875,1.9488589763641357,7.123730182647705,0.0,-0.094482421875,0.03466796875,1.076171875,-1.6793893575668335,-9.351144790649414,-1.2061069011688232,0.05341627076268196,2245,0,98,1188,15,3071,100750,27,69
264812,-20.934524536132812,20.930219650268555,5.709717273712158,-5.797792911529541,8055.43359375,259.05853271484375,1.9530906677246094,7.120760917663574,0.0,-0.087158203125,0.041259765625,1.09619140625,-1.427480936050415,-11.045801162719727,-1.2824426889419556,0.05341627076268196,2245,0,98,1188,15,3071,100750,26,66
264833,-20.8494930267334,20.84709930419922,5.050971031188965,-5.112406253814697,8055.28369140625,258.4898681640625,1.9243448972702026,7.149351119995117,0.0,-0.09521484375,0.032470703125,1.084716796875,0.4198473393917084,-14.068702697753906,-2.70992374420166,0.05341627076268196,2245,0,98,1188,16,3071,100750,26,69
264853,-20.827116012573242,20.823652267456055,3.7315824031829834,-3.778519630432129,8054.7490234375,259.139892578125,1.9002132415771484,7.310441017150879,0.0,-0.13427734375,0.019775390625,1.0693359375,1.2900763750076294,-15.007633209228516,-3.2671756744384766,0.05341627076268196,2245,0,99,1188,16,3071,100749,26,66
264872,-20.436933517456055,20.437780380249023,2.424619197845459,-2.49111270904541,8055.3369140625,259.1842956542969,1.9413747787475586,7.516324996948242,0.0,-0.15966796875,0.05126953125,1.0302734375,1.3206106424331665,-15.625954627990723,-4.213740348815918,0.054199881851673126,2245,0,99,1187,16,3071,100749,26,69
264892,-20.81402587890625,20.81881332397461,1.2926769256591797,-1.412887692451477,8054.7529296875,259.503662109375,1.9332867860794067,7.931774139404297,0.0,-0.19921875,0.0302734375,1.011962890625,0.12977099418640137,-14.702290534973145,-2.8320610523223877,0.054199881851673126,2245,0,99,1187,17,3071,100749,26,66
264912,-20.850122451782227,20.859743118286133,0.6877708435058594,-0.8435753583908081,8054.95458984375,259.5221252441406,1.9519331455230713,8.333256721496582,0.0,-0.19580078125,0.031005859375,1.01220703125,-1.2748091220855713,-14.190839767456055,-1.7175573110580444,0.054199881851673126,2245,0,99,1187,16,3071,100749,26,69
264932,-20.551197052001953,20.555557250976562,0.12484234571456909,-0.28168004751205444,8055.2470703125,259.7785949707031,1.9912388324737549,8.727967262268066,0.0,-0.220458984375,0.0205078125,1.021240234375,-1.7786259651184082,-13.931297302246094,-1.7404580116271973,0.054199881851673126,2245,0,99,1188,16,3071,100749,27,66
264952,-20.61050796508789,20.616159439086914,-0.2271144986152649,0.06676790118217468,8054.78271484375,259.7902526855469,2.061680793762207,9.123886108398438,0.0,-0.219970703125,0.02685546875,1.01904296875,-0.7099236845970154,-12.725191116333008,-1.8625954389572144,0.054199881851673126,2245,0,99,1188,16,3071,100749,27,69
264972,-20.225248336791992,20.22840690612793,-0.32225415110588074,0.1739036589860916,8054.96875,259.85687255859375,2.030811071395874,9.46604061126709,0.0,-0.20361328125,0.0458984375,1.02685546875,0.022900763899087906,-10.984732627868652,-2.0229008197784424,0.054199881851673126,2245,0,99,1188,17,3071,100749,27,66
264992,-20.686290740966797,20.68861961364746,-0.32091760635375977,0.1676735132932663,8054.8818359375,259.8277587890625,2.0158190727233887,9.716451644897461,0.0,-0.19580078125,0.05029296875,1.0380859375,-0.25954198837280273,-10.526717185974121,-2.4885497093200684,0.054199881851673126,2245,0,99,1188,16,3071,100749,26,68
265015,-20.919397354125977,20.923952102661133,-0.4713362157344818,0.3234502077102661,8054.79052734375,259.96783447265625,2.0522899627685547,10.009804725646973,0.0,-0.180419921875,0.057373046875,1.02490234375,-0.20610687136650085,-12.465648651123047,-1.7480915784835815,0.054199881851673126,2245,0,99,1187,17,3071,100749,26,66
265032,-20.711149215698242,20.71605110168457,-1.1072849035263062,0.9996819496154785,8054.9267578125,260.61053466796875,2.136221170425415,10.109365463256836,0.0,-0.189697265625,0.067626953125,1.052490234375,0.12977099418640137,-11.816793441772461,-1.9923664331436157,0.054199881851673126,2245,0,99,1187,17,3071,100749,27,69
265053,-20.367746353149414,20.372241973876953,-1.4178576469421387,1.280564785003662,8054.67724609375,260.86566162109375,2.1810452938079834,10.220380783081055,0.0,-0.1845703125,0.044921875,1.043701171875,0.9236640930175781,-10.595419883728027,-1.7557251453399658,0.054199881851673126,2245,0,99,1187,17,3071,100749,27,66
265075,-20.471025466918945,20.47947883605957,-1.5505988597869873,1.4066094160079956,8055.0986328125,260.90472412109375,2.1802737712860107,10.18618106842041,0.0,-0.138916015625,0.010986328125,1.11669921875,0.5877862572669983,-11.038167953491211,-1.2137404680252075,0.060905247926712036,2245,0,99,1188,17,3071,100749,26,68
265092,-20.454166412353516,20.461332321166992,-1.6228119134902954,1.5088474750518799,8054.8271484375,261.040283203125,2.223464012145996,10.059520721435547,0.0,-0.08447265625,0.092529296875,1.067626953125,-0.40458014607429504,-13.977099418640137,-3.8091602325439453,0.060905247926712036,2245,0,99,1188,17,3071,100749,26,66
265115,-20.78896141052246,20.77964973449707,-2.4287142753601074,2.3678228855133057,8054.4404296875,260.6216735839844,1.736458420753479,10.304045677185059,0.0,-0.12890625,-0.047119140625,1.072021484375,-0.5496183037757874,-19.312976837158203,-2.534351110458374,0.060905247926712036,2245,0,99,1188,18,3071,100749,26,68
265132,-20.115461349487305,20.11334991455078,-3.8386340141296387,3.824573040008545,8054.7470703125,260.65228271484375,1.6544185876846313,10.513585090637207,0.0,-0.197265625,0.01513671875,1.086669921875,-1.427480936050415,-22.213741302490234,-2.4885497093200684,0.060905247926712036,2245,0,99,1188,18,3071,100749,26,66
265155,-17.375497817993164,17.393550872802734,-4.627781391143799,4.610478401184082,8054.65234375,261.2136535644531,1.845268964767456,10.909028053283691,0.0,-0.20947265625,0.043701171875,1.033447265625,-0.6793892979621887,-23.030534744262695,-3.778625965118408,0.060905247926712036,2245,0,99,1187,18,3071,100749,26,69
265172,-20.12845230102539,20.142704010009766,-6.300694465637207,6.273848533630371,8054.1962890625,260.93658447265625,1.8675785064697266,11.300599098205566,0.0,-0.275390625,0.050048828125,1.0322265625,-0.732824444770813,-21.732824325561523,-3.29007625579834,0.060905247926712036,2245,0,99,1187,18,3071,100749,26,66
265195,-22.03609848022461,22.041139602661133,-7.031564712524414,6.981055736541748,8054.3310546875,261.36602783203125,1.855249047279358,12.140922546386719,0.0,-0.290283203125,0.03125,0.968994140625,-1.0305343866348267,-21.67938995361328,-1.7633588314056396,0.060905247926712036,2245,0,99,1187,19,3071,100749,26,69
265212,-21.5700740814209,21.578182220458984,-8.934578895568848,8.851410865783691,8054.5400390625,261.49908447265625,1.8941900730133057,12.696935653686523,0.0,-0.35302734375,0.036376953125,0.959716796875,-1.572519063949585,-19.725191116333008,-2.679389238357544,0.060905247926712036,2245,0,99,1187,19,3071,100749,26,66
265235,-21.556381225585938,21.568801879882812,-9.54077434539795,9.410292625427246,8054.56103515625,262.35150146484375,2.0236222743988037,13.697081565856934,0.0,-0.369384765625,0.0341796875,0.9619140625,-2.496183156967163,-13.824427604675293,-1.6488549709320068,0.060905247926712036,2245,0,99,1187,18,3071,100749,26,69
265253,-21.378131866455078,21.389652252197266,-8.478815078735352,8.275141716003418,8055.1640625,261.9958190917969,2.0569710731506348,14.190801620483398,0.0,-0.376708984375,0.031005859375,0.957275390625,-2.7709922790527344,-11.358778953552246,-0.6259542107582092,0.060905247926712036,2245,0,99,1187,18,3071,100749,27,66
265272,-20.446428298950195,20.45167350769043,-7.196600914001465,7.0317606925964355,8053.75244140625,262.5118713378906,2.1283342838287354,14.665739059448242,0.0,-0.396484375,0.043701171875,0.947509765625,-1.1526718139648438,-9.442748069763184,-2.213740348815918,0.07513824105262756,2245,0,99,1187,18,3071,100749,27,69
265295,-21.866477966308594,21.879430770874023,-6.197961807250977,6.02538537979126,8053.69384765625,262.7086181640625,2.226318359375,15.542826652526855,0.0,-0.398681640625,0.020751953125,0.926513671875,0.8015267252922058,-1.1679389476776123,-2.5496182441711426,0.07513824105262756,2245,0,99,1186,18,3071,100749,26,71
265312,-17.078283309936523,17.134765625,-1.9994621276855469,1.787003993988037,8054.7099609375,262.8588562011719,2.229057550430298,15.931692123413086,0.0,-0.4072265625,0.0283203125,0.913818359375,0.30534350872039795,2.251908302307129,-2.9007632732391357,0.07513824105262756,2245,0,99,1186,18,3071,100749,26,69
265335,-22.924245834350586,23.000991821289062,-0.4597160816192627,0.2433609962463379,8054.10693359375,262.8028564453125,2.195366859436035,16.539731979370117,0.0,-0.3994140625,0.036865234375,0.9326171875,0.221374049782753,7.328244209289551,-2.923664093017578,0.07513824105262756,2245,0,99,1185,18,3071,100749,26,72
265352,-21.66710662841797,21.68754005432129,0.2536395788192749,-0.5435806512832642,8054.8388671875,262.9098205566406,2.2552013397216797,16.739185333251953,0.0,-0.39404296875,0.064208984375,0.937744140625,0.6106870174407959,9.503816604614258,-2.9160306453704834,0.07513824105262756,2245,0,99,1185,18,3071,100749,26,70
265375,-23.4014949798584,23.416805267333984,2.8589072227478027,-3.06992244720459,8055.12890625,263.00262451171875,2.310666799545288,16.86829376220703,0.0,-0.372314453125,0.033935546875,0.95458984375,2.679389238357544,16.190839767456055,-3.3435113430023193,0.07513824105262756,2245,0,99,1185,16,3071,100749,26,67
265392,-23.283313751220703,23.286270141601562,8.52734088897705,-8.8879976272583,8055.19384765625,263.28436279296875,2.3367795944213867,16.857580184936523,0.0,-0.347900390625,0.047119140625,0.92919921875,2.29007625579834,18.45801544189453,-3.572519063949585,0.07513824105262756,2245,0,99,1185,16,3071,100749,27,70
265412,-22.75220489501953,22.750295639038086,9.348292350769043,-9.630685806274414,8055.12646484375,262.4518127441406,2.2727785110473633,16.771963119506836,0.0,-0.336669921875,0.03271484375,0.951904296875,0.015267175622284412,21.030534744262695,-2.1526718139648438,0.07513824105262756,2245,0,99,1186,16,3071,100749,27,67
265432,-21.890748977661133,21.90325164794922,10.180758476257324,-10.422776222229004,8054.97119140625,263.03155517578125,2.3099844455718994,16.541555404663086,0.0,-0.31787109375,0.0517578125,0.99072265625,0.5038167834281921,22.335878372192383,-1.6564885377883911,0.07513824105262756,2245,0,99,1185,16,3071,100749,26,70
265453,-23.145217895507812,22.624542236328125,11.629064559936523,-11.861571311950684,8054.8896484375,262.7386474609375,2.2670235633850098,16.174026489257812,0.0,-0.28271484375,-0.013427734375,0.98291015625,1.7557251453399658,26.305343627929688,-1.5267175436019897,0.07513824105262756,2245,0,99,1185,17,3071,100749,27,67
265475,-23.451736450195312,22.67662239074707,13.6397705078125,-13.8152437210083,8055.859375,262.3970947265625,2.1570205688476562,15.728718757629395,0.0,-0.274658203125,0.011474609375,0.986572265625,2.7251908779144287,29.725191116333008,-3.1984732151031494,0.08469000458717346,2245,0,99,1186,16,3071,100749,27,69
265492,-23.04375457763672,22.983366012573242,16.0075740814209,-16.154064178466797,8056.3701171875,261.93890380859375,2.2475616931915283,15.29013442993164,0.0,-0.208740234375,0.10498046875,1.015380859375,1.9923664331436157,29.572519302368164,-3.427480936050415,0.08469000458717346,2245,0,99,1186,16,3071,100749,26,67
265515,-21.763195037841797,21.76389503479004,16.37287139892578,-16.423606872558594,8055.8623046875,261.8359375,2.2136547565460205,14.324104309082031,0.0,-0.178955078125,0.03662109375,1.044189453125,1.9236640930175781,28.786258697509766,-2.4732823371887207,0.08469000458717346,2245,0,99,1186,16,3071,100749,26,69
265532,-20.58420181274414,20.588911056518555,13.811930656433105,-13.840849876403809,8055.9970703125,261.595458984375,2.2418713569641113,13.808588981628418,0.0,-0.162353515625,0.046142578125,1.046875,1.2977099418640137,28.068702697753906,-1.6793893575668335,0.08469000458717346,2245,0,99,1186,16,3071,100749,26,69
265555,-21.52234649658203,21.532678604125977,15.499215126037598,-15.554698944091797,8055.24853515625,260.907470703125,2.1955063343048096,12.759547233581543,0.0,-0.128173828125,0.03173828125,1.064208984375,0.7786259651184082,26.51908302307129,-1.9389313459396362,0.08469000458717346,2245,0,99,1187,16,3071,100749,26,72
265572,-15.18921947479248,15.128745079040527,10.15161418914795,-10.286922454833984,8055.32568359375,260.7069396972656,2.182105302810669,12.19239330291748,0.0,-0.108642578125,0.0390625,1.086669921875,1.2442748546600342,25.549617767333984,-1.7251908779144287,0.08469000458717346,2245,0,99,1187,16,3071,100749,26,69
265594,-22.548479080200195,22.488006591796875,17.50834846496582,-17.643646240234375,8055.3876953125,260.7069396972656,2.130922794342041,11.174517631530762,0.0,-0.10009765625,0.01318359375,1.0751953125,2.221374034881592,21.572519302368164,-2.4885497093200684,0.08469000458717346,2245,0,99,1186,16,3071,100749,26,66
265612,-23.407638549804688,23.40314483642578,20.79966926574707,-20.804311752319336,8054.61572265625,260.0768737792969,2.0690295696258545,10.674610137939453,0.0,-0.0830078125,-0.0146484375,1.080078125,2.748091697692871,20.030534744262695,-3.1908397674560547,0.08469000458717346,2245,0,99,1186,16,3071,100749,26,69
265633,-21.788314819335938,21.792879104614258,17.097286224365234,-17.128686904907227,8055.29541015625,259.83294677734375,1.9551104307174683,9.944723129272461,0.0,-0.10693359375,-0.047119140625,1.095458984375,2.1297709941864014,18.465648651123047,-3.564885377883911,0.08469000458717346,2245,0,99,1187,16,3071,100749,27,67
265655,-21.041589736938477,20.92930030822754,13.545917510986328,-13.603118896484375,8055.11083984375,259.45062255859375,1.854180932044983,9.273752212524414,0.0,-0.057861328125,-0.00244140625,1.11376953125,0.40458014607429504,14.61832046508789,-0.8931297659873962,0.06859374046325684,2245,0,99,1185,16,3071,100749,27,70
265672,-23.23898696899414,23.222593307495117,16.95467758178711,-16.966585159301758,8055.3271484375,258.90277099609375,1.8868502378463745,8.872403144836426,0.0,-0.0595703125,0.064208984375,1.100830078125,-0.5343511700630188,11.687023162841797,-1.9541984796524048,0.06859374046325684,2245,0,99,1185,16,3071,100749,27,72
265692,-21.89891242980957,21.88900375366211,17.540767669677734,-17.484567642211914,8055.36474609375,258.8167419433594,1.871682047843933,8.310126304626465,0.0,-0.040771484375,0.07421875,1.109130859375,-0.022900763899087906,9.137404441833496,-2.213740348815918,0.06859374046325684,2245,0,99,1185,17,3071,100749,27,70
265712,-22.68681526184082,22.67218780517578,18.293197631835938,-18.206798553466797,8055.36474609375,258.0767822265625,1.8450562953948975,7.7894086837768555,0.0,-0.05908203125,0.024169921875,1.099609375,0.5343511700630188,6.312977313995361,-2.0839693546295166,0.06859374046325684,2245,0,99,1184,17,3071,100749,26,73
265735,-21.50314712524414,21.494338989257812,16.292749404907227,-16.19276237487793,8055.0517578125,258.15386962890625,1.7479640245437622,7.3023481369018555,0.0,-0.054443359375,0.006591796875,1.0986328125,0.2748091518878937,1.5267175436019897,-2.0534350872039795,0.06859374046325684,2245,0,99,1185,16,3071,100749,26,70
265752,-20.185321807861328,20.12629508972168,11.100960731506348,-11.04691219329834,8055.54541015625,257.5333557128906,1.708206295967102,7.120898246765137,0.0,-0.065673828125,0.032958984375,1.092529296875,-0.6412213444709778,-0.015267175622284412,-1.9923664331436157,0.06859374046325684,2245,0,99,1185,16,3071,100749,26,68
265776,-20.90023422241211,20.89784049987793,12.246940612792969,-12.231618881225586,8055.83740234375,257.626953125,1.7226144075393677,7.056633472442627,0.0,-0.0732421875,0.039306640625,1.082275390625,-0.9236640930175781,-2.923664093017578,-1.8702290058135986,0.06859374046325684,2245,0,99,1185,16,3071,100749,26,65
265794,-22.361053466796875,22.322402954101562,9.8943510055542,-9.860533714294434,8055.31494140625,257.4236755371094,1.7166497707366943,7.014654636383057,0.0,-0.109619140625,0.009033203125,1.072021484375,-0.17557251453399658,-5.389312744140625,-2.1908397674560547,0.06859374046325684,2245,0,99,1185,16,3071,100749,26,67
265812,-22.101749420166016,22.083106994628906,13.50636100769043,-13.3128080368042,8055.6396484375,258.0195617675781,1.7575232982635498,7.00222635269165,0.0,-0.1064453125,0.065185546875,1.0634765625,0.015267175622284412,-5.938931465148926,-2.007633686065674,0.06859374046325684,2245,0,99,1185,16,3071,100749,27,70
265833,-21.88770294189453,21.877872467041016,14.079699516296387,-13.890020370483398,8055.50390625,257.377685546875,1.747603416442871,7.078752040863037,0.0,-0.13525390625,0.0244140625,1.049072265625,0.15267175436019897,-6.717557430267334,-3.4122138023376465,0.06859374046325684,2245,0,99,1185,16,3071,100749,27,67
265853,-22.11116600036621,22.10164451599121,11.917441368103027,-11.922281265258789,8054.91259765625,257.8705139160156,1.7128431797027588,7.202460289001465,0.0,-0.164306640625,0.034423828125,1.041015625,0.37404578924179077,-6.641221523284912,-2.5190839767456055,0.05671058967709541,2245,0,99,1186,16,3071,100749,26,70
265872,-23.136096954345703,22.74800682067871,12.741862297058105,-12.665144920349121,8054.20068359375,257.806884765625,1.7351710796356201,7.4162983894348145,0.0,-0.165771484375,0.06591796875,1.022216796875,-0.3358778655529022,-6.816793918609619,-2.251908302307129,0.05671058967709541,2245,0,99,1186,16,3071,100749,26,67
265895,-22.642669677734375,22.565937042236328,13.21550464630127,-13.052814483642578,8054.69140625,258.43609619140625,1.8464395999908447,7.778507709503174,0.0,-0.1923828125,0.066650390625,1.009521484375,-0.21374045312404633,-5.343511581420898,-2.496183156967163,0.05671058967709541,2245,0,99,1187,15,3071,100749,26,70
265912,-22.650514602661133,22.640968322753906,13.300862312316895,-13.172576904296875,8054.6796875,258.113525390625,1.8882290124893188,7.965897083282471,0.0,-0.200439453125,0.05126953125,1.00732421875,0.7022900581359863,-3.6946563720703125,-2.786259651184082,0.05671058967709541,2245,0,99,1187,15,3071,100749,27,67
265932,-22.5108642578125,22.508766174316406,12.90156364440918,-12.878450393676758,8055.26318359375,258.7741394042969,1.8252090215682983,8.216962814331055,0.0,-0.201904296875,0.01904296875,0.99951171875,0.7480915784835815,-0.4656488597393036,-3.3816792964935303,0.05671058967709541,2245,0,99,1187,15,3071,100749,27,70
265955,-22.63889503479004,22.63736915588379,13.570253372192383,-13.5868558883667,8055.0458984375,258.36199951171875,1.7801294326782227,8.398320198059082,0.0,-0.18408203125,0.042724609375,1.015380859375,0.022900763899087906,2.106870174407959,-3.8778626918792725,0.05671058967709541,2245,0,99,1187,15,3071,100749,26,67
265972,-22.477277755737305,22.475130081176758,14.037908554077148,-14.060775756835938,8054.4873046875,258.6402587890625,1.809159755706787,8.431288719177246,0.0,-0.174560546875,0.050048828125,1.03076171875,-0.10687022656202316,2.748091697692871,-3.923664093017578,0.05671058967709541,2245,0,99,1187,15,3071,100749,26,70
265995,-22.598386764526367,22.596515655517578,14.378594398498535,-14.405001640319824,8054.64453125,258.1374816894531,1.890263557434082,8.454048156738281,0.0,-0.170166015625,0.05322265625,1.034912109375,1.5114504098892212,3.824427366256714,-4.229007720947266,0.05671058967709541,2245,0,99,1188,16,3071,100749,26,67
266012,-22.448942184448242,22.44753074645996,14.328202247619629,-14.363789558410645,8054.57666015625,259.0110778808594,1.9033416509628296,8.451009750366211,0.0,-0.164794921875,0.045166015625,1.03173828125,1.7251908779144287,4.053435325622559,-4.3053436279296875,0.05671058967709541,2245,0,99,1188,16,3071,100749,26,70
266033,-22.617774963378906,22.615921020507812,14.769927978515625,-14.808514595031738,8053.8671875,258.24835205078125,1.8824419975280762,8.41553783416748,0.0,-0.16064453125,0.0322265625,1.022216796875,1.3816794157028198,4.5190839767456055,-4.114503860473633,0.05671058967709541,2245,0,99,1188,16,3071,100749,27,67
266052,-22.46034049987793,22.459260940551758,14.845666885375977,-14.882136344909668,8054.7041015625,258.42730712890625,1.886570692062378,8.380038261413574,0.0,-0.156494140625,0.0302734375,1.03564453125,0.48091602325439453,5.129770755767822,-3.671755790710449,0.053627148270606995,2245,0,99,1188,15,3071,100749,27,70
266072,-22.612396240234375,22.610445022583008,15.16658878326416,-15.20512580871582,8055.1357421875,258.2108154296875,1.8937695026397705,8.254669189453125,0.0,-0.136474609375,0.044921875,1.052001953125,0.39694657921791077,5.015267372131348,-3.4809160232543945,0.053627148270606995,2245,0,99,1188,16,3071,100749,27,67
266092,-22.46599578857422,22.463680267333984,15.098760604858398,-15.12557601928711,8054.4453125,258.4225158691406,1.9396862983703613,8.096440315246582,0.0,-0.12841796875,0.047119140625,1.069580078125,1.2519084215164185,4.251908302307129,-3.6335878372192383,0.053627148270606995,2245,0,99,1189,16,3071,100749,26,70
266112,-22.636316299438477,22.63381576538086,15.1091947555542,-15.13327407836914,8054.265625,258.3172302246094,1.9220227003097534,7.9389214515686035,0.0,-0.126708984375,0.033203125,1.056640625,1.6183205842971802,3.580152750015259,-3.748091697692871,0.053627148270606995,2245,0,99,1188,16,3071,100749,26,67
266134,-22.461732864379883,22.458953857421875,14.920001983642578,-14.943248748779297,8053.6064453125,258.3172302246094,1.8795830011367798,7.743564128875732,0.0,-0.11376953125,0.03466796875,1.054443359375,0.2748091518878937,2.7404580116271973,-2.85496187210083,0.053627148270606995,2245,0,99,1188,16,3071,100749,26,70
266152,-22.574861526489258,22.57183265686035,14.846389770507812,-14.863932609558105,8053.39453125,257.99835205078125,1.8886516094207764,7.669653415679932,0.0,-0.12451171875,0.0361328125,1.058837890625,-0.7099236845970154,2.2595419883728027,-2.137404680252075,0.053627148270606995,2245,0,99,1188,16,3071,100749,26,67
266175,-22.35447883605957,22.34929084777832,14.351778030395508,-14.355009078979492,8053.0107421875,258.5104675292969,1.9658607244491577,7.492983818054199,0.0,-0.110107421875,0.041259765625,1.075927734375,-0.48091602325439453,0.442748099565506,-1.229007601737976,0.053627148270606995,2245,0,99,1188,16,3071,100749,26,70
266192,-22.553054809570312,22.548654556274414,13.825037956237793,-13.793862342834473,8053.2998046875,258.3066101074219,1.9503930807113647,7.4076714515686035,0.0,-0.10693359375,0.025390625,1.07080078125,-0.038167938590049744,-0.25954198837280273,-1.7633588314056396,0.053627148270606995,2245,0,99,1188,16,3071,100749,26,67
266212,-22.340078353881836,22.335840225219727,13.704252243041992,-13.689030647277832,8053.3623046875,257.847412109375,1.9055349826812744,7.27256965637207,0.0,-0.097900390625,0.017578125,1.075927734375,0.19083969295024872,-0.6793892979621887,-2.4503817558288574,0.053627148270606995,2245,0,99,1189,15,3071,100749,27,70
266233,-22.465707778930664,22.461095809936523,12.969386100769043,-12.966165542602539,8053.37353515625,258.3782043457031,1.9616854190826416,7.142477989196777,0.0,-0.09228515625,0.05419921875,1.082275390625,0.030534351244568825,-2.29007625579834,-2.1603052616119385,0.053627148270606995,2245,0,99,1189,16,3071,100749,26,67
266252,-22.187606811523438,22.181636810302734,12.331360816955566,-12.31153392791748,8052.2451171875,257.514404296875,1.9339895248413086,7.000796318054199,0.0,-0.0712890625,0.01318359375,1.089111328125,-1.3206106424331665,-4.648854732513428,-1.961832046508789,0.05032968148589134,2245,0,99,1189,16,3071,100749,26,70
266272,-22.391084671020508,22.38389015197754,10.828749656677246,-10.790955543518066,8052.359375,257.9249267578125,2.0413918495178223,6.899617671966553,0.0,-0.073486328125,0.063232421875,1.111083984375,-1.85496187210083,-7.404580116271973,-1.412213683128357,0.05032968148589134,2245,0,99,1188,16,3071,100749,27,67
266292,-22.155780792236328,22.146087646484375,10.121567726135254,-10.052887916564941,8052.58740234375,258.2992248535156,2.369561195373535,6.510918617248535,0.0,-0.017333984375,0.065673828125,1.082763671875,0.48091602325439453,-12.702290534973145,-2.5496182441711426,0.05032968148589134,2245,0,99,1189,16,3071,100749,27,70
266312,-22.42595100402832,22.422178268432617,6.637396812438965,-6.531806468963623,8052.5673828125,258.4034118652344,2.147517204284668,6.674829959869385,0.0,-0.126708984375,-0.007080078125,1.140869140625,0.580152690410614,-11.70992374420166,-0.40458014607429504,0.05032968148589134,2245,0,99,1188,16,3071,100749,26,67
266332,-22.154436111450195,22.14915657043457,6.897589206695557,-6.865262031555176,8052.8642578125,258.1747131347656,2.1063003540039062,6.689790725708008,0.0,-0.09814453125,0.0234375,1.034912109375,-0.22900763154029846,-15.77862548828125,-4.1984734535217285,0.05032968148589134,2245,0,99,1188,17,3071,100749,26,70
266355,-22.35995864868164,22.352636337280273,3.626056671142578,-3.6313657760620117,8053.3759765625,258.3699035644531,1.9662950038909912,7.00568151473999,0.0,-0.087158203125,0.002685546875,1.0615234375,-0.9694656729698181,-18.4427490234375,-0.5572519302368164,0.05032968148589134,2246,0,99,1188,16,3071,100749,27,67
266372,-22.077228546142578,22.07462501525879,2.2999982833862305,-2.264233112335205,8054.1826171875,258.375244140625,2.062903642654419,7.173093318939209,0.0,-0.134033203125,0.073486328125,1.047119140625,-0.8931297659873962,-18.267175674438477,-2.534351110458374,0.05032968148589134,2245,0,99,1188,16,3071,100749,27,70
266395,-22.338985443115234,22.337247848510742,0.37823963165283203,-0.46585893630981445,8054.56884765625,258.787353515625,2.065058946609497,7.854111671447754,0.0,-0.20654296875,0.04248046875,1.017578125,-0.022900763899087906,-18.0992374420166,-2.3816792964935303,0.05032968148589134,2245,0,99,1187,17,3071,100749,27,67
266412,-22.095922470092773,22.097841262817383,-0.49759799242019653,0.3829202651977539,8054.56494140625,259.5724792480469,2.128326654434204,8.259146690368652,0.0,-0.230224609375,0.061767578125,0.992431640625,0.7175572514533997,-16.58015251159668,-2.5496182441711426,0.05032968148589134,2245,0,98,1187,17,3071,100750,27,69
266433,-22.32041358947754,22.324392318725586,-1.0273056030273438,0.8547080755233765,8055.21630859375,260.08465576171875,2.1264405250549316,8.82434368133545,0.0,-0.228271484375,0.0068359375,0.976318359375,-1.389312982559204,-13.58015251159668,-1.7022900581359863,0.05032968148589134,2245,0,98,1187,16,3071,100750,27,66
266452,-22.193519592285156,22.196691513061523,-0.6962292194366455,0.4969748258590698,8055.6015625,259.6369934082031,2.18518328666687,9.215702056884766,0.0,-0.253662109375,0.0693359375,0.987060546875,-1.8091603517532349,-11.824427604675293,-2.2290077209472656,0.053817976266145706,2245,0,99,1188,16,3071,100749,27,69
266472,-22.470075607299805,22.472135543823242,-0.30456170439720154,0.11032408475875854,8056.4716796875,260.0347900390625,2.235945224761963,9.726362228393555,0.0,-0.2548828125,0.066162109375,1.010009765625,-1.877862572669983,-10.305343627929688,-1.3511450290679932,0.053817976266145706,2245,0,99,1188,15,3071,100749,27,66
266495,-21.749025344848633,21.75235366821289,0.009869962930679321,-0.18273302912712097,8056.2587890625,260.1404113769531,2.177032470703125,10.39221477508545,0.0,-0.27392578125,0.009521484375,0.985595703125,1.3129770755767822,-7.129770755767822,-3.106870174407959,0.053817976266145706,2245,0,98,1188,15,3071,100750,26,69
266512,-21.064672470092773,21.07512664794922,-0.003681471571326256,-0.19413302838802338,8055.984375,260.7206726074219,2.1468286514282227,10.68198299407959,0.0,-0.275146484375,0.052001953125,0.968505859375,2.213740348815918,-4.259541988372803,-4.526717662811279,0.053817976266145706,2245,0,98,1188,15,3071,100750,26,66
266535,-22.14190673828125,22.155319213867188,1.4826467037200928,-1.7560828924179077,8055.62646484375,260.61297607421875,2.123823642730713,11.17794132232666,0.0,-0.2763671875,0.02490234375,0.95654296875,2.580152750015259,1.412213683128357,-3.564885377883911,0.053817976266145706,2245,0,99,1188,16,3071,100749,27,69
266552,-21.881860733032227,21.902048110961914,4.123964309692383,-4.459725856781006,8055.3115234375,261.0345153808594,2.0944933891296387,11.362730026245117,0.0,-0.2646484375,0.031982421875,0.97412109375,1.2519084215164185,2.244274854660034,-3.251908302307129,0.053817976266145706,2245,0,99,1188,16,3071,100749,26,66
266575,-22.34845542907715,22.335142135620117,4.916612148284912,-5.221119403839111,8054.76708984375,260.6451416015625,2.252126693725586,11.31619930267334,0.0,-0.203125,0.072021484375,1.06396484375,1.2213740348815918,3.7404580116271973,-3.3053436279296875,0.053817976266145706,2245,0,99,1187,17,3071,100749,26,69
266592,-21.940048217773438,21.944133758544922,6.575319766998291,-6.846615314483643,8054.76708984375,260.62274169921875,2.280604362487793,11.175680160522461,0.0,-0.171142578125,0.054931640625,1.07373046875,2.5267176628112793,3.9847328662872314,-2.9770991802215576,0.053817976266145706,2245,0,99,1187,17,3071,100749,27,66
266615,-22.587432861328125,22.482608795166016,6.440384864807129,-6.694518089294434,8054.75537109375,259.9609375,2.0717391967773438,10.698007583618164,0.0,-0.099853515625,0.003662109375,1.080078125,1.801526665687561,1.8473281860351562,-2.70992374420166,0.053817976266145706,2245,0,99,1187,17,3071,100749,27,69
266634,-21.9320011138916,21.924592971801758,6.991171360015869,-7.17566442489624,8054.5908203125,260.2490234375,2.095412492752075,10.452409744262695,0.0,-0.1005859375,0.065673828125,1.125,0.5114504098892212,-2.2366411685943604,-2.610687017440796,0.060104578733444214,2245,0,99,1187,17,3071,100749,27,66
266652,-22.52066421508789,22.475675582885742,5.301133632659912,-5.460206985473633,8054.8623046875,260.5080871582031,2.0946884155273438,10.206851959228516,0.0,-0.070556640625,0.0380859375,1.125732421875,-0.4198473393917084,-6.679389476776123,-1.0687023401260376,0.060104578733444214,2245,0,99,1187,17,3071,100749,27,69
266674,-21.856067657470703,21.846214294433594,4.5076775550842285,-4.56595516204834,8054.2236328125,260.5080871582031,2.080307722091675,9.793912887573242,0.0,-0.0791015625,0.039306640625,1.105224609375,0.7557252049446106,-12.557251930236816,-2.8778626918792725,0.060104578733444214,2245,0,99,1186,19,3071,100749,26,66
266692,-22.594694137573242,22.583505630493164,1.593851089477539,-1.6831302642822266,8054.43359375,260.21795654296875,2.010301113128662,9.700478553771973,0.0,-0.107666015625,0.014404296875,1.101318359375,1.3358778953552246,-14.312976837158203,-3.29007625579834,0.060104578733444214,2245,0,99,1186,19,3071,100749,27,68
266712,-21.989295959472656,21.987287521362305,0.23157429695129395,-0.39600253105163574,8055.09521484375,260.15753173828125,1.8746371269226074,9.688006401062012,0.0,-0.12646484375,0.013916015625,1.085205078125,1.1755725145339966,-16.908397674560547,-3.8015267848968506,0.060104578733444214,2245,0,99,1186,19,3071,100749,27,66
266732,-22.574037551879883,22.537986755371094,-1.9239187240600586,1.7378995418548584,8055.8759765625,260.55731201171875,1.9500175714492798,9.83228874206543,0.0,-0.15966796875,0.030029296875,1.071533203125,-0.015267175622284412,-19.190839767456055,-3.7328243255615234,0.060104578733444214,2245,0,99,1186,18,3071,100749,26,68
266755,-21.92315101623535,21.917619705200195,-3.570521116256714,3.408034324645996,8056.6103515625,260.6761169433594,1.8864108324050903,10.234994888305664,0.0,-0.182861328125,0.009765625,1.024658203125,-0.8778625726699829,-22.0992374420166,-2.282442808151245,0.060104578733444214,2245,0,99,1185,18,3071,100749,26,66
266776,-22.431577682495117,22.379194259643555,-5.01420259475708,4.864343643188477,8057.08740234375,260.6761169433594,1.9711285829544067,10.381611824035645,0.0,-0.218505859375,0.09033203125,1.028076171875,-1.9083969593048096,-21.992366790771484,-3.396946668624878,0.060104578733444214,2245,0,99,1185,18,3071,100749,27,68
266794,-21.744213104248047,21.74417495727539,-6.427000045776367,6.227447986602783,8056.99072265625,260.5044250488281,1.934022307395935,10.81348991394043,0.0,-0.281005859375,0.02587890625,0.9873046875,-0.7709923386573792,-21.076335906982422,-3.0,0.060104578733444214,2245,0,99,1186,18,3071,100749,27,66
266812,-22.455829620361328,22.44758415222168,-6.584608554840088,6.366575241088867,8057.4404296875,261.1866455078125,1.9236860275268555,11.286161422729492,0.0,-0.29736328125,0.030517578125,0.9638671875,-1.0916030406951904,-19.549617767333984,-2.2595419883728027,0.060104578733444214,2245,0,99,1186,18,3071,100749,27,68
266833,-21.763774871826172,21.761260986328125,-6.8868021965026855,6.670238971710205,8057.6689453125,261.7328796386719,1.9688143730163574,12.142600059509277,0.0,-0.35986328125,0.046142578125,0.936767578125,-0.8625954389572144,-15.916030883789062,-3.4503817558288574,0.060104578733444214,2245,0,99,1186,18,3071,100749,27,66
266852,-22.358182907104492,22.336973190307617,-5.8979997634887695,5.649991035461426,8057.29150390625,261.9673767089844,1.9966915845870972,12.741109848022461,0.0,-0.384765625,0.038330078125,0.934814453125,-0.8931297659873962,-11.427480697631836,-3.3358778953552246,0.06768614798784256,2245,0,99,1186,18,3071,100749,27,68
266875,-21.720447540283203,21.724536895751953,-4.704122543334961,4.3957295417785645,8057.13134765625,262.2332763671875,2.1515822410583496,13.752752304077148,0.0,-0.385009765625,0.04833984375,0.931884765625,-0.28244274854660034,-5.015267372131348,-2.5496182441711426,0.06768614798784256,2246,0,99,1186,17,3071,100749,26,66
266892,-22.650346755981445,22.72004508972168,-2.8928451538085938,2.5569660663604736,8057.0234375,262.3465576171875,2.211242437362671,14.217153549194336,0.0,-0.41015625,0.05615234375,0.948486328125,0.3206106722354889,-2.358778715133667,-2.778625965118408,0.06768614798784256,2246,0,99,1186,17,3071,100749,26,68
266915,-22.091262817382812,22.093372344970703,-0.9227392673492432,0.594681978225708,8056.41796875,262.5523681640625,2.222116231918335,14.977865219116211,0.0,-0.39501953125,0.0400390625,0.923828125,1.4427480697631836,2.893129825592041,-3.2595419883728027,0.06768614798784256,2245,0,99,1186,18,3071,100749,27,65
266932,-22.921342849731445,22.9493465423584,1.0791585445404053,-1.424389123916626,8055.8701171875,262.73828125,2.230787515640259,15.305702209472656,0.0,-0.398193359375,0.052978515625,0.91943359375,1.572519063949585,6.396946430206299,-3.0458016395568848,0.06768614798784256,2245,0,99,1186,18,3071,100749,27,68
266952,-22.465938568115234,22.469451904296875,3.9411141872406006,-4.269276142120361,8055.984375,262.39208984375,2.2252204418182373,15.703179359436035,0.0,-0.403076171875,0.027099609375,0.924072265625,1.1908396482467651,11.70992374420166,-2.5267176628112793,0.06768614798784256,2245,0,99,1186,18,3071,100749,27,65
266972,-23.16278839111328,23.15767478942871,5.914836883544922,-6.2450408935546875,8055.7451171875,262.7486572265625,2.1995224952697754,15.93163013458252,0.0,-0.37109375,0.02001953125,0.9326171875,1.3511450290679932,16.076335906982422,-1.9847328662872314,0.06768614798784256,2245,0,99,1186,17,3071,100749,27,68
266995,-22.92117691040039,22.924470901489258,9.450651168823242,-9.734617233276367,8055.3486328125,262.33428955078125,2.185021162033081,15.930407524108887,0.0,-0.331787109375,0.041748046875,0.962646484375,3.007633686065674,21.847328186035156,-3.5267176628112793,0.06768614798784256,2245,0,99,1186,17,3071,100749,27,65
267012,-23.30792999267578,23.27267074584961,11.9146089553833,-12.184269905090332,8055.36962890625,262.55517578125,2.1944494247436523,15.818217277526855,0.0,-0.30224609375,0.03466796875,0.96044921875,2.4809160232543945,25.335878372192383,-2.6183207035064697,0.06768614798784256,2245,0,99,1186,17,3071,100749,27,68
267033,-22.864151000976562,22.86098861694336,14.586861610412598,-14.76021957397461,8054.29443359375,262.39996337890625,2.1199440956115723,15.43052864074707,0.0,-0.255615234375,-0.014404296875,0.9716796875,1.4198473691940308,27.893129348754883,-2.114503860473633,0.06768614798784256,2245,0,99,1186,17,3071,100749,27,65
267055,-23.36556625366211,23.359891891479492,16.02120590209961,-16.185836791992188,8054.61962890625,262.4100036621094,2.2335562705993652,14.829937934875488,0.0,-0.22119140625,0.0810546875,1.061767578125,0.7862595319747925,29.053434371948242,-3.4732823371887207,0.07921990752220154,2245,0,99,1186,16,3071,100748,27,68
267072,-23.08821678161621,23.08967399597168,17.866044998168945,-17.977073669433594,8054.0400390625,261.9259948730469,2.2565953731536865,14.354135513305664,0.0,-0.197509765625,0.025146484375,1.081787109375,1.732824444770813,28.81679344177246,-1.961832046508789,0.07921990752220154,2245,0,99,1186,16,3071,100748,27,65
267095,-23.41275405883789,23.401283264160156,19.048559188842773,-19.08843994140625,8054.1494140625,261.3382873535156,2.1557118892669678,13.099006652832031,0.0,-0.091552734375,0.022705078125,1.090576171875,2.7328243255615234,26.587785720825195,-4.29007625579834,0.07921990752220154,2245,0,99,1186,16,3071,100749,26,68
267112,-23.267873764038086,23.26694107055664,19.391796112060547,-19.42845344543457,8054.5634765625,261.09490966796875,2.1270105838775635,12.50762939453125,0.0,-0.10302734375,0.0673828125,1.103271484375,1.4351145029067993,24.59541893005371,-4.85496187210083,0.07921990752220154,2245,0,99,1186,16,3071,100749,26,65
267135,-23.50101661682129,23.49419593811035,19.824268341064453,-19.838546752929688,8054.8896484375,260.4956359863281,1.980960726737976,11.384085655212402,0.0,-0.084228515625,0.023193359375,1.12548828125,1.6412214040756226,19.412214279174805,-2.7938930988311768,0.07921990752220154,2245,0,99,1187,14,3071,100749,27,68
267152,-23.105836868286133,23.098196029663086,19.184829711914062,-19.188243865966797,8054.07568359375,260.2858581542969,1.9871716499328613,10.82772445678711,0.0,-0.05078125,0.0390625,1.106201171875,1.3511450290679932,15.4503812789917,-2.068702220916748,0.07921990752220154,2246,0,99,1187,14,3071,100749,27,65
267172,-23.384090423583984,23.382261276245117,18.953598022460938,-18.9681339263916,8053.73828125,259.51312255859375,1.9969677925109863,10.06033992767334,0.0,-0.03515625,0.044189453125,1.141357421875,0.2442748099565506,10.877862930297852,-1.7251908779144287,0.07921990752220154,2245,0,99,1188,14,3071,100749,27,68
267192,-23.0103759765625,23.006175994873047,18.522119522094727,-18.505552291870117,8053.84228515625,259.5199890136719,1.9655418395996094,9.373589515686035,0.0,-0.027099609375,0.03173828125,1.163330078125,0.3435114622116089,6.076335906982422,-0.9465649127960205,0.07921990752220154,2245,0,99,1188,15,3071,100748,27,65
267213,-23.207353591918945,23.19023895263672,17.384769439697266,-17.369468688964844,8053.32958984375,259.390869140625,1.916213035583496,8.75280475616455,0.0,-0.016357421875,0.033935546875,1.146240234375,-0.030534351244568825,0.23664122819900513,-1.9465649127960205,0.07921990752220154,2245,0,99,1189,14,3071,100748,27,68
267232,-22.85303497314453,22.84247589111328,15.773728370666504,-15.666491508483887,8054.09130859375,259.02166748046875,1.8897299766540527,8.48631763458252,0.0,-0.04638671875,0.014404296875,1.129638671875,-0.2977099120616913,-4.870229244232178,-2.183206081390381,0.06411292403936386,2245,0,99,1189,14,3071,100749,27,70
267252,-23.040775299072266,23.027992248535156,14.783333778381348,-14.665305137634277,8054.39697265625,258.74884033203125,1.9077144861221313,8.215109825134277,0.0,-0.06201171875,0.0322265625,1.1201171875,-0.4122137427330017,-8.503816604614258,-2.076335906982422,0.06411292403936386,2245,0,99,1189,13,3071,100749,27,67
267272,-22.871347427368164,22.858976364135742,12.477604866027832,-12.315142631530762,8055.1279296875,258.94256591796875,1.942809820175171,8.119787216186523,0.0,-0.0908203125,0.039306640625,1.105224609375,-0.442748099565506,-11.641221046447754,-2.3740458488464355,0.06411292403936386,2245,0,99,1189,13,3071,100749,27,70
267292,-22.99925422668457,22.99016761779785,12.086283683776855,-11.843914031982422,8054.93505859375,259.31622314453125,1.995977759361267,8.156515121459961,0.0,-0.113037109375,0.056640625,1.077880859375,-0.732824444770813,-14.61832046508789,-2.3358778953552246,0.06411292403936386,2245,0,99,1189,14,3071,100749,27,67
267312,-22.841590881347656,22.832195281982422,9.673954010009766,-9.423588752746582,8054.9248046875,259.602783203125,2.00053071975708,8.298090934753418,0.0,-0.143798828125,0.03955078125,1.064453125,-1.4045801162719727,-16.48091697692871,-1.961832046508789,0.06411292403936386,2245,0,99,1189,14,3071,100749,26,70
267332,-22.888946533203125,22.882123947143555,7.989751815795898,-7.76964807510376,8055.30859375,259.34136962890625,2.053222417831421,8.554316520690918,0.0,-0.172119140625,0.020263671875,1.06201171875,-1.4503816366195679,-18.312976837158203,-1.8320610523223877,0.06411292403936386,2244,0,99,1189,14,3071,100749,27,67
267353,-22.777101516723633,22.771717071533203,5.8333964347839355,-5.676107883453369,8055.1376953125,259.76885986328125,2.1095051765441895,8.952780723571777,0.0,-0.203369140625,0.026611328125,1.033203125,-0.6717557311058044,-18.870229721069336,-1.9465649127960205,0.06411292403936386,2245,0,99,1188,15,3071,100749,27,70
267375,-22.897974014282227,22.893842697143555,4.2294602394104,-4.130796432495117,8055.2607421875,260.2186584472656,2.1730167865753174,9.64394474029541,0.0,-0.245361328125,0.0419921875,1.00830078125,-1.2900763750076294,-17.931297302246094,-1.7480915784835815,0.06411292403936386,2245,0,99,1188,15,3071,100748,27,67
267392,-22.760393142700195,22.757871627807617,3.1692492961883545,-3.127624273300171,8055.09130859375,260.51422119140625,2.1969525814056396,10.077619552612305,0.0,-0.267578125,0.041259765625,0.9873046875,-2.1908397674560547,-17.35877799987793,-1.4045801162719727,0.06411292403936386,2245,0,99,1188,15,3071,100748,27,70
267413,-22.897724151611328,22.895906448364258,2.178719997406006,-2.1950325965881348,8055.35009765625,260.87432861328125,2.2345404624938965,10.705284118652344,0.0,-0.287109375,0.04150390625,0.980712890625,-2.1603052616119385,-15.404580116271973,-0.8091602921485901,0.06411292403936386,2245,0,99,1189,15,3071,100748,26,67
267432,-22.787519454956055,22.78844451904297,2.0370261669158936,-2.0950419902801514,8055.1943359375,261.208984375,2.257197856903076,11.083709716796875,0.0,-0.29833984375,0.021240234375,0.984130859375,-0.1450381726026535,-12.167939186096191,-2.641221284866333,0.05933920294046402,2245,0,99,1188,15,3071,100748,26,70
267452,-22.951534271240234,22.95340919494629,2.4032578468322754,-2.541797399520874,8054.78662109375,260.9570007324219,2.2615883350372314,11.647425651550293,0.0,-0.302490234375,0.0361328125,0.98486328125,1.7022900581359863,-7.938931465148926,-3.541984796524048,0.05933920294046402,2245,0,99,1188,16,3071,100748,27,67
267472,-22.902362823486328,22.903949737548828,3.4279189109802246,-3.630017042160034,8053.83447265625,261.8207702636719,2.2061424255371094,12.130820274353027,0.0,-0.292236328125,0.03857421875,0.95751953125,2.6946563720703125,-5.641221523284912,-3.9083969593048096,0.05933920294046402,2245,0,99,1188,16,3071,100749,27,70
267495,-22.987966537475586,22.98966407775879,4.337117671966553,-4.54772424697876,8053.95947265625,261.25091552734375,2.107412099838257,12.552456855773926,0.0,-0.260986328125,0.041259765625,0.978759765625,1.6564885377883911,-2.4427480697631836,-3.885496139526367,0.05933920294046402,2245,0,99,1188,16,3071,100749,27,67
267512,-22.93234634399414,22.933889389038086,5.482851028442383,-5.69645881652832,8053.83740234375,261.40533447265625,2.0796988010406494,12.678413391113281,0.0,-0.263671875,0.030029296875,0.994384765625,1.7862595319747925,-0.6793892979621887,-4.015267372131348,0.05933920294046402,2245,0,99,1188,16,3071,100748,27,70
267535,-22.983755111694336,22.985639572143555,6.485274314880371,-6.692726135253906,8054.03759765625,261.4278869628906,2.067037582397461,12.891778945922852,0.0,-0.268798828125,0.0361328125,0.98828125,1.0534350872039795,2.1221373081207275,-3.7251908779144287,0.05933920294046402,2245,0,99,1188,16,3071,100748,27,67
267552,-22.935867309570312,22.936567306518555,7.510561943054199,-7.706031322479248,8054.48291015625,261.4852294921875,2.1128110885620117,12.927356719970703,0.0,-0.25048828125,0.05908203125,1.033447265625,0.4198473393917084,3.0,-3.1679389476776123,0.05933920294046402,2245,0,99,1188,16,3071,100748,27,70
267572,-22.977052688598633,22.976490020751953,8.413043975830078,-8.56435775756836,8054.43896484375,261.552001953125,2.224907159805298,12.806946754455566,0.0,-0.204345703125,0.080322265625,1.077392578125,-0.05343511328101158,3.29007625579834,-2.389312982559204,0.05933920294046402,2245,0,99,1188,16,3071,100748,27,67
267595,-22.93192481994629,22.928354263305664,8.747479438781738,-8.819581985473633,8054.76806640625,261.6898193359375,2.221298933029175,12.444764137268066,0.0,-0.14599609375,0.026123046875,1.0888671875,0.7404580116271973,-0.2748091518878937,-1.694656491279602,0.05933920294046402,2245,0,99,1187,17,3071,100748,27,70
267613,-23.072067260742188,23.069183349609375,8.474874496459961,-8.429373741149902,8054.6376953125,261.15936279296875,2.1654906272888184,12.188824653625488,0.0,-0.128173828125,0.014404296875,1.104248046875,0.4351145029067993,-2.4427480697631836,-2.3053436279296875,0.05933920294046402,2245,0,99,1187,17,3071,100748,27,67
267632,-23.10799217224121,23.105512619018555,8.139772415161133,-8.105912208557129,8054.53125,261.50299072265625,2.1450774669647217,11.99413013458252,0.0,-0.136474609375,0.00537109375,1.099365234375,0.23664122819900513,-5.343511581420898,-2.2977099418640137,0.06600857526063919,2245,0,99,1188,16,3071,100748,27,70
267652,-22.152597427368164,22.14961051940918,6.7503180503845215,-6.724833965301514,8054.6259765625,261.01123046875,2.0551035404205322,11.824398040771484,0.0,-0.14453125,0.015625,1.08544921875,0.7175572514533997,-8.564885139465332,-2.6870229244232178,0.06600857526063919,2245,0,99,1188,17,3071,100748,26,68
267675,-20.29543685913086,20.29828453063965,1.8498005867004395,-1.9448280334472656,8054.94140625,260.9794616699219,2.17463755607605,11.786752700805664,0.0,-0.181396484375,0.072265625,1.076904296875,-0.5114504098892212,-12.541984558105469,-1.9923664331436157,0.06600857526063919,2245,0,99,1188,16,3071,100748,26,68
267692,-22.44527816772461,22.442049026489258,1.6198790073394775,-1.7142657041549683,8055.05224609375,261.4529113769531,2.1908669471740723,11.795923233032227,0.0,-0.167236328125,0.033447265625,1.07421875,-1.2519084215164185,-14.145038604736328,-0.5190839767456055,0.06600857526063919,2245,0,99,1188,16,3071,100748,27,71
267715,-22.653011322021484,22.619525909423828,1.0366771221160889,-0.980278491973877,8055.4951171875,261.3153076171875,2.176743268966675,11.84228229522705,0.0,-0.179931640625,0.040771484375,1.0693359375,-1.1832060813903809,-16.18320655822754,-2.1679389476776123,0.06600857526063919,2245,0,99,1188,16,3071,100748,27,74
267732,-23.205278396606445,23.120986938476562,-0.7979624271392822,0.849921464920044,8055.53515625,261.5731506347656,2.1480391025543213,11.981080055236816,0.0,-0.216552734375,0.014404296875,1.0517578125,-0.6412213444709778,-17.3435115814209,-2.9160306453704834,0.06600857526063919,2246,0,99,1188,16,3071,100748,27,71
267752,-23.319442749023438,23.319581985473633,-1.3222858905792236,1.3133759498596191,8055.87890625,261.6017761230469,2.1862246990203857,12.289756774902344,0.0,-0.227294921875,0.063720703125,1.05078125,-0.06106870248913765,-19.0,-2.541984796524048,0.06600857526063919,2245,0,99,1187,16,3071,100748,27,68
267776,-23.412979125976562,23.488849639892578,-2.8718605041503906,2.854898691177368,8057.00244140625,261.8231201171875,2.1526122093200684,12.442078590393066,0.0,-0.267822265625,0.009521484375,1.00634765625,-0.7022900581359863,-18.74045753479004,-3.1984732151031494,0.06600857526063919,2245,0,99,1187,17,3071,100748,27,71
267794,-23.016550064086914,23.004634857177734,-3.5284526348114014,3.4207019805908203,8057.11572265625,261.4363098144531,2.088127851486206,12.84919261932373,0.0,-0.314208984375,0.007080078125,0.97509765625,-1.160305380821228,-17.030534744262695,-1.8320610523223877,0.06600857526063919,2245,0,99,1187,16,3071,100748,27,68
267813,-22.314298629760742,22.31566619873047,-3.5403640270233154,3.394716739654541,8057.9443359375,261.8915710449219,2.134427309036255,13.277966499328613,0.0,-0.33154296875,0.00244140625,0.960205078125,-1.4045801162719727,-15.885496139526367,-0.9083969593048096,0.06600857526063919,2245,0,99,1187,16,3071,100748,27,71
267832,-22.935766220092773,23.278522491455078,-3.212705135345459,3.065194606781006,8058.0283203125,262.1278991699219,2.183713436126709,13.77083683013916,0.0,-0.380126953125,0.06396484375,0.94677734375,-1.5648854970932007,-13.244275093078613,-2.0610687732696533,0.07622401416301727,2245,0,99,1187,16,3071,100748,27,68
267852,-22.70827865600586,22.70184898376465,-2.6630778312683105,2.5015506744384766,8058.34228515625,262.6909484863281,2.243947982788086,14.459978103637695,0.0,-0.380859375,0.036865234375,0.957763671875,-1.2824426889419556,-9.885496139526367,-1.6183205842971802,0.07622401416301727,2245,0,99,1187,16,3071,100748,27,66
267872,-23.602291107177734,24.84136390686035,-1.6975442171096802,1.519802451133728,8059.2119140625,262.640380859375,2.275306463241577,15.099599838256836,0.0,-0.384521484375,0.062744140625,0.943359375,0.4122137427330017,-5.954198360443115,-2.603053331375122,0.07622401416301727,2245,0,99,1187,17,3071,100748,27,68
267895,-24.026872634887695,24.854658126831055,-0.45786404609680176,0.20838534832000732,8058.8505859375,262.8696594238281,2.276066780090332,15.855658531188965,0.0,-0.40087890625,0.0419921875,0.943115234375,2.038167953491211,-0.2671755850315094,-3.435114622116089,0.07622401416301727,2245,0,99,1187,17,3071,100748,27,66
267912,-23.08696937561035,23.047624588012695,0.9173147678375244,-1.1958364248275757,8059.0009765625,262.648681640625,2.257739543914795,16.190696716308594,0.0,-0.399658203125,0.036865234375,0.92236328125,2.183206081390381,2.8702290058135986,-3.351145029067993,0.07622401416301727,2245,0,99,1187,17,3071,100748,26,68
267935,-22.68410873413086,22.6909122467041,3.466364860534668,-3.730452537536621,8058.5634765625,263.0690612792969,2.166743278503418,16.742910385131836,0.0,-0.4033203125,0.04931640625,0.933349609375,1.3358778953552246,8.48854923248291,-3.580152750015259,0.07622401416301727,2245,0,99,1187,17,3071,100748,26,66
267952,-23.63679313659668,24.108060836791992,5.1849684715271,-5.459017753601074,8057.78369140625,262.6962585449219,2.2458224296569824,16.907041549682617,0.0,-0.390380859375,0.051025390625,0.934326171875,0.847328245639801,11.656488418579102,-2.70992374420166,0.07622401416301727,2245,0,99,1187,17,3071,100748,26,68
267975,-22.95343780517578,22.95914649963379,8.430927276611328,-8.63260269165039,8056.8056640625,263.1755676269531,2.2767832279205322,17.056318283081055,0.0,-0.364013671875,0.033935546875,0.959716796875,1.2748091220855713,15.641221046447754,-1.9541984796524048,0.07622401416301727,2245,0,99,1187,17,3071,100748,26,66
267992,-23.51041603088379,23.476940155029297,9.830291748046875,-10.033604621887207,8056.31494140625,263.0593566894531,2.2946910858154297,17.006778717041016,0.0,-0.34619140625,0.02294921875,0.961181640625,1.3129770755767822,17.43511390686035,-2.1526718139648438,0.07622401416301727,2245,0,99,1187,17,3071,100748,26,68
268013,-23.058198928833008,23.060440063476562,12.360638618469238,-12.485298156738281,8055.69287109375,263.3034973144531,2.3128695487976074,16.82718849182129,0.0,-0.30712890625,0.041259765625,0.97412109375,2.244274854660034,20.114503860473633,-2.6946563720703125,0.07622401416301727,2245,0,99,1187,16,3072,100748,26,65
268035,-23.531503677368164,23.50005340576172,13.332178115844727,-13.480390548706055,8055.63818359375,262.77264404296875,2.1800456047058105,16.496932983398438,0.0,-0.284423828125,0.004638671875,0.984375,2.328244209289551,22.732824325561523,-1.9007633924484253,0.08825357258319855,2245,0,99,1186,17,3072,100748,26,68
268052,-23.19744873046875,23.19898223876953,15.349035263061523,-15.457884788513184,8055.4892578125,262.6132507324219,2.173992872238159,16.216917037963867,0.0,-0.27880859375,0.024658203125,0.990966796875,1.6259541511535645,23.305343627929688,-2.7404580116271973,0.08825357258319855,2245,0,99,1186,17,3072,100748,27,65
268075,-23.557493209838867,23.54802131652832,16.55866813659668,-16.663801193237305,8055.14990234375,262.3924255371094,2.19000506401062,15.56680679321289,0.0,-0.228271484375,0.075927734375,1.035400390625,0.7786259651184082,23.282442092895508,-2.14503812789917,0.08825357258319855,2245,0,99,1186,17,3072,100748,27,68
268092,-23.290830612182617,23.290998458862305,17.732059478759766,-17.79979705810547,8055.53271484375,262.5074462890625,2.201105833053589,15.135796546936035,0.0,-0.189453125,0.03271484375,1.0439453125,1.305343508720398,23.267175674438477,-1.6488549709320068,0.08825357258319855,2245,0,99,1186,17,3072,100748,27,65
268115,-23.543310165405273,23.541152954101562,18.568145751953125,-18.6090145111084,8054.55224609375,261.738037109375,2.153519868850708,14.168335914611816,0.0,-0.153076171875,0.0341796875,1.06787109375,1.9160305261611938,22.5572509765625,-3.1908397674560547,0.08825357258319855,2245,0,99,1187,17,3072,100749,27,68
268132,-23.372802734375,23.372167587280273,18.81146240234375,-18.84185218811035,8054.78271484375,261.8971252441406,2.10052227973938,13.649392127990723,0.0,-0.138671875,0.013916015625,1.091064453125,2.9160306453704834,20.885496139526367,-3.1679389476776123,0.08825357258319855,2245,0,99,1187,17,3072,100749,27,65
268152,-23.663040161132812,23.660383224487305,19.533681869506836,-19.540023803710938,8054.89990234375,261.4361267089844,2.030010223388672,12.860106468200684,0.0,-0.11865234375,-0.0009765625,1.102783203125,2.717557191848755,17.61832046508789,-4.404580116271973,0.08825357258319855,2245,0,99,1186,18,3072,100749,27,68
268175,-23.243059158325195,23.238996505737305,18.95882225036621,-18.956100463867188,8055.51318359375,261.5936279296875,1.973934292793274,11.928929328918457,0.0,-0.10498046875,0.034912109375,1.088134765625,1.9160305261611938,13.885496139526367,-4.4809160232543945,0.08825357258319855,2245,0,99,1187,18,3072,100749,27,65
268193,-23.441469192504883,23.4444580078125,18.4835262298584,-18.517610549926758,8055.64697265625,260.6671142578125,1.939570426940918,11.508654594421387,0.0,-0.1015625,0.039794921875,1.1015625,0.9770992398262024,11.030534744262695,-3.6870229244232178,0.08825357258319855,2245,0,99,1187,18,3072,100749,27,68
268213,-23.302513122558594,23.299318313598633,18.914405822753906,-18.901866912841797,8056.1875,260.4228515625,1.9671052694320679,10.920709609985352,0.0,-0.09375,0.03125,1.120361328125,-0.442748099565506,7.618320465087891,-2.6564886569976807,0.08825357258319855,2245,0,99,1187,18,3072,100749,27,71
268232,-22.499502182006836,22.47865867614746,16.761428833007812,-16.741167068481445,8055.796875,260.42108154296875,2.0045807361602783,10.591227531433105,0.0,-0.090087890625,0.04931640625,1.140380859375,-0.48091602325439453,2.4122138023376465,-1.6412214040756226,0.07340145111083984,2245,0,99,1187,18,3072,100749,26,69
268254,-21.778045654296875,21.631328582763672,9.592472076416016,-9.66674518585205,8055.55712890625,260.42108154296875,1.9436569213867188,10.008999824523926,0.0,-0.074951171875,0.0126953125,1.12841796875,0.6717557311058044,-4.137404441833496,-1.839694619178772,0.07340145111083984,2245,0,99,1188,17,3072,100749,27,66
268272,-22.36418342590332,22.351242065429688,12.849445343017578,-12.83146858215332,8055.0087890625,260.06060791015625,1.8939716815948486,9.760481834411621,0.0,-0.0693359375,0.018310546875,1.1083984375,0.49618321657180786,-6.396946430206299,-3.1679389476776123,0.07340145111083984,2245,0,99,1188,17,3072,100749,27,69
268295,-21.867050170898438,21.981277465820312,5.773479461669922,-5.814558029174805,8055.20068359375,260.0368347167969,1.9548795223236084,9.549078941345215,0.0,-0.111083984375,0.041015625,1.1064453125,0.30534350872039795,-10.954198837280273,-2.7328243255615234,0.07340145111083984,2245,0,99,1187,17,3072,100749,27,68
268312,-23.486740112304688,23.406930923461914,7.179619789123535,-7.1421098709106445,8055.68603515625,260.2081298828125,1.9472360610961914,9.52751350402832,0.0,-0.1171875,0.048828125,1.1025390625,-0.12977099418640137,-13.80152702331543,-1.85496187210083,0.07340145111083984,2246,0,99,1187,17,3072,100749,27,71
268335,-23.073766708374023,23.059680938720703,8.665202140808105,-8.455439567565918,8055.22900390625,259.777099609375,1.9646060466766357,9.640652656555176,0.0,-0.146484375,0.024169921875,1.0693359375,-2.396946668624878,-17.106870651245117,-1.3206106424331665,0.07340145111083984,2245,0,99,1187,17,3072,100749,26,68
268352,-22.548622131347656,22.535486221313477,7.412693500518799,-7.035337924957275,8055.26171875,260.3819580078125,1.9420900344848633,9.808579444885254,0.0,-0.1865234375,-0.0087890625,1.0595703125,-2.0916030406951904,-17.9007625579834,-1.610687017440796,0.07340145111083984,2245,0,99,1187,17,3072,100749,26,71
268375,-22.943145751953125,22.938703536987305,4.156096935272217,-4.037166118621826,8054.48681640625,260.4832458496094,2.131993293762207,10.250672340393066,0.0,-0.174560546875,0.096435546875,1.0537109375,-1.229007601737976,-19.030534744262695,-2.2748091220855713,0.07340145111083984,2245,0,99,1186,18,3072,100749,27,68
268392,-22.515066146850586,22.51261329650879,4.000294208526611,-3.9242382049560547,8055.10693359375,261.31268310546875,2.196937322616577,10.522143363952637,0.0,-0.205078125,0.093994140625,1.038330078125,-1.9160305261611938,-19.25954246520996,-1.572519063949585,0.07340145111083984,2245,0,99,1186,18,3072,100749,27,68
268413,-23.120607376098633,23.87299919128418,1.3200600147247314,-1.3536043167114258,8054.96337890625,261.4450378417969,2.3042893409729004,10.901626586914062,0.0,-0.221923828125,0.03759765625,1.023193359375,-0.9770992398262024,-19.702289581298828,-2.038167953491211,0.07340145111083984,2245,0,99,1186,18,3072,100749,27,68
268432,-21.3182373046875,21.216876983642578,0.40472280979156494,-0.4382535219192505,8055.4619140625,261.6529541015625,2.2906527519226074,11.239130973815918,0.0,-0.2646484375,0.02734375,1.013916015625,-1.2442748546600342,-19.725191116333008,-2.137404680252075,0.06384067982435226,2245,0,99,1187,17,3072,100749,26,71
268452,-23.464881896972656,23.204309463500977,-0.4139978289604187,0.3731755018234253,8055.8837890625,261.2159423828125,2.2765092849731445,11.825712203979492,0.0,-0.275146484375,0.0302734375,1.002197265625,-1.3816794157028198,-19.45801544189453,-1.5190839767456055,0.06384067982435226,2245,0,99,1186,17,3072,100749,26,68
268475,-22.861906051635742,22.866714477539062,-0.30048510432243347,0.34991464018821716,8055.67333984375,261.92877197265625,2.328789234161377,12.65830135345459,0.0,-0.3212890625,0.029541015625,0.974365234375,-0.022900763899087906,-17.40458106994629,-2.2671756744384766,0.06384067982435226,2245,0,99,1185,18,3072,100749,27,71
268492,-22.628787994384766,22.605966567993164,-1.018811821937561,0.9896944761276245,8055.2373046875,261.4993591308594,2.331261157989502,13.089248657226562,0.0,-0.327392578125,0.09033203125,0.9658203125,0.442748099565506,-15.877862930297852,-3.6641221046447754,0.06384067982435226,2245,0,99,1185,18,3072,100749,27,68
268512,-21.820545196533203,21.828128814697266,-1.1999695301055908,1.0619546175003052,8056.1748046875,262.03253173828125,2.2940597534179688,13.74629020690918,0.0,-0.366455078125,0.046142578125,0.959716796875,0.6259542107582092,-12.534351348876953,-3.824427366256714,0.06384067982435226,2245,0,99,1186,18,3072,100749,26,69
268532,-22.92087173461914,22.219736099243164,-0.9612637162208557,0.779789924621582,8056.3212890625,261.77532958984375,2.1745259761810303,14.40174674987793,0.0,-0.35498046875,0.0322265625,0.94189453125,1.8473281860351562,-8.755724906921387,-3.4809160232543945,0.06384067982435226,2245,0,99,1187,18,3072,100749,26,66
268555,-23.608810424804688,23.611568450927734,0.5770303606987,-0.8049166202545166,8056.0263671875,262.495361328125,2.05667781829834,15.218692779541016,0.0,-0.38134765625,0.029296875,0.9296875,1.2595419883728027,-3.3358778953552246,-4.503816604614258,0.06384067982435226,2245,0,99,1188,17,3072,100749,27,69
268572,-23.480594635009766,23.53987693786621,2.628624200820923,-2.936185598373413,8056.46484375,262.0558776855469,2.0870261192321777,15.560145378112793,0.0,-0.3837890625,0.03369140625,0.931884765625,1.1832060813903809,0.22900763154029846,-4.679389476776123,0.06384067982435226,2245,0,99,1188,17,3072,100749,27,66
268595,-22.99163055419922,22.988265991210938,3.7963907718658447,-4.1416215896606445,8056.39990234375,262.743408203125,2.1721863746643066,16.170045852661133,0.0,-0.39990234375,0.06005859375,0.9287109375,1.4732824563980103,6.358778476715088,-4.770992279052734,0.06384067982435226,2246,0,99,1188,17,3072,100749,27,69
268613,-22.43514060974121,22.4451904296875,5.814138412475586,-6.16234016418457,8056.01318359375,262.4728088378906,2.2228281497955322,16.393638610839844,0.0,-0.38671875,0.055419921875,0.93994140625,1.0152671337127686,9.068702697753906,-4.114503860473633,0.06384067982435226,2245,0,99,1188,17,3072,100749,27,66
268632,-23.213977813720703,23.211708068847656,7.419747829437256,-7.72245454788208,8056.7802734375,262.6063537597656,2.2857003211975098,16.517641067504883,0.0,-0.367431640625,0.068115234375,0.962890625,1.534351110458374,12.427480697631836,-3.885496139526367,0.07683509588241577,2245,0,99,1188,17,3072,100749,27,69
268652,-22.860692977905273,22.862808227539062,10.150787353515625,-10.358563423156738,8056.3310546875,262.58306884765625,2.3512887954711914,16.557226181030273,0.0,-0.33837890625,0.0478515625,0.96826171875,1.2977099418640137,15.458015441894531,-2.70992374420166,0.07683509588241577,2245,0,99,1188,17,3072,100749,27,66
268672,-23.36313247680664,23.361238479614258,11.050756454467773,-11.257051467895508,8056.7998046875,263.03460693359375,2.3733413219451904,16.429107666015625,0.0,-0.31494140625,0.049560546875,0.972900390625,1.0,17.717557907104492,-2.2366411685943604,0.07683509588241577,2245,0,99,1188,16,3072,100749,27,69
268695,-22.77561378479004,22.775571823120117,12.654825210571289,-12.788097381591797,8057.01318359375,262.98834228515625,2.411653757095337,16.017040252685547,0.0,-0.284912109375,0.01611328125,1.013916015625,0.7022900581359863,19.106870651245117,-1.038167953491211,0.07683509588241577,2245,0,99,1188,16,3072,100749,27,66
268712,-23.617338180541992,23.6173152923584,14.695773124694824,-14.83234977722168,8056.06396484375,262.7923583984375,2.3588788509368896,15.713665008544922,0.0,-0.240234375,0.036376953125,1.034423828125,1.3206106424331665,19.374046325683594,-2.3129770755767822,0.07683509588241577,2245,0,99,1188,16,3072,100749,27,68
268732,-23.08213233947754,23.082061767578125,15.52371597290039,-15.59674072265625,8056.34228515625,262.139892578125,2.2497496604919434,15.249496459960938,0.0,-0.22802734375,0.03076171875,1.043212890625,1.694656491279602,19.267175674438477,-2.503816843032837,0.07683509588241577,2246,0,99,1187,16,3072,100749,27,66
268755,-23.398527145385742,23.3365421295166,15.95113468170166,-16.057390213012695,8056.9521484375,261.95489501953125,2.1336684226989746,14.536176681518555,0.0,-0.2001953125,0.02734375,1.053955078125,2.419847249984741,18.610687255859375,-3.244274854660034,0.07683509588241577,2245,0,99,1187,16,3072,100749,27,68
268777,-23.333904266357422,23.332571029663086,17.020341873168945,-17.080944061279297,8056.5634765625,262.155029296875,2.1227059364318848,14.32125473022461,0.0,-0.1650390625,0.036376953125,1.058349609375,1.8473281860351562,17.488550186157227,-2.4809160232543945,0.07683509588241577,2245,0,99,1187,16,3072,100749,27,66
268793,-22.724294662475586,22.625120162963867,16.593339920043945,-16.62993621826172,8056.50244140625,261.6549987792969,2.095160484313965,14.104626655578613,0.0,-0.15283203125,0.019775390625,1.064453125,0.9236640930175781,15.48854923248291,-2.824427366256714,0.07683509588241577,2245,0,99,1188,16,3072,100749,26,68
268815,-22.05573081970215,22.012971878051758,10.772557258605957,-10.87590503692627,8056.3212890625,261.6639099121094,2.0338644981384277,13.41836929321289,0.0,-0.114013671875,0.00537109375,1.096435546875,0.40458014607429504,11.374045372009277,-1.389312982559204,0.07549284398555756,2245,0,99,1187,16,3072,100749,26,66
268832,-22.364267349243164,22.36414909362793,14.5613431930542,-14.593047142028809,8055.6923828125,261.12908935546875,1.9793658256530762,12.964221954345703,0.0,-0.112548828125,0.019775390625,1.113037109375,0.6564885377883911,9.480916023254395,-2.1297709941864014,0.07549284398555756,2245,0,99,1187,16,3072,100749,27,69
268855,-23.57856559753418,24.826772689819336,8.6715669631958,-8.761914253234863,8055.38134765625,260.90399169921875,1.9872725009918213,12.128643035888672,0.0,-0.1015625,0.04150390625,1.118408203125,0.6793892979621887,4.320610523223877,-2.328244209289551,0.07549284398555756,2245,0,99,1187,17,3072,100749,27,66
268872,-22.56424903869629,22.625553131103516,13.71822452545166,-13.599724769592285,8055.0361328125,260.6585693359375,1.9916788339614868,11.777716636657715,0.0,-0.0947265625,0.052001953125,1.120361328125,0.3435114622116089,1.5801526308059692,-2.221374034881592,0.07549284398555756,2245,0,99,1187,17,3072,100749,27,69
268895,-22.66057014465332,22.648937225341797,7.993682384490967,-8.016621589660645,8055.3564453125,260.82208251953125,1.9938974380493164,11.164702415466309,0.0,-0.090576171875,0.025634765625,1.126220703125,-0.442748099565506,-4.954198360443115,-1.6335878372192383,0.07549284398555756,2245,0,98,1188,17,3072,100750,27,66
268912,-23.868505477905273,23.86104965209961,11.922541618347168,-11.793368339538574,8055.58203125,260.88116455078125,1.9740830659866333,10.936089515686035,0.0,-0.094970703125,0.021484375,1.11328125,-0.6335877776145935,-7.458015441894531,-1.6030534505844116,0.07549284398555756,2245,0,98,1188,17,3072,100750,27,69
268935,-23.27096176147461,23.262117385864258,12.6450777053833,-12.3878755569458,8054.86962890625,260.27081298828125,1.9669826030731201,10.667983055114746,0.0,-0.11279296875,0.036865234375,1.110595703125,-0.694656491279602,-12.5496187210083,-1.9007633924484253,0.07549284398555756,2245,0,98,1187,16,3072,100750,27,66
268952,-23.234182357788086,23.226947784423828,9.163671493530273,-8.977157592773438,8054.64208984375,260.35528564453125,1.9842596054077148,10.60054874420166,0.0,-0.127685546875,0.04296875,1.08837890625,-0.5572519302368164,-14.251908302307129,-2.114503860473633,0.07549284398555756,2245,0,98,1187,16,3072,100750,27,69
268975,-22.702438354492188,22.700223922729492,7.546359062194824,-7.482508182525635,8055.1328125,260.5828857421875,2.037977933883667,10.681529998779297,0.0,-0.14599609375,0.048583984375,1.080810546875,-0.5190839767456055,-17.297710418701172,-1.7251908779144287,0.07549284398555756,2245,0,98,1187,17,3072,100750,26,66
268993,-23.152647018432617,23.148561477661133,4.207971572875977,-4.2078938484191895,8055.4677734375,260.63201904296875,1.9837749004364014,10.805312156677246,0.0,-0.1767578125,-0.0078125,1.058349609375,-1.0687023401260376,-18.16030502319336,-1.198473334312439,0.07549284398555756,2245,0,98,1187,17,3072,100750,26,68
269012,-22.310998916625977,22.30533218383789,3.295369863510132,-3.258589267730713,8055.44775390625,261.39361572265625,1.9992111921310425,10.989194869995117,0.0,-0.2109375,0.02587890625,1.039794921875,-1.2137404680252075,-20.427480697631836,-2.076335906982422,0.06671196967363358,2246,0,98,1187,17,3072,100750,27,66
269032,-23.32764434814453,23.324188232421875,1.042438268661499,-1.0603742599487305,8055.6904296875,261.2607727050781,2.0424535274505615,11.40505599975586,0.0,-0.238525390625,0.03662109375,1.047119140625,-2.038167953491211,-21.145038604736328,-2.0534350872039795,0.06671196967363358,2245,0,98,1187,17,3072,100750,26,68
269052,-22.787094116210938,22.783885955810547,0.398830771446228,-0.37833380699157715,8056.1123046875,261.28326416015625,2.131899356842041,11.847811698913574,0.0,-0.2421875,0.045166015625,1.017333984375,-1.1297709941864014,-21.282442092895508,-1.5572519302368164,0.06671196967363358,2245,0,98,1187,17,3072,100750,26,66
269075,-22.88838768005371,22.854997634887695,-0.7975695133209229,0.7913753986358643,8057.08349609375,261.6533203125,2.216444969177246,12.462279319763184,0.0,-0.256103515625,0.061767578125,1.009033203125,-0.9160305261611938,-20.06106948852539,-2.4885497093200684,0.06671196967363358,2245,0,98,1187,17,3072,100751,27,69
269092,-22.34583282470703,22.343883514404297,-1.9117367267608643,1.8967037200927734,8056.5869140625,261.87628173828125,2.3135757446289062,12.736912727355957,0.0,-0.25634765625,0.066650390625,1.011474609375,-1.0458015203475952,-19.98473358154297,-1.503816843032837,0.06671196967363358,2245,0,98,1187,17,3072,100751,27,66
269115,-23.087512969970703,23.023475646972656,-2.7074966430664062,2.6685400009155273,8056.31103515625,262.21356201171875,2.4172470569610596,13.329559326171875,0.0,-0.285400390625,0.054931640625,1.004150390625,-0.7862595319747925,-19.25954246520996,-2.1297709941864014,0.06671196967363358,2245,0,98,1186,18,3072,100750,27,69
269132,-22.524667739868164,22.523420333862305,-3.2144174575805664,3.180579900741577,8056.50927734375,262.3749084472656,2.3856217861175537,13.621612548828125,0.0,-0.285400390625,0.019287109375,1.016845703125,-0.08396946638822556,-18.793893814086914,-1.9923664331436157,0.06671196967363358,2246,0,98,1186,18,3072,100750,27,66
269155,-23.01926612854004,23.018566131591797,-3.8711977005004883,3.806727647781372,8057.08837890625,262.1714782714844,2.3359107971191406,14.261533737182617,0.0,-0.309814453125,0.023193359375,1.001708984375,-0.15267175436019897,-18.12213706970215,-2.7022900581359863,0.06671196967363358,2245,0,98,1186,17,3072,100750,26,69
269172,-22.548154830932617,22.548633575439453,-4.219461441040039,4.144690990447998,8056.8603515625,262.5114440917969,2.331003189086914,14.601715087890625,0.0,-0.322509765625,0.038818359375,0.989501953125,-0.1221374049782753,-17.885496139526367,-2.9541983604431152,0.06671196967363358,2245,0,98,1186,17,3072,100750,26,66
269193,-23.195415496826172,23.196847915649414,-4.679405689239502,4.571636199951172,8056.34912109375,262.5462646484375,2.3551647663116455,15.087778091430664,0.0,-0.325927734375,0.036376953125,0.990234375,-0.22900763154029846,-16.786258697509766,-2.3664121627807617,0.06671196967363358,2245,0,98,1187,17,3072,100750,26,69
269215,-22.721830368041992,22.72347640991211,-4.852931499481201,4.71866512298584,8056.58056640625,262.82769775390625,2.351369857788086,15.49537181854248,0.0,-0.3212890625,0.033203125,0.992431640625,0.20610687136650085,-15.87022876739502,-2.8702290058135986,0.07935331016778946,2245,0,98,1188,17,3072,100751,27,66
269233,-21.80229949951172,21.802854537963867,-4.906180381774902,4.766157150268555,8056.53369140625,262.81512451171875,2.3338093757629395,15.759759902954102,0.0,-0.331787109375,0.021728515625,0.99560546875,0.5954198241233826,-14.641221046447754,-3.244274854660034,0.07935331016778946,2245,0,98,1187,17,3072,100751,27,69
269255,-18.251033782958984,18.268964767456055,-3.19407057762146,3.122403144836426,8056.2275390625,263.090576171875,2.3605096340179443,16.2202205657959,0.0,-0.32568359375,0.042724609375,1.00146484375,1.0992366075515747,-13.305343627929688,-2.9847328662872314,0.07935331016778946,2245,0,98,1188,17,3072,100751,27,66
269272,-23.253385543823242,23.25548553466797,-4.216208457946777,4.129136085510254,8055.7724609375,263.1820373535156,2.336869716644287,16.457876205444336,0.0,-0.334228515625,0.03076171875,0.992919921875,0.6183205842971802,-13.366412162780762,-2.7633588314056396,0.07935331016778946,2245,0,98,1188,17,3072,100751,27,68
269292,-23.043087005615234,23.043657302856445,-4.67468786239624,4.558080196380615,8055.6982421875,263.090087890625,2.313765048980713,16.78269386291504,0.0,-0.32470703125,0.042724609375,0.99755859375,-0.3129771053791046,-14.007633209228516,-2.29007625579834,0.07935331016778946,2245,0,98,1188,16,3072,100751,27,70
269312,-23.53598976135254,23.538166046142578,-4.699122905731201,4.6019487380981445,8055.9921875,263.1075439453125,2.3816094398498535,17.057212829589844,0.0,-0.32763671875,0.04638671875,1.001220703125,0.022900763899087906,-13.541984558105469,-2.4732823371887207,0.07935331016778946,2245,0,98,1188,16,3072,100751,27,67
269334,-23.507854461669922,23.511058807373047,-5.4673566818237305,5.319228172302246,8056.5068359375,263.1075439453125,2.4008121490478516,17.481733322143555,0.0,-0.349609375,0.02734375,0.9931640625,0.48091602325439453,-11.717556953430176,-2.9847328662872314,0.07935331016778946,2245,0,98,1188,15,3072,100751,26,70
269352,-23.616594314575195,23.614620208740234,-5.1101484298706055,4.885494709014893,8056.3837890625,263.54119873046875,2.3986270427703857,17.70081329345703,0.0,-0.356201171875,0.044189453125,0.986328125,0.49618321657180786,-11.625954627990723,-2.824427366256714,0.07935331016778946,2245,0,98,1188,15,3072,100750,27,67
269375,-23.092605590820312,23.093679428100586,-5.119289398193359,4.923725128173828,8056.5517578125,263.60003662109375,2.401644229888916,18.104446411132812,0.0,-0.352294921875,0.041259765625,0.986572265625,-0.37404578924179077,-11.152671813964844,-1.9160305261611938,0.07935331016778946,2245,0,98,1189,15,3072,100750,27,70
269393,-23.375452041625977,23.37866973876953,-3.732602596282959,3.604365110397339,8056.7880859375,263.83013916015625,2.4426751136779785,18.257612228393555,0.0,-0.3427734375,0.0517578125,0.9951171875,-0.4656488597393036,-10.541984558105469,-1.9541984796524048,0.07935331016778946,2245,0,98,1189,15,3072,100751,27,67
269412,-23.660505294799805,23.662256240844727,-4.382348537445068,4.251374244689941,8056.92333984375,263.5616455078125,2.428015947341919,18.414384841918945,0.0,-0.35009765625,0.03076171875,0.990234375,0.3206106722354889,-10.114503860473633,-2.5572519302368164,0.10066116601228714,2245,0,98,1189,15,3072,100751,27,70
269435,-23.84915542602539,23.866744995117188,-4.325550079345703,4.14923095703125,8057.14697265625,263.90411376953125,2.3979721069335938,18.799245834350586,0.0,-0.371337890625,0.0458984375,0.981201171875,0.9312977194786072,-9.694656372070312,-3.0152671337127686,0.10066116601228714,2245,0,98,1189,15,3072,100751,27,67
269452,-23.69833755493164,23.699745178222656,-4.134905815124512,3.947986125946045,8057.6298828125,263.5562744140625,2.4171245098114014,18.99254608154297,0.0,-0.37451171875,0.051513671875,0.979248046875,0.6793892979621887,-8.755724906921387,-3.030534267425537,0.10066116601228714,2245,0,98,1189,15,3072,100751,27,70
269472,-23.74859046936035,23.750713348388672,-3.6405224800109863,3.434570550918579,8057.33056640625,263.86248779296875,2.4159035682678223,19.271108627319336,0.0,-0.3740234375,0.04541015625,0.973388671875,0.12977099418640137,-7.3740458488464355,-2.2977099418640137,0.10066116601228714,2245,0,98,1189,15,3072,100751,27,67
269492,-23.773696899414062,23.775094985961914,-3.073431968688965,2.8746337890625,8057.77734375,264.11761474609375,2.4390933513641357,19.50498390197754,0.0,-0.377685546875,0.0419921875,0.9833984375,-0.8320610523223877,-7.549618244171143,-1.4809160232543945,0.10066116601228714,2245,0,98,1189,15,3072,100750,26,70
269515,-23.795358657836914,23.797197341918945,-2.623537063598633,2.4559497833251953,8057.5673828125,264.15716552734375,2.4634931087493896,19.721410751342773,0.0,-0.367919921875,0.04052734375,1.0009765625,-0.07633587718009949,-6.847328186035156,-2.038167953491211,0.10066116601228714,2245,0,98,1189,15,3072,100750,26,67
269532,-23.81104278564453,23.81258201599121,-2.091172218322754,1.9193859100341797,8057.35546875,263.92547607421875,2.4504470825195312,19.812990188598633,0.0,-0.365478515625,0.046875,0.990234375,0.48091602325439453,-5.992366313934326,-2.603053331375122,0.10066116601228714,2245,0,98,1189,15,3072,100750,26,70
269553,-23.8238582611084,23.82594871520996,-1.5158625841140747,1.3189747333526611,8057.03515625,264.5452575683594,2.440371036529541,19.97916030883789,0.0,-0.379150390625,0.04248046875,0.980224609375,0.8625954389572144,-5.137404441833496,-3.2595419883728027,0.10066116601228714,2245,0,98,1189,15,3072,100750,26,67
269572,-23.766342163085938,23.767614364624023,-0.9069634675979614,0.701714038848877,8057.22802734375,264.2041015625,2.48669171333313,20.176443099975586,0.0,-0.385498046875,0.05029296875,0.98388671875,0.25190839171409607,-5.3053436279296875,-2.0992367267608643,0.10066116601228714,2245,0,98,1189,15,3072,100750,27,70
269593,-23.82391929626465,23.826011657714844,-0.4203692078590393,0.24784594774246216,8057.5908203125,264.03741455078125,2.4919703006744385,20.271419525146484,0.0,-0.359130859375,0.0390625,0.989990234375,-0.5114504098892212,-5.381679534912109,-1.1526718139648438,0.10066116601228714,2245,0,98,1188,15,3072,100750,27,67
269612,-23.81991195678711,23.82138442993164,0.019323885440826416,-0.15398573875427246,8057.8505859375,264.0564880371094,2.4654271602630615,20.308120727539062,0.0,-0.361572265625,0.0341796875,1.0009765625,-0.6564885377883911,-5.351145267486572,-1.770992398262024,0.1153896376490593,2245,0,98,1188,15,3072,100750,27,70
269632,-23.86001968383789,23.86226463317871,0.3071080446243286,-0.4463086426258087,8058.2490234375,264.0502624511719,2.44797420501709,20.396984100341797,0.0,-0.37109375,0.047119140625,0.988037109375,0.5648854970932007,-5.267175674438477,-2.6946563720703125,0.1153896376490593,2245,0,98,1189,15,3072,100750,26,67
269655,-23.803922653198242,23.80605697631836,0.5842127799987793,-0.7565836906433105,8058.20068359375,263.8643798828125,2.4479522705078125,20.64094352722168,0.0,-0.40576171875,0.042236328125,0.969482421875,1.2977099418640137,-4.083969593048096,-3.5114502906799316,0.1153896376490593,2245,0,98,1188,15,3072,100750,26,70
269672,-23.853219985961914,23.85497283935547,1.0606505870819092,-1.283756136894226,8058.23583984375,264.2848815917969,2.4435808658599854,20.788293838500977,0.0,-0.407958984375,0.04248046875,0.95703125,0.7862595319747925,-3.4427480697631836,-2.679389238357544,0.1153896376490593,2245,0,98,1188,15,3072,100750,26,67
269692,-23.797653198242188,23.79975700378418,1.8351744413375854,-2.0353713035583496,8057.80615234375,263.8882141113281,2.4591617584228516,20.99410629272461,0.0,-0.41064453125,0.03076171875,0.9609375,-0.442748099565506,-2.4045801162719727,-1.5954198837280273,0.1153896376490593,2245,0,98,1188,16,3072,100750,26,70
269712,-23.805953979492188,23.807830810546875,2.472644567489624,-2.6588239669799805,8058.58984375,264.2669677734375,2.489762783050537,21.075292587280273,0.0,-0.383544921875,0.0380859375,0.982421875,-1.0534350872039795,-1.694656491279602,-0.9770992398262024,0.1153896376490593,2245,0,98,1188,16,3072,100750,27,67
269732,-23.84953498840332,23.851701736450195,3.296312093734741,-3.4656565189361572,8058.0322265625,264.20318603515625,2.508287191390991,21.075891494750977,0.0,-0.37646484375,0.040771484375,0.99658203125,-0.3435114622116089,-1.3664121627807617,-1.6030534505844116,0.1153896376490593,2245,0,98,1188,16,3072,100750,27,70
269752,-23.796051025390625,23.798078536987305,3.8926596641540527,-4.038928031921387,8057.6923828125,264.1240234375,2.514049530029297,21.049144744873047,0.0,-0.36669921875,0.04345703125,0.992919921875,0.4656488597393036,-1.412213683128357,-2.2290077209472656,0.1153896376490593,2245,0,98,1188,17,3072,100750,26,67
269776,-23.770526885986328,23.772064208984375,4.2177228927612305,-4.365835666656494,8057.2021484375,264.0973205566406,2.511134147644043,21.04060173034668,0.0,-0.36474609375,0.041748046875,0.99169921875,0.5114504098892212,-1.572519063949585,-2.427480936050415,0.1153896376490593,2245,0,98,1188,17,3072,100750,27,70
269795,-23.831256866455078,23.83310317993164,4.592193126678467,-4.7154011726379395,8055.87353515625,263.9842224121094,2.5207090377807617,21.038578033447266,0.0,-0.366943359375,0.05078125,0.993896484375,0.17557251453399658,-2.3664121627807617,-1.9541984796524048,0.1153896376490593,2245,0,98,1188,17,3072,100750,27,67
269812,-23.62506675720215,23.62639617919922,4.759352207183838,-4.871199131011963,8054.97021484375,264.10247802734375,2.517099380493164,21.034839630126953,0.0,-0.36328125,0.046630859375,0.9892578125,-0.1679389327764511,-2.6946563720703125,-1.8244274854660034,0.12419946491718292,2245,0,98,1188,17,3072,100750,27,70
269832,-23.191482543945312,23.191099166870117,4.050355911254883,-4.1606035232543945,8054.07568359375,264.56268310546875,2.543773889541626,21.026185989379883,0.0,-0.359619140625,0.053466796875,0.998291015625,0.05343511328101158,-2.5954198837280273,-2.175572633743286,0.12419946491718292,2245,0,98,1187,17,3072,100750,27,68
269853,-23.01298713684082,23.01538848876953,2.8421106338500977,-2.9808509349823,8053.79443359375,264.27569580078125,2.5287086963653564,21.004091262817383,0.0,-0.360107421875,0.03955078125,0.996337890625,0.572519063949585,-3.0152671337127686,-1.9847328662872314,0.12419946491718292,2245,0,98,1187,17,3072,100750,26,65
269874,-23.382526397705078,23.382741928100586,2.941408157348633,-3.0759873390197754,8053.3125,264.27569580078125,2.4839603900909424,20.970924377441406,0.0,-0.356201171875,0.034912109375,1.001708984375,0.09160305559635162,-4.221374034881592,-2.5572519302368164,0.12419946491718292,2245,0,98,1187,16,3072,100750,26,68
269892,-23.400094985961914,23.411319732666016,3.894259214401245,-3.9645626544952393,8053.10546875,264.51251220703125,2.482513427734375,20.98955535888672,0.0,-0.3681640625,0.045166015625,0.99365234375,0.25954198837280273,-4.786259651184082,-2.3358778953552246,0.12419946491718292,2245,0,98,1187,16,3072,100750,27,66
269912,-23.984600067138672,24.165315628051758,4.026853561401367,-4.053618907928467,8052.74853515625,264.276611328125,2.4834914207458496,21.075416564941406,0.0,-0.386962890625,0.047607421875,0.989013671875,0.885496199131012,-4.679389476776123,-2.9083969593048096,0.12419946491718292,2245,0,98,1187,17,3072,100750,27,69
269935,-23.892696380615234,23.893705368041992,4.927603721618652,-4.98259973526001,8052.67041015625,264.1195068359375,2.4642786979675293,21.33081817626953,0.0,-0.42041015625,0.04248046875,0.9599609375,1.4580153226852417,-3.175572633743286,-3.85496187210083,0.12419946491718292,2245,0,98,1187,17,3072,100750,27,66
269952,-23.84193992614746,23.843183517456055,6.005700588226318,-6.121325969696045,8052.9423828125,264.18157958984375,2.4452157020568848,21.53285789489746,0.0,-0.437255859375,0.032470703125,0.942138671875,1.1679389476776123,-2.580152750015259,-3.038167953491211,0.12419946491718292,2245,0,98,1187,17,3072,100750,26,69
269975,-23.568904876708984,23.57254409790039,5.959517478942871,-6.086508274078369,8053.2568359375,264.480712890625,2.4314255714416504,21.925275802612305,0.0,-0.451904296875,0.02197265625,0.92724609375,-0.5496183037757874,-0.06106870248913765,-2.1679389476776123,0.12419946491718292,2245,0,98,1187,17,3072,100750,26,68
269993,-23.30059051513672,23.304040908813477,5.711152076721191,-5.946197986602783,8053.43212890625,264.3158874511719,2.4445250034332275,22.122943878173828,0.0,-0.4638671875,0.05126953125,0.93896484375,-0.6183205842971802,1.5267175436019897,-1.839694619178772,0.12419946491718292,2245,0,98,1187,17,3072,100750,27,65
270012,-23.698944091796875,23.702482223510742,5.399343967437744,-5.658849716186523,8054.0,264.7106628417969,2.519951105117798,22.238161087036133,0.0,-0.44482421875,0.06396484375,0.955322265625,-0.1679389327764511,3.9389312267303467,-1.9770991802215576,0.1274365484714508,2246,0,98,1187,17,3072,100750,27,68
270035,-23.6499080657959,23.656768798828125,7.021051406860352,-7.178401470184326,8053.4599609375,264.3409118652344,2.5463974475860596,22.397441864013672,0.0,-0.424560546875,0.04931640625,0.94287109375,1.0687023401260376,7.473282337188721,-2.1603052616119385,0.1274365484714508,2245,0,98,1188,16,3072,100750,27,65
270052,-24.136234283447266,24.14320182800293,10.554407119750977,-10.671894073486328,8053.85302734375,264.4618225097656,2.515913248062134,22.420948028564453,0.0,-0.424560546875,0.023193359375,0.947509765625,1.2061069011688232,8.633587837219238,-2.755725145339966,0.1274365484714508,2245,0,98,1188,16,3072,100750,27,68
270075,-22.9119873046875,22.91790771484375,10.454253196716309,-10.61916446685791,8053.921875,264.63934326171875,2.51790714263916,22.459339141845703,0.0,-0.4404296875,0.039794921875,0.9423828125,1.3282443284988403,11.114503860473633,-3.114503860473633,0.1274365484714508,2245,0,98,1188,16,3072,100751,27,67
270092,-23.51944351196289,23.515525817871094,6.760023593902588,-6.984297275543213,8053.85791015625,264.47705078125,2.5141406059265137,22.475236892700195,0.0,-0.441162109375,0.04052734375,0.9404296875,0.9007633328437805,12.458015441894531,-2.0992367267608643,0.1274365484714508,2245,0,98,1188,16,3072,100751,26,70
270115,-23.254846572875977,23.254520416259766,11.50677490234375,-11.566475868225098,8053.55224609375,264.37274169921875,2.5429396629333496,22.368091583251953,0.0,-0.419921875,0.050537109375,0.949951171875,0.09160305559635162,15.465648651123047,-1.7404580116271973,0.1274365484714508,2245,0,98,1188,17,3072,100751,26,69
270132,-23.327756881713867,23.2913818359375,11.703057289123535,-11.81877613067627,8053.8349609375,264.3666687011719,2.5102522373199463,22.253725051879883,0.0,-0.407470703125,0.0302734375,0.959228515625,0.1679389327764511,16.870229721069336,-1.0763359069824219,0.1274365484714508,2245,0,98,1188,17,3072,100750,27,66
270153,-23.177139282226562,23.177959442138672,13.574793815612793,-13.662859916687012,8053.76025390625,264.2518615722656,2.53521990776062,22.039989471435547,0.0,-0.402099609375,0.05810546875,0.961669921875,0.847328245639801,18.870229721069336,-2.2061069011688232,0.1274365484714508,2245,0,98,1188,16,3072,100750,27,69
270172,-23.697601318359375,24.83995819091797,8.320414543151855,-8.463176727294922,8053.09228515625,264.3851013183594,2.545499086380005,21.777027130126953,0.0,-0.385498046875,0.041015625,0.954833984375,1.1908396482467651,20.297710418701172,-2.419847249984741,0.1274365484714508,2245,0,98,1188,16,3072,100750,26,66
270193,-22.922565460205078,22.96677589416504,13.29748821258545,-13.410561561584473,8053.2734375,264.0451354980469,2.5506222248077393,21.453662872314453,0.0,-0.375,0.043212890625,0.9541015625,0.9923664331436157,21.755725860595703,-1.4427480697631836,0.1274365484714508,2245,0,98,1188,17,3072,100750,26,69
270212,-23.59027099609375,23.641389846801758,12.806733131408691,-12.901822090148926,8054.1728515625,264.17279052734375,2.5370612144470215,21.18479347229004,0.0,-0.3515625,0.0341796875,0.971435546875,-0.1221374049782753,22.671754837036133,-1.106870174407959,0.12398573756217957,2245,0,98,1188,16,3072,100750,26,66
270235,-23.081356048583984,23.080984115600586,16.18113899230957,-16.196422576904297,8054.8271484375,263.8900146484375,2.560976028442383,20.547964096069336,0.0,-0.326416015625,0.057373046875,1.00732421875,0.19847328960895538,23.206106185913086,-1.1832060813903809,0.12398573756217957,2245,0,98,1188,16,3072,100750,26,69
270252,-22.986791610717773,22.967443466186523,14.7700834274292,-14.79481315612793,8054.05615234375,263.9222106933594,2.522688388824463,20.220508575439453,0.0,-0.33203125,0.02392578125,1.02099609375,0.3664122223854065,23.702289581298828,-1.0076335668563843,0.12398573756217957,2245,0,98,1188,16,3072,100750,27,66
270275,-23.102603912353516,23.105030059814453,17.08119773864746,-17.114547729492188,8054.0263671875,263.6751403808594,2.4581644535064697,19.453725814819336,0.0,-0.310302734375,0.0283203125,1.00830078125,1.9694656133651733,23.25954246520996,-3.6259541511535645,0.12398573756217957,2245,0,98,1189,16,3072,100750,26,69
270292,-23.194625854492188,23.18836784362793,11.788653373718262,-11.887001037597656,8054.44384765625,264.09454345703125,2.4181876182556152,19.095983505249023,0.0,-0.303955078125,0.01708984375,1.01123046875,1.8167939186096191,23.12213706970215,-2.564885377883911,0.12398573756217957,2245,0,98,1189,16,3072,100750,26,66
270312,-22.798580169677734,22.799619674682617,16.101530075073242,-16.149921417236328,8054.6748046875,263.3034362792969,2.4108691215515137,18.525545120239258,0.0,-0.270751953125,0.04736328125,1.0029296875,0.7557252049446106,22.58015251159668,-1.732824444770813,0.12398573756217957,2245,0,98,1189,15,3072,100750,27,69
270332,-23.5837459564209,23.745040893554688,15.297119140625,-15.330609321594238,8054.26318359375,263.165283203125,2.3296432495117188,17.947154998779297,0.0,-0.26513671875,0.02001953125,1.038330078125,0.19847328960895538,21.511449813842773,-0.8625954389572144,0.12398573756217957,2245,0,98,1189,15,3072,100750,27,66
270355,-22.87169647216797,22.876184463500977,17.662250518798828,-17.66535186767578,8054.07666015625,262.69287109375,2.264963150024414,17.218528747558594,0.0,-0.260986328125,0.030517578125,1.03369140625,1.0992366075515747,20.48091697692871,-2.038167953491211,0.12398573756217957,2245,0,98,1189,15,3072,100750,26,69
270373,-23.770248413085938,23.766233444213867,16.70578384399414,-16.689983367919922,8054.3818359375,262.98468017578125,2.2335071563720703,16.84284210205078,0.0,-0.245849609375,0.0234375,1.037353515625,1.5419846773147583,20.74045753479004,-2.458015203475952,0.12398573756217957,2245,0,98,1189,15,3072,100750,26,66
270395,-23.256153106689453,23.253267288208008,19.322309494018555,-19.289201736450195,8054.32958984375,262.765380859375,2.1915743350982666,16.316987991333008,0.0,-0.247314453125,0.0419921875,1.038330078125,2.4503817558288574,20.374046325683594,-3.282442808151245,0.10532397776842117,2245,0,98,1188,15,3072,100750,27,69
270412,-22.909502029418945,22.902542114257812,17.850927352905273,-17.813730239868164,8053.57666015625,262.528076171875,2.1542158126831055,15.995644569396973,0.0,-0.2451171875,0.031005859375,1.026611328125,2.1984732151031494,19.74045753479004,-3.0534350872039795,0.10532397776842117,2245,0,98,1188,15,3072,100750,27,66
270432,-23.824369430541992,23.820634841918945,20.72993278503418,-20.68467140197754,8053.9345703125,262.4581298828125,2.1012730598449707,15.524951934814453,0.0,-0.230224609375,0.036865234375,1.0302734375,1.198473334312439,18.671754837036133,-2.1526718139648438,0.10532397776842117,2245,0,98,1188,16,3072,100750,27,68
270452,-23.563508987426758,23.558496475219727,20.875194549560547,-20.831769943237305,8054.46484375,261.7677001953125,2.119251251220703,15.108311653137207,0.0,-0.242919921875,0.044189453125,1.021484375,0.6488549709320068,18.152671813964844,-2.2061069011688232,0.10532397776842117,2245,0,98,1188,16,3072,100750,27,66
270475,-23.026660919189453,23.031246185302734,19.99795150756836,-19.971845626831055,8054.4736328125,262.1882019042969,2.1461191177368164,14.597177505493164,0.0,-0.237060546875,0.034912109375,1.028564453125,0.5572519302368164,19.01526641845703,-1.4503816366195679,0.10532397776842117,2245,0,98,1187,17,3072,100750,27,69
270493,-22.848377227783203,22.851043701171875,17.126623153686523,-17.165363311767578,8054.2490234375,261.81689453125,2.1348509788513184,14.310347557067871,0.0,-0.21728515625,0.028076171875,1.036865234375,0.3358778655529022,18.80152702331543,-1.427480936050415,0.10532397776842117,2245,0,98,1186,18,3072,100750,27,66
270515,-23.379499435424805,23.562456130981445,19.654592514038086,-19.68958854675293,8053.26416015625,261.5586853027344,2.0616354942321777,13.734336853027344,0.0,-0.20947265625,0.010009765625,1.0361328125,0.5419847369194031,18.076335906982422,-1.3435114622116089,0.10532397776842117,2245,0,98,1186,17,3072,100750,27,69
270532,-23.627456665039062,22.84070587158203,16.972631454467773,-17.001216888427734,8053.98828125,261.31170654296875,2.0149927139282227,13.40296745300293,0.0,-0.1923828125,0.00732421875,1.0458984375,0.7557252049446106,17.923664093017578,-1.3282443284988403,0.10532397776842117,2245,0,98,1186,17,3072,100750,26,66
270555,-23.8822078704834,23.331634521484375,19.925264358520508,-19.92068862915039,8054.04541015625,261.44061279296875,2.000675678253174,12.80924129486084,0.0,-0.190673828125,0.028076171875,1.0546875,0.7557252049446106,17.0992374420166,-2.1526718139648438,0.10532397776842117,2245,0,98,1187,17,3072,100750,26,69
270573,-23.744531631469727,23.735734939575195,21.3736629486084,-21.303918838500977,8054.2236328125,260.85394287109375,1.9524002075195312,12.543404579162598,0.0,-0.19189453125,0.014892578125,1.03857421875,0.5267175436019897,16.76335906982422,-1.5114504098892212,0.10532397776842117,2245,0,98,1187,17,3072,100750,26,66
270592,-23.752079010009766,23.74509048461914,21.067697525024414,-21.000141143798828,8054.6142578125,261.36962890625,1.943719506263733,12.262887001037598,0.0,-0.178466796875,0.010009765625,1.047119140625,0.4656488597393036,14.954198837280273,-1.6870229244232178,0.07703167200088501,2245,0,98,1187,17,3072,100750,26,69
270612,-23.47977066040039,23.474124908447266,20.348726272583008,-20.323009490966797,8054.0419921875,260.64453125,1.9497437477111816,11.83625316619873,0.0,-0.16748046875,0.035400390625,1.064208984375,-0.015267175622284412,14.412213325500488,-1.3358778953552246,0.07703167200088501,2245,0,98,1187,16,3072,100750,26,66
270632,-23.14212417602539,23.14614486694336,19.97979164123535,-19.96755027770996,8053.3857421875,260.630126953125,1.970129132270813,11.428505897521973,0.0,-0.166748046875,0.037353515625,1.056884765625,0.572519063949585,14.267175674438477,-1.4198473691940308,0.07703167200088501,2245,0,98,1187,16,3072,100750,26,69
270655,-22.876665115356445,22.87222671508789,18.050094604492188,-18.003002166748047,8053.37109375,260.5787048339844,1.9676969051361084,10.857946395874023,0.0,-0.146728515625,0.033447265625,1.06787109375,0.7862595319747925,12.267175674438477,-2.4427480697631836,0.07703167200088501,2245,0,98,1188,16,3072,100750,26,66
270672,-23.109628677368164,23.041698455810547,19.949472427368164,-19.917762756347656,8054.0029296875,260.3156433105469,1.958024263381958,10.57611083984375,0.0,-0.136962890625,0.022216796875,1.077880859375,0.9007633328437805,10.725191116333008,-2.0534350872039795,0.07703167200088501,2245,0,98,1188,16,3072,100750,26,69
270695,-22.593250274658203,22.584854125976562,18.340435028076172,-18.248760223388672,8053.97802734375,259.99774169921875,1.9400556087493896,10.03041934967041,0.0,-0.113525390625,0.027099609375,1.097900390625,0.6183205842971802,7.5190839767456055,-2.1984732151031494,0.07703167200088501,2245,0,98,1188,17,3072,100750,26,66
270712,-23.17548179626465,23.168251037597656,17.73644256591797,-17.726024627685547,8054.4892578125,259.8174743652344,1.924638271331787,9.763412475585938,0.0,-0.101806640625,0.0361328125,1.090576171875,0.7022900581359863,5.893129825592041,-2.419847249984741,0.07703167200088501,2245,0,98,1188,17,3072,100750,26,69
270735,-23.121191024780273,23.113388061523438,18.962125778198242,-18.86969757080078,8054.53515625,259.46185302734375,1.8892682790756226,9.300336837768555,0.0,-0.104736328125,0.02734375,1.0927734375,1.2061069011688232,3.2671756744384766,-2.419847249984741,0.07703167200088501,2245,0,98,1187,18,3072,100750,26,66
270752,-23.25574493408203,23.246578216552734,20.06985855102539,-19.970544815063477,8054.78271484375,259.5019226074219,1.8678696155548096,9.100725173950195,0.0,-0.10205078125,0.027099609375,1.087646484375,0.6564885377883911,1.3816794157028198,-2.610687017440796,0.07703167200088501,2245,0,98,1187,18,3072,100750,26,68
270777,-23.293188095092773,23.283700942993164,18.103450775146484,-17.935916900634766,8054.59521484375,259.1644287109375,1.858107089996338,9.029553413391113,0.0,-0.1103515625,0.0263671875,1.0966796875,-0.07633587718009949,-2.030534267425537,-1.8473281860351562,0.07703167200088501,2245,0,98,1187,18,3072,100750,26,67
270795,-23.131040573120117,23.122783660888672,17.764820098876953,-17.61847496032715,8054.703125,259.45806884765625,1.8646000623703003,8.908061981201172,0.0,-0.111328125,0.03564453125,1.08740234375,-0.49618321657180786,-4.6946563720703125,-1.7938930988311768,0.05625384673476219,2245,0,98,1187,18,3072,100750,26,70
270813,-23.123310089111328,23.118844985961914,16.74951934814453,-16.67331314086914,8054.4228515625,259.0555725097656,1.8657222986221313,8.81132698059082,0.0,-0.107666015625,0.03857421875,1.0869140625,-0.3206106722354889,-6.770992279052734,-2.2671756744384766,0.05625384673476219,2245,0,98,1187,18,3072,100750,26,67
270835,-22.97046661376953,22.968585968017578,15.284392356872559,-15.26571273803711,8054.4814453125,259.7294006347656,1.8717504739761353,8.745230674743652,0.0,-0.123779296875,0.024169921875,1.0810546875,-0.35877862572669983,-9.053435325622559,-1.9847328662872314,0.05625384673476219,2245,0,98,1186,18,3072,100750,26,69
270852,-22.4172306060791,23.911592483520508,13.382242202758789,-13.294743537902832,8054.4951171875,259.2696533203125,1.8467048406600952,8.748473167419434,0.0,-0.13037109375,0.025146484375,1.07763671875,-0.4656488597393036,-10.557251930236816,-2.068702220916748,0.05625384673476219,2245,0,98,1186,18,3072,100750,27,67
270875,-23.67486000061035,21.19052505493164,6.9477739334106445,-6.99977970123291,8054.27587890625,259.165283203125,1.8613946437835693,8.851978302001953,0.0,-0.147216796875,0.037841796875,1.0703125,-0.5190839767456055,-13.41984748840332,-2.2366411685943604,0.05625384673476219,2245,0,98,1186,18,3071,100750,26,70
270892,-21.96307373046875,21.74944496154785,8.665498733520508,-8.673980712890625,8054.5986328125,259.45379638671875,1.870161533355713,8.95995807647705,0.0,-0.16357421875,0.041259765625,1.0654296875,-0.09160305559635162,-14.167939186096191,-2.396946668624878,0.05625384673476219,2245,0,98,1186,18,3071,100750,26,67
270914,-23.1865234375,23.151973724365234,8.549856185913086,-8.341339111328125,8054.6689453125,259.45379638671875,1.850593090057373,9.297794342041016,0.0,-0.183837890625,0.0361328125,1.046630859375,-0.5038167834281921,-15.137404441833496,-2.2977099418640137,0.05625384673476219,2245,0,98,1186,17,3071,100750,26,70
270932,-22.984432220458984,22.97589111328125,9.710813522338867,-9.193346977233887,8054.12890625,259.7760925292969,1.8494529724121094,9.469468116760254,0.0,-0.1923828125,0.01953125,1.052490234375,-0.8244274854660034,-15.473282814025879,-2.3740458488464355,0.05625384673476219,2245,0,98,1186,17,3071,100750,26,73
270952,-23.103404998779297,23.095563888549805,7.520462989807129,-7.353730201721191,8054.2607421875,260.0738220214844,1.8368830680847168,9.792817115783691,0.0,-0.20263671875,0.059326171875,1.045166015625,-1.5114504098892212,-16.305343627929688,-1.7633588314056396,0.05625384673476219,2245,0,98,1187,17,3071,100750,27,70
270973,-21.944852828979492,21.938987731933594,6.77229118347168,-6.604546546936035,8054.36083984375,260.34796142578125,1.8445663452148438,10.133393287658691,0.0,-0.21435546875,0.03076171875,1.027587890625,-1.229007601737976,-16.3435115814209,-1.412213683128357,0.05625384673476219,2245,0,98,1187,17,3071,100750,27,68
270992,-21.582178115844727,21.398311614990234,2.0692381858825684,-2.082294464111328,8054.14599609375,259.99139404296875,1.8597362041473389,10.391036987304688,0.0,-0.238525390625,0.029052734375,1.021728515625,-0.4351145029067993,-15.877862930297852,-2.106870174407959,0.05314859747886658,2245,0,98,1187,17,3071,100750,27,70
271012,-22.82962989807129,22.81940460205078,3.1208884716033936,-3.130422592163086,8054.4296875,260.53167724609375,1.909440517425537,10.825570106506348,0.0,-0.25732421875,0.01806640625,1.017578125,-0.221374049782753,-15.267175674438477,-2.213740348815918,0.05314859747886658,2245,0,98,1187,17,3071,100750,27,67
271032,-22.29224967956543,22.283771514892578,3.947850465774536,-3.8350589275360107,8054.52880859375,260.75634765625,1.9269098043441772,11.333996772766113,0.0,-0.273681640625,0.041259765625,0.99072265625,-0.015267175622284412,-13.793892860412598,-2.427480936050415,0.05314859747886658,2245,0,98,1187,17,3071,100750,26,70
271052,-22.691537857055664,22.687307357788086,3.1391470432281494,-3.1049914360046387,8054.49755859375,261.34619140625,1.9586981534957886,11.869852066040039,0.0,-0.290771484375,0.05615234375,0.986572265625,0.030534351244568825,-12.137404441833496,-2.9007632732391357,0.05314859747886658,2245,0,98,1187,17,3071,100750,26,67
271072,-22.444936752319336,22.444414138793945,2.7080368995666504,-2.7830862998962402,8054.6640625,260.98907470703125,2.0255625247955322,12.373276710510254,0.0,-0.311279296875,0.046875,0.967041015625,0.42748090624809265,-9.832060813903809,-3.3129770755767822,0.05314859747886658,2245,0,98,1187,17,3071,100750,26,70
271092,-22.053997039794922,22.045228958129883,2.934285879135132,-3.021946907043457,8054.6181640625,261.3848571777344,2.0452818870544434,12.842825889587402,0.0,-0.311767578125,0.040771484375,0.976318359375,-0.09160305559635162,-6.9083967208862305,-2.106870174407959,0.05314859747886658,2245,0,98,1188,16,3071,100750,27,67
271115,-22.965553283691406,22.963424682617188,3.7444241046905518,-3.8744425773620605,8054.55322265625,261.0543212890625,2.0666213035583496,13.40981388092041,0.0,-0.322265625,0.031005859375,0.967041015625,0.5190839767456055,-4.137404441833496,-2.961832046508789,0.05314859747886658,2245,0,98,1188,17,3071,100750,27,70
271132,-22.93230438232422,22.929656982421875,4.895016670227051,-5.009279727935791,8055.3916015625,261.6958312988281,2.085733652114868,13.690196990966797,0.0,-0.33642578125,0.035888671875,0.965087890625,0.6870229244232178,-2.0916030406951904,-3.0916030406951904,0.05314859747886658,2245,0,98,1188,17,3071,100750,26,67
271155,-22.911874771118164,22.91203498840332,6.080678462982178,-6.164968490600586,8055.19140625,261.85284423828125,2.116135358810425,14.183740615844727,0.0,-0.33984375,0.048095703125,0.958984375,1.0687023401260376,2.786259651184082,-2.603053331375122,0.05314859747886658,2245,0,98,1188,16,3071,100750,26,70
271173,-23.014179229736328,23.014188766479492,7.40183162689209,-7.493057727813721,8055.2890625,262.0980529785156,2.133945941925049,14.37921142578125,0.0,-0.333984375,0.040283203125,0.962646484375,1.0076335668563843,5.206106662750244,-2.671755790710449,0.05314859747886658,2244,0,98,1188,16,3071,100750,27,67
271192,-23.221725463867188,23.22047996520996,9.14897632598877,-9.200872421264648,8054.9345703125,262.1222229003906,2.1666805744171143,14.450931549072266,0.0,-0.303955078125,0.05126953125,0.9765625,0.8549618124961853,7.702290058135986,-2.068702220916748,0.06553284823894501,2245,0,98,1188,16,3071,100750,27,70
271212,-23.202611923217773,23.20221710205078,10.877689361572266,-10.902563095092773,8055.2236328125,262.5852355957031,2.1832802295684814,14.431370735168457,0.0,-0.279052734375,0.04931640625,0.995361328125,0.6488549709320068,9.366412162780762,-2.213740348815918,0.06553284823894501,2245,0,98,1188,15,3071,100750,27,67
271232,-23.181291580200195,23.18187713623047,11.644471168518066,-11.699524879455566,8055.2958984375,262.16192626953125,2.207282066345215,14.278217315673828,0.0,-0.252685546875,0.03173828125,1.010986328125,1.1145038604736328,10.32824420928955,-2.1297709941864014,0.06553284823894501,2245,0,98,1188,16,3071,100750,27,70
271255,-22.31473731994629,22.319011688232422,11.73405647277832,-11.806574821472168,8055.08447265625,261.80963134765625,2.1288199424743652,13.957226753234863,0.0,-0.234130859375,0.013916015625,1.033447265625,2.389312982559204,12.259541511535645,-3.29007625579834,0.06553284823894501,2245,0,98,1188,16,3071,100750,27,68
271272,-20.773038864135742,20.797502517700195,7.868520736694336,-8.049277305603027,8054.8271484375,261.69580078125,2.1349353790283203,13.755733489990234,0.0,-0.2109375,0.05810546875,1.0478515625,2.213740348815918,12.564885139465332,-3.2748091220855713,0.06553284823894501,2245,0,98,1188,16,3071,100750,26,68
271295,-23.259286880493164,23.252769470214844,10.221146583557129,-10.378473281860352,8054.58984375,261.5021667480469,2.122933864593506,13.319053649902344,0.0,-0.20947265625,0.06005859375,1.047119140625,1.0076335668563843,10.473282814025879,-2.3435113430023193,0.06553284823894501,2245,0,98,1187,17,3071,100750,26,71
271312,-23.288869857788086,23.319913864135742,13.114348411560059,-13.122943878173828,8054.7431640625,261.517333984375,2.134669780731201,13.066926956176758,0.0,-0.175048828125,0.03564453125,1.05126953125,-0.05343511328101158,9.229007720947266,-1.1526718139648438,0.06553284823894501,2245,0,98,1187,17,3071,100750,27,74
271332,-22.932571411132812,22.948339462280273,13.49953556060791,-13.51683521270752,8053.6728515625,261.3315734863281,2.0905227661132812,12.675541877746582,0.0,-0.17138671875,0.033203125,1.0625,-0.07633587718009949,8.0,-1.3282443284988403,0.06553284823894501,2245,0,98,1187,16,3071,100750,27,71
271352,-22.906940460205078,22.891002655029297,12.226378440856934,-12.271079063415527,8054.39599609375,260.8963928222656,2.0608301162719727,12.326642990112305,0.0,-0.173583984375,0.013916015625,1.074462890625,-0.16030533611774445,6.541984558105469,-1.3129770755767822,0.06553284823894501,2245,0,98,1187,16,3071,100750,27,68
271375,-23.23288917541504,24.836782455444336,12.866510391235352,-12.887803077697754,8054.1884765625,260.8963928222656,2.06599760055542,11.936836242675781,0.0,-0.1708984375,0.035400390625,1.05908203125,0.3893129825592041,4.572519302368164,-2.3816792964935303,0.06759973615407944,2244,0,98,1187,17,3071,100750,26,69
271392,-23.11876678466797,24.83163070678711,11.509820938110352,-11.531397819519043,8055.02490234375,260.5487060546875,2.0507354736328125,11.773283958435059,0.0,-0.172607421875,0.043701171875,1.065185546875,0.5419847369194031,3.70992374420166,-2.328244209289551,0.06759973615407944,2245,0,98,1187,17,3071,100750,26,66
271413,-23.114269256591797,22.948959350585938,12.084007263183594,-12.097403526306152,8054.94775390625,261.07025146484375,2.0191617012023926,11.566766738891602,0.0,-0.17138671875,0.025146484375,1.056396484375,0.3129771053791046,2.0839693546295166,-2.137404680252075,0.06759973615407944,2245,0,98,1187,17,3071,100750,27,69
271435,-22.900981903076172,22.86750030517578,12.976319313049316,-12.913678169250488,8054.2998046875,260.3325500488281,2.0405805110931396,11.443540573120117,0.0,-0.19970703125,0.046875,1.035400390625,-0.40458014607429504,0.6641221642494202,-2.419847249984741,0.06759973615407944,2245,0,98,1187,17,3071,100750,27,66
271454,-23.25922966003418,23.110939025878906,11.676387786865234,-11.680510520935059,8054.94921875,260.3325500488281,2.057389497756958,11.453866958618164,0.0,-0.2197265625,0.02197265625,1.02978515625,-0.5038167834281921,0.6564885377883911,-1.839694619178772,0.06759973615407944,2245,0,98,1187,16,3071,100750,26,69
271472,-22.831838607788086,22.831222534179688,12.076241493225098,-12.069929122924805,8054.97265625,260.8720703125,2.08132004737854,11.478960037231445,0.0,-0.2197265625,0.049072265625,1.0234375,0.07633587718009949,1.1145038604736328,-2.114503860473633,0.06759973615407944,2245,0,98,1187,16,3071,100750,26,66
271495,-23.175838470458984,23.171194076538086,12.733059883117676,-12.73898983001709,8054.6796875,260.7615966796875,2.134812116622925,11.562044143676758,0.0,-0.237060546875,0.04931640625,1.0224609375,0.17557251453399658,2.7633588314056396,-2.419847249984741,0.06759973615407944,2245,0,98,1188,16,3071,100750,27,69
271512,-22.628984451293945,22.62564468383789,12.350129127502441,-12.372483253479004,8054.86083984375,260.74151611328125,2.1517252922058105,11.619514465332031,0.0,-0.241455078125,0.041015625,1.011962890625,0.16030533611774445,3.4885497093200684,-2.0992367267608643,0.06759973615407944,2245,0,98,1188,16,3071,100750,27,66
271535,-23.01833152770996,23.01564598083496,12.047112464904785,-12.131767272949219,8055.24755859375,260.21990966796875,2.1707000732421875,11.726049423217773,0.0,-0.24658203125,0.036865234375,1.00732421875,0.030534351244568825,4.5190839767456055,-1.9541984796524048,0.06759973615407944,2245,0,98,1188,15,3071,100750,27,69
271552,-22.291183471679688,22.28864097595215,12.137345314025879,-12.166670799255371,8054.81640625,261.1200256347656,2.1849703788757324,11.784907341003418,0.0,-0.25341796875,0.048095703125,1.000244140625,0.12977099418640137,5.648854732513428,-1.9389313459396362,0.06759973615407944,2245,0,98,1188,15,3071,100750,27,66
271573,-23.36923599243164,23.36662483215332,13.722993850708008,-13.794005393981934,8054.95703125,260.34954833984375,2.18086314201355,11.850990295410156,0.0,-0.254150390625,0.03466796875,0.998291015625,0.6870229244232178,7.793893337249756,-2.0229008197784424,0.06759973615407944,2245,0,98,1189,15,3071,100750,27,69
271595,-22.853174209594727,22.852998733520508,14.307333946228027,-14.370197296142578,8054.62353515625,260.9813232421875,2.20392107963562,11.852752685546875,0.0,-0.246337890625,0.049072265625,1.002685546875,1.2519084215164185,10.648855209350586,-2.648854970932007,0.06346262991428375,2245,0,98,1189,15,3071,100750,26,66
271612,-22.97365951538086,22.949045181274414,14.527295112609863,-14.65620231628418,8054.8525390625,260.61456298828125,2.2031068801879883,11.82184886932373,0.0,-0.240234375,0.042236328125,1.0009765625,1.3511450290679932,12.16030502319336,-2.358778715133667,0.06346262991428375,2245,0,98,1189,15,3071,100750,26,69
271635,-22.677188873291016,22.67756462097168,14.997136116027832,-15.070812225341797,8055.15869140625,260.9044494628906,2.1598875522613525,11.575298309326172,0.0,-0.200439453125,0.0322265625,1.016845703125,0.6030534505844116,13.297709465026855,-1.8091603517532349,0.06346262991428375,2245,0,99,1189,15,3071,100749,26,66
271652,-23.04213523864746,23.017826080322266,16.37948226928711,-16.430482864379883,8054.71484375,260.11273193359375,2.1372170448303223,11.408426284790039,0.0,-0.1923828125,0.03466796875,1.03515625,0.23664122819900513,13.32824420928955,-1.694656491279602,0.06346262991428375,2245,0,99,1189,15,3071,100749,27,68
271675,-22.49420928955078,22.486188888549805,16.193187713623047,-16.198627471923828,8054.28515625,260.4283447265625,2.095690965652466,11.067261695861816,0.0,-0.189453125,0.04150390625,1.032470703125,0.7709923386573792,13.41984748840332,-2.2061069011688232,0.06346262991428375,2245,0,99,1189,14,3071,100749,27,66
271692,-22.927091598510742,22.925180435180664,17.124086380004883,-17.14786148071289,8054.8525390625,260.2906188964844,2.0682849884033203,10.89977741241455,0.0,-0.1884765625,0.026611328125,1.033935546875,1.7557251453399658,14.259541511535645,-2.6183207035064697,0.06346262991428375,2245,0,99,1189,14,3071,100749,27,68
271712,-22.49204444885254,22.492332458496094,16.896453857421875,-16.917707443237305,8054.67578125,260.0174865722656,2.05128812789917,10.680099487304688,0.0,-0.19970703125,0.02685546875,1.015625,2.4809160232543945,15.427480697631836,-3.1603052616119385,0.06346262991428375,2245,0,99,1189,15,3071,100749,27,66
271732,-22.949214935302734,22.947860717773438,18.16742515563965,-18.208553314208984,8055.09765625,259.65533447265625,2.0483827590942383,10.493621826171875,0.0,-0.199951171875,0.02490234375,1.010986328125,1.8854961395263672,16.45801544189453,-2.8320610523223877,0.06346262991428375,2245,0,99,1188,15,3071,100749,27,68
271752,-22.478219985961914,22.479812622070312,17.76088523864746,-17.787837982177734,8054.79052734375,260.279541015625,2.070809841156006,10.240791320800781,0.0,-0.180419921875,0.038330078125,1.01708984375,1.0992366075515747,17.793893814086914,-2.2366411685943604,0.06346262991428375,2245,0,99,1188,15,3071,100749,27,66
271777,-22.848665237426758,22.847745895385742,19.177276611328125,-19.19866180419922,8054.35400390625,259.74029541015625,2.0899362564086914,10.122841835021973,0.0,-0.166015625,0.05224609375,1.03076171875,0.4656488597393036,19.083969116210938,-1.465648889541626,0.06346262991428375,2245,0,99,1188,16,3071,100749,26,68
271795,-22.340778350830078,22.341129302978516,18.005041122436523,-18.022245407104492,8053.9384765625,259.8680419921875,2.074619770050049,9.811485290527344,0.0,-0.1318359375,0.034423828125,1.047119140625,-0.05343511328101158,18.67938995361328,-1.305343508720398,0.05655960366129875,2245,0,99,1188,16,3071,100749,26,68
271812,-22.458423614501953,22.458412170410156,18.821205139160156,-18.834373474121094,8053.3935546875,259.2405700683594,2.0722556114196777,9.49390697479248,0.0,-0.119384765625,0.03662109375,1.054931640625,0.09160305559635162,18.206106185913086,-1.6183205842971802,0.05655960366129875,2245,0,99,1188,16,3071,100749,27,69
271835,-21.988317489624023,21.990196228027344,17.688541412353516,-17.729066848754883,8053.3974609375,259.2685852050781,2.0563323497772217,8.821075439453125,0.0,-0.104736328125,0.044677734375,1.0654296875,1.1908396482467651,18.0,-1.9847328662872314,0.05655960366129875,2245,0,99,1187,17,3071,100749,26,67
271852,-22.577167510986328,22.572120666503906,19.444124221801758,-19.449125289916992,8053.56787109375,258.55450439453125,2.016632318496704,8.473870277404785,0.0,-0.091064453125,0.01953125,1.0703125,1.1374045610427856,17.351144790649414,-1.9160305261611938,0.05655960366129875,2245,0,99,1187,17,3071,100749,26,69
271875,-22.096519470214844,22.08546257019043,18.143144607543945,-18.14560317993164,8054.06396484375,258.0050964355469,2.008244514465332,7.834073543548584,0.0,-0.07763671875,0.036376953125,1.064697265625,-0.2442748099565506,15.114503860473633,-1.305343508720398,0.05655960366129875,2245,0,99,1187,17,3071,100749,27,66
271892,-22.513240814208984,22.507352828979492,19.591920852661133,-19.584257125854492,8054.32666015625,257.8387451171875,2.0067763328552246,7.518263816833496,0.0,-0.07666015625,0.027587890625,1.07568359375,-0.39694657921791077,13.5496187210083,-1.2061069011688232,0.05655960366129875,2245,0,99,1187,17,3071,100749,27,69
271912,-21.954774856567383,21.9531307220459,18.006855010986328,-18.00370216369629,8054.5126953125,257.16424560546875,1.9899423122406006,7.0807366371154785,0.0,-0.072021484375,0.03369140625,1.07958984375,0.3664122223854065,12.190839767456055,-1.5648854970932007,0.05655960366129875,2245,0,99,1188,17,3071,100749,26,66
271935,-22.449504852294922,22.4458065032959,19.451988220214844,-19.453929901123047,8054.5595703125,256.8173828125,1.9225525856018066,6.538904666900635,0.0,-0.07763671875,0.02880859375,1.077392578125,1.7557251453399658,11.648855209350586,-3.496183156967163,0.05655960366129875,2245,0,99,1188,18,3071,100749,26,69
271953,-21.975357055664062,21.975547790527344,17.99747657775879,-18.015661239624023,8054.0478515625,256.0010070800781,1.9018806219100952,6.333467483520508,0.0,-0.0859375,0.027099609375,1.055908203125,1.7251908779144287,11.030534744262695,-3.0229008197784424,0.05655960366129875,2245,0,99,1188,18,3071,100749,26,66
271973,-22.266096115112305,22.257762908935547,19.128061294555664,-19.1146297454834,8054.03125,256.3472900390625,1.8825408220291138,6.079323768615723,0.0,-0.013916015625,0.0234375,1.10595703125,1.3740458488464355,8.29007625579834,-0.8931297659873962,0.04702938348054886,2245,0,99,1187,18,3071,100749,26,69
271994,-21.831876754760742,21.823976516723633,17.040830612182617,-17.016693115234375,8054.2421875,256.3472900390625,1.9782025814056396,5.526682376861572,0.0,-0.02587890625,0.026123046875,1.1435546875,3.6946563720703125,4.351145267486572,-1.1755725145339966,0.04702938348054886,2245,0,99,1187,18,3071,100749,26,66
272012,-22.08147621154785,22.073596954345703,18.123586654663086,-18.083011627197266,8054.73291015625,256.0170593261719,1.992803931236267,5.382797718048096,0.0,-0.05419921875,0.040283203125,1.074951171875,3.2061069011688232,2.503816843032837,-1.732824444770813,0.04702938348054886,2245,0,99,1187,18,3071,100749,26,69
272033,-21.814416885375977,21.80584716796875,15.616673469543457,-15.593266487121582,8054.546875,256.05755615234375,1.9125255346298218,5.270926475524902,0.0,-0.072998046875,0.014892578125,1.037109375,1.0992366075515747,1.4198473691940308,0.12977099418640137,0.04702938348054886,2245,0,99,1188,16,3071,100749,26,66
272055,-21.917102813720703,21.902393341064453,16.852807998657227,-16.8085880279541,8054.1591796875,255.80322265625,1.7891919612884521,5.168269157409668,0.0,-0.0751953125,0.00146484375,1.02978515625,-0.7786259651184082,1.4809160232543945,1.5190839767456055,0.04702938348054886,2245,0,99,1188,16,3071,100749,26,69
272072,-21.601545333862305,21.595495223999023,15.538993835449219,-15.482221603393555,8054.5615234375,255.1978759765625,1.7203755378723145,5.134424209594727,0.0,-0.091796875,0.0029296875,1.030517578125,-1.0839694738388062,1.6564885377883911,0.290076345205307,0.04702938348054886,2245,0,99,1188,16,3071,100749,26,66
272095,-21.798656463623047,21.787973403930664,16.596664428710938,-16.54062843322754,8054.3359375,255.84701538085938,1.7783610820770264,5.180663108825684,0.0,-0.113037109375,0.085693359375,1.0380859375,-1.8702290058135986,1.8854961395263672,0.7938931584358215,0.04702938348054886,2245,0,99,1188,16,3071,100749,26,69
272112,-21.330224990844727,21.32239532470703,15.17298698425293,-15.121200561523438,8053.8642578125,256.069091796875,1.7683924436569214,5.242132663726807,0.0,-0.12255859375,0.033203125,1.018310546875,-0.015267175622284412,2.465648889541626,0.22900763154029846,0.04702938348054886,2245,0,99,1188,16,3071,100749,26,66
272132,-21.734481811523438,21.726593017578125,16.230745315551758,-16.188114166259766,8053.54443359375,255.3833465576172,1.8046307563781738,5.280307769775391,0.0,-0.1630859375,0.015380859375,1.029052734375,1.0,3.7404580116271973,-1.1755725145339966,0.04702938348054886,2245,0,99,1188,16,3071,100749,26,69
272153,-21.167945861816406,21.167959213256836,15.519700050354004,-15.51405143737793,8053.8203125,255.1888427734375,1.8498023748397827,5.285694599151611,0.0,-0.1689453125,0.051025390625,1.00830078125,1.3664121627807617,4.984732627868652,-1.610687017440796,0.04702938348054886,2245,0,99,1188,16,3071,100749,27,66
272172,-21.5969295501709,21.596406936645508,16.416080474853516,-16.437467575073242,8053.81787109375,255.56272888183594,1.5152463912963867,5.709664821624756,0.0,-0.26953125,-0.104248046875,0.786865234375,0.39694657921791077,6.732824325561523,-2.1984732151031494,0.04301385208964348,2245,0,99,1188,16,3071,100749,27,69
272192,-20.333181381225586,20.34800910949707,16.205524444580078,-16.259967803955078,8053.7568359375,255.46829223632812,1.8571377992630005,6.204424858093262,0.0,-0.085205078125,0.1591796875,1.087890625,-11.732824325561523,17.114503860473633,9.938931465148926,0.04301385208964348,2245,0,99,1188,15,3071,100749,27,66
272212,-20.87047004699707,20.906734466552734,18.253662109375,-18.356403350830078,8054.5556640625,253.92138671875,1.199888825416565,5.7127766609191895,0.0,-0.30517578125,-0.198974609375,0.908203125,-5.137404441833496,23.908397674560547,-4.557251930236816,0.04301385208964348,2245,0,99,1189,15,3071,100749,27,69
272235,-19.901161193847656,19.96638298034668,19.528966903686523,-19.600826263427734,8054.70556640625,256.3593444824219,3.1509408950805664,6.450707912445068,0.0,-0.258056640625,0.4794921875,0.8427734375,-0.4885496199131012,36.847328186035156,-0.9160305261611938,0.04301385208964348,2245,0,99,1188,16,3071,100749,27,66
272252,-21.16990852355957,21.216943740844727,21.568721771240234,-21.60905647277832,8055.28759765625,256.83148193359375,3.140613079071045,6.18438720703125,0.0,-0.186767578125,-0.251953125,0.90380859375,2.755725145339966,46.66412353515625,6.015267372131348,0.04301385208964348,2245,0,99,1188,16,3071,100749,27,69
272272,-20.304363250732422,20.364778518676758,21.734169006347656,-21.768251419067383,8054.41943359375,257.65740966796875,3.549358606338501,5.2464165687561035,0.0,0.234375,0.062255859375,1.11669921875,2.0,55.885498046875,5.473282337188721,0.04301385208964348,2245,0,99,1188,16,3071,100749,26,66
272292,-19.080644607543945,19.291227340698242,22.264101028442383,-22.333772659301758,8054.90087890625,256.838134765625,3.772902011871338,4.088005542755127,0.0,0.342041015625,0.174560546875,1.130859375,-41.0,28.137405395507812,6.450381755828857,0.04301385208964348,2245,0,99,1187,16,3071,100749,27,69
272315,-13.325797080993652,14.531761169433594,21.680179595947266,-21.72772789001465,8055.03515625,254.85452270507812,5.302186965942383,2.3654661178588867,0.0,0.7041015625,0.320068359375,2.023681640625,-10.5496187210083,-3.580152750015259,-5.328244209289551,0.04301385208964348,2245,0,99,1188,15,3071,100749,27,66
272332,-16.856483459472656,17.91132354736328,20.879329681396484,-20.869068145751953,8054.8447265625,255.8109130859375,5.536510944366455,2.0008251667022705,0.0,0.204345703125,0.442626953125,1.400634765625,18.190839767456055,-16.671754837036133,0.4122137427330017,0.04301385208964348,2245,0,99,1188,15,3071,100749,26,68
272353,-20.119386672973633,20.66866683959961,19.897216796875,-19.8896484375,8054.9521484375,256.7486267089844,5.640789031982422,2.3478920459747314,0.0,0.00830078125,0.02587890625,0.939697265625,18.702289581298828,-0.12977099418640137,7.137404441833496,0.04301385208964348,2245,0,99,1188,15,3071,100749,26,69
272375,-18.74936866760254,18.733102798461914,17.356857299804688,-17.35310173034668,8055.9033203125,257.0179748535156,5.216521263122559,1.3598872423171997,0.0,0.200439453125,-0.01806640625,0.984375,-5.14503812789917,-3.6946563720703125,4.427480697631836,0.02233394980430603,2245,0,99,1187,15,3071,100749,27,72
272392,-18.11919593811035,18.172056198120117,18.365795135498047,-18.587495803833008,8056.17431640625,254.89193725585938,4.935524940490723,1.3106921911239624,0.0,0.026123046875,-0.052978515625,1.119873046875,0.5114504098892212,-8.557251930236816,-1.9389313459396362,0.02233394980430603,2245,0,99,1187,15,3071,100749,27,69
272412,-18.224254608154297,18.234779357910156,17.054346084594727,-16.763900756835938,8055.3447265625,253.70150756835938,4.68186616897583,1.2440317869186401,0.0,0.0009765625,-0.034912109375,1.085205078125,7.083969593048096,-0.5343511700630188,1.694656491279602,0.02233394980430603,2245,0,99,1187,16,3071,100749,26,69
272435,-18.61065673828125,18.677234649658203,19.67051887512207,-19.52850914001465,8055.4189453125,254.87109375,4.954347133636475,1.3436405658721924,0.0,-0.072998046875,0.12060546875,1.02880859375,4.160305500030518,-0.885496199131012,-2.671755790710449,0.02233394980430603,2245,0,98,1187,16,3071,100750,26,67
272452,-17.401233673095703,17.43389892578125,18.388919830322266,-18.465635299682617,8055.2568359375,255.492919921875,4.825056552886963,1.2367210388183594,0.0,0.047119140625,0.03369140625,1.05419921875,2.9389312267303467,-7.259541988372803,1.038167953491211,0.02233394980430603,2245,0,98,1187,16,3071,100750,26,70
272472,-15.638325691223145,15.703290939331055,16.78757667541504,-16.814729690551758,8056.1162109375,256.04827880859375,4.890440464019775,1.4424359798431396,0.0,-0.07470703125,0.01806640625,1.109619140625,0.3435114622116089,-3.251908302307129,6.129770755767822,0.02233394980430603,2245,0,98,1187,16,3071,100750,27,67
272495,-16.564882278442383,16.62578773498535,18.112051010131836,-18.14573097229004,8054.9326171875,256.20367431640625,4.765797138214111,1.4738163948059082,0.0,-0.052734375,0.07958984375,1.017333984375,5.381679534912109,-0.9694656729698181,1.0687023401260376,0.02233394980430603,2245,0,98,1188,15,3071,100750,27,69
272512,-14.261051177978516,14.240671157836914,15.975000381469727,-15.923725128173828,8055.38525390625,256.0454406738281,4.4819159507751465,1.6481651067733765,0.0,-0.125732421875,-0.0322265625,0.973876953125,2.541984796524048,-1.694656491279602,2.7938930988311768,0.02233394980430603,2244,0,98,1188,15,3071,100750,27,67
272534,-14.53968620300293,14.538728713989258,17.221147537231445,-17.215328216552734,8056.33203125,256.0454406738281,4.21651029586792,1.9574015140533447,0.0,-0.08984375,0.000732421875,1.00830078125,-2.969465732574463,1.6030534505844116,4.061068534851074,0.02233394980430603,2245,0,98,1188,16,3071,100750,27,69
272553,-14.506664276123047,14.535568237304688,20.251989364624023,-20.254915237426758,8056.7587890625,254.89544677734375,4.116957187652588,1.9926608800888062,0.0,-0.0595703125,0.06689453125,0.9853515625,-2.244274854660034,2.5114502906799316,3.419847249984741,0.02233394980430603,2245,0,98,1188,16,3071,100750,26,66
272572,-14.380059242248535,14.367863655090332,19.770145416259766,-19.77129554748535,8056.40625,254.02130126953125,3.9246487617492676,2.0152225494384766,0.0,-0.08056640625,0.017578125,1.008056640625,-2.251908302307129,3.7404580116271973,2.458015203475952,0.004119685385376215,2245,0,98,1188,16,3071,100750,26,69
272595,-8.545797348022461,8.421485900878906,15.268263816833496,-15.148757934570312,8056.515625,252.61924743652344,3.674481153488159,1.98612642288208,0.0,-0.05029296875,0.02783203125,1.048095703125,-5.549618244171143,4.4122138023376465,2.8778626918792725,0.004119685385376215,2245,0,98,1188,15,3071,100750,27,66
272612,-10.697224617004395,10.597447395324707,18.53600311279297,-18.47604751586914,8056.14208984375,251.8495635986328,3.557858943939209,1.8998686075210571,0.0,-0.016845703125,-0.001220703125,1.04931640625,-4.916030406951904,5.206106662750244,2.2748091220855713,0.004119685385376215,2245,0,98,1188,15,3071,100750,26,63
272632,-10.894471168518066,10.824395179748535,19.493207931518555,-19.572052001953125,8057.17041015625,252.08050537109375,3.3318212032318115,1.7342478036880493,0.0,-0.0068359375,0.00732421875,1.076904296875,-4.816793918609619,5.687022686004639,0.11450381577014923,0.004119685385376215,2245,0,98,1188,15,3071,100750,26,66
272652,-3.827454090118408,3.910196304321289,12.212063789367676,-12.291020393371582,8056.8828125,250.8861083984375,3.4601683616638184,1.6569305658340454,0.0,-0.028564453125,0.0869140625,1.06396484375,-4.984732627868652,4.687022686004639,-0.9541984796524048,0.004119685385376215,2245,0,98,1188,15,3071,100750,26,63
272675,-8.227459907531738,8.267008781433105,17.098506927490234,-16.993396759033203,8057.10546875,251.33099365234375,3.5425360202789307,1.3338240385055542,0.0,0.16552734375,0.04638671875,1.217529296875,-2.503816843032837,2.503816843032837,0.9694656729698181,0.004119685385376215,2245,0,98,1186,16,3071,100750,26,66
272692,-6.453111171722412,6.493576526641846,13.56246280670166,-13.632216453552246,8057.85009765625,249.74920654296875,3.412581205368042,0.9509571194648743,0.0,0.152099609375,0.0361328125,1.193115234375,1.3282443284988403,-1.572519063949585,-1.1297709941864014,0.004119685385376215,2245,0,98,1186,16,3071,100750,27,63
272715,-9.653427124023438,9.70508861541748,17.428176879882812,-17.49547576904297,8057.5478515625,250.6275634765625,3.2980494499206543,1.1032938957214355,0.0,-0.017333984375,-0.007080078125,1.05615234375,-0.18320611119270325,0.6488549709320068,-2.862595319747925,0.004119685385376215,2245,0,98,1185,17,3071,100750,27,66
272732,-7.050849437713623,7.356422424316406,16.130558013916016,-16.242605209350586,8057.07421875,249.19189453125,3.2872509956359863,1.022500991821289,0.0,0.025634765625,0.040771484375,1.046875,-2.14503812789917,0.8778625726699829,-2.2061069011688232,0.004119685385376215,2245,0,98,1185,17,3071,100750,27,68
272753,-8.272940635681152,8.59804630279541,17.409639358520508,-17.558185577392578,8056.84375,249.59771728515625,3.154560089111328,1.0677114725112915,0.0,-0.023193359375,0.0703125,1.05517578125,1.6564885377883911,-0.5038167834281921,-3.221374034881592,0.004119685385376215,2245,0,99,1186,16,3070,100749,27,71
272777,-8.281631469726562,8.65882682800293,15.479294776916504,-15.776942253112793,8056.3125,249.83700561523438,3.125398874282837,1.0522654056549072,0.0,-0.015380859375,0.03076171875,1.087646484375,-1.1908396482467651,1.1908396482467651,-2.6183207035064697,-0.0008688261150382459,2245,0,99,1186,16,3070,100749,27,68
272795,-8.471858024597168,8.973880767822266,18.105676651000977,-18.39507484436035,8056.69384765625,249.5313262939453,3.1456716060638428,1.0587321519851685,0.0,-0.035400390625,0.06494140625,1.052001953125,0.5648854970932007,-0.6106870174407959,-2.358778715133667,-0.0008688261150382459,2245,0,99,1185,17,3070,100749,26,71
272812,-9.23477554321289,9.640329360961914,19.5091495513916,-19.65643882751465,8057.0341796875,249.5931396484375,3.172238349914551,1.0085548162460327,0.0,0.00830078125,0.08984375,1.053955078125,1.1679389476776123,-0.8702290058135986,-2.068702220916748,-0.0008688261150382459,2245,0,99,1185,17,3070,100749,26,68
272835,-8.702845573425293,9.086153030395508,17.088518142700195,-17.306604385375977,8056.0439453125,249.39382934570312,3.078441619873047,0.9495731592178345,0.0,-0.01953125,0.068359375,1.062744140625,-0.9694656729698181,0.2442748099565506,-2.458015203475952,-0.0008688261150382459,2245,0,99,1185,17,3070,100749,27,70
272852,-7.05347204208374,7.436758518218994,16.47941780090332,-16.720905303955078,8056.46728515625,248.75350952148438,3.1022462844848633,0.9477524757385254,0.0,-0.027099609375,0.04638671875,1.075927734375,0.7709923386573792,-0.8320610523223877,-1.9465649127960205,-0.0008688261150382459,2245,0,99,1185,17,3070,100749,27,67
272875,-7.6748809814453125,7.965015888214111,16.015169143676758,-16.177690505981445,8056.0810546875,249.00735473632812,3.1259231567382812,0.903651237487793,0.0,-0.039794921875,0.0673828125,1.05078125,-0.39694657921791077,0.3664122223854065,-2.70992374420166,-0.0008688261150382459,2245,0,99,1187,16,3070,100749,26,64
272892,-7.2946271896362305,7.585996150970459,15.651670455932617,-15.81894302368164,8056.1689453125,248.0715789794922,3.1187446117401123,0.9357380867004395,0.0,-0.029541015625,0.05224609375,1.074462890625,-0.5267175436019897,0.25190839171409607,-1.7175573110580444,-0.0008688261150382459,2245,0,99,1187,16,3070,100749,27,61
272915,-7.699974060058594,8.053646087646484,17.031997680664062,-17.29384994506836,8056.1318359375,249.37808227539062,3.13192081451416,0.9171802997589111,0.0,-0.01953125,0.05517578125,1.0400390625,0.5496183037757874,-0.35114502906799316,-2.6641221046447754,-0.0008688261150382459,2245,0,99,1187,16,3070,100749,27,64
272932,-5.239755153656006,5.706909656524658,13.150273323059082,-13.562884330749512,8055.4443359375,248.81027221679688,3.132652521133423,0.9236995577812195,0.0,-0.0185546875,0.048095703125,1.0458984375,-0.19083969295024872,0.6335877776145935,-2.1221373081207275,-0.0008688261150382459,2246,0,99,1187,16,3070,100749,26,67
272953,-5.758169651031494,6.18021821975708,14.840744972229004,-15.210494041442871,8054.96240234375,248.8194580078125,3.1180367469787598,0.9333353042602539,0.0,-0.02294921875,0.044677734375,1.05419921875,0.5572519302368164,-0.7404580116271973,-2.358778715133667,-0.0008688261150382459,2245,0,99,1187,17,3070,100749,26,70
